Customer ID,Predicted CLV (BG–NBD),Predicted CLV (Pareto–NBD),Predicted CLV (MBG–NBD),frequency,recency,T,monetary_value
17337,45928.44405276211,38514.85171003614,47924.53100691158,1.0,1.0,17.0,25043.54
15311,27951.935896764004,23274.30116480679,23966.75095854821,23.0,351.0,363.0,3130.5447826086956
14606,21001.424220177927,17003.544726098415,18001.179474700286,26.0,349.0,349.0,1983.3715384615386
14911,18357.760679222625,15083.32629325962,15676.152082015296,25.0,344.0,354.0,1849.7176000000002
17841,18109.42243951429,15343.327647678643,15515.32862390661,19.0,337.0,354.0,2426.616842105263
15039,11908.064902299293,11365.462600783,10590.21718730466,7.0,275.0,301.0,3806.162857142857
14044,11885.43422511645,9800.73169419022,12230.13249090735,1.0,1.0,15.0,6250.26
16110,11291.952971922838,9924.91997864309,12254.662249185907,1.0,1.0,23.0,6821.54
13089,11286.815142177751,9461.095282973798,9529.268372062912,19.0,304.0,324.0,1428.2494736842104
15194,10460.343498333074,10289.588346408924,9397.854752214565,6.0,261.0,290.0,3799.0166666666664
13113,10266.239903760748,10179.053134519194,9456.016146124224,5.0,264.0,271.0,4059.9479999999994
12539,9756.12142723818,10667.420702916339,8921.181882358898,3.0,88.0,141.0,4930.7266666666665
14541,9323.17477561155,13884.280893682198,11619.110305218532,1.0,29.0,76.0,9101.32
15719,9307.629666896251,11346.023973214134,9580.615382110427,2.0,144.0,157.0,6064.545
13148,8913.502295445844,9545.892886123645,8273.695983322348,4.0,210.0,246.0,4319.5525
13174,8665.788621211123,10807.56241110494,8704.889450731062,3.0,256.0,304.0,6496.88
14180,7974.374948465215,7352.522922383716,7099.277566736422,9.0,327.0,342.0,2152.0966666666664
15549,7701.4506505894005,6576.311006045845,7229.714513944806,2.0,9.0,48.0,3664.66
17811,7644.605011550812,6975.034532893531,6582.601811485093,4.0,119.0,139.0,2490.4725
14298,7218.282569065229,6540.241811158757,6116.519531747805,7.0,187.0,219.0,1900.3314285714284
14667,6916.306900617538,9069.206828570228,5890.914559786111,6.0,183.0,293.0,4087.7599999999998
17611,6714.369447372209,8555.492518469815,6403.131276723862,3.0,145.0,228.0,4849.263333333333
14462,6699.354798462555,11934.931599956059,8962.974917156034,1.0,161.0,167.0,8138.96
12744,6649.36954490176,7408.592067759261,8843.610446224351,1.0,1.0,69.0,7951.549999999999
16771,6518.777092400567,11640.917492418204,8681.77564111924,1.0,142.0,160.0,7920.84
12731,6279.652710535916,12709.558480850683,8864.749585313792,1.0,217.0,251.0,10560.85
17975,6247.8414661469105,7421.549435636544,6270.687959428427,3.0,258.0,277.0,4152.9366666666665
17511,6228.450465731402,5741.502606097112,5521.543806538103,10.0,341.0,362.0,1600.402
18125,6199.913762005707,6370.81906947346,7685.250343586232,1.0,1.0,49.0,5621.8
15808,6173.0665347784525,6000.63730452893,5677.845668586258,6.0,311.0,312.0,2258.5433333333335
13584,6135.157231934795,4505.679702178512,5746.200564758981,1.0,1.0,3.0,2576.27
17507,6055.919680769795,4863.535815009814,6097.186924077966,1.0,1.0,12.0,3013.59
15058,6024.765093633812,5524.528149254708,6776.062841363989,1.0,1.0,29.0,4016.72
12501,6000.890842953773,7554.572902425077,6134.020357448828,2.0,110.0,151.0,4174.065
14527,5881.295792383396,5501.981707827289,5174.465822504694,10.0,331.0,363.0,1549.6299999999999
14049,5656.56796152532,6192.231905883333,7407.713069587478,1.0,1.0,64.0,6327.2
14796,5633.516189669313,6704.029816915209,5181.550585054197,4.0,199.0,279.0,3433.5874999999996
12471,5628.802147348185,5114.887083486778,4981.878263914741,10.0,332.0,347.0,1385.8399999999997
16923,5494.704290098525,5892.494381315423,5081.385821586229,4.0,203.0,242.0,2656.05
13869,5462.952460771272,10324.033249518125,7430.752734217452,1.0,152.0,186.0,7567.21
12681,5450.694507607866,5339.8912407000225,4890.763696384722,6.0,258.0,286.0,1955.3083333333332
18118,5212.861868869835,6665.577871637542,4781.536732192299,4.0,213.0,319.0,3805.6875
14040,5178.920888849226,6251.711624656116,5191.407556194934,2.0,90.0,129.0,3304.4700000000003
16161,5006.9445150008105,4918.069439380873,4543.420918622146,6.0,281.0,302.0,1841.256666666667
13230,5004.683367986261,6864.30222836929,5507.517639939877,2.0,243.0,254.0,4480.005
14085,4997.4664223522195,5083.326749929854,4647.155522437996,5.0,284.0,297.0,2134.022
15601,4790.114089913576,5543.5466320436235,4626.131076585402,4.0,300.0,347.0,3008.3725000000004
12377,4761.222174414434,8979.870707590573,6446.982052460303,1.0,139.0,179.0,6545.83
17894,4706.82283127485,4780.188736363232,4279.044695147029,5.0,237.0,268.0,1932.8080000000002
13911,4575.897177020658,3433.2620425992077,4359.387983707892,1.0,1.0,5.0,1995.6599999999999
14415,4542.4083247058,6936.818595369479,4782.547454735535,2.0,112.0,216.0,4994.17
16725,4455.865175866847,4902.875729466017,4344.8041257768755,4.0,320.0,325.0,2494.4775
12682,4448.2905027545,4650.864904190912,4177.901237074021,5.0,309.0,329.0,2073.182
18245,4417.501079623881,5724.419022843895,4623.512875251436,2.0,147.0,180.0,3296.875
13093,4403.219632100698,4453.1399001377395,4080.338019156277,6.0,334.0,353.0,1814.4183333333333
12472,4301.421479345063,6598.3727987874445,4863.40671752856,2.0,292.0,354.0,5314.25
15005,4293.19138907974,4294.82616733798,3931.144887808678,5.0,251.0,269.0,1719.2800000000002
15498,4268.2352314997215,4725.409725941401,3691.71828681557,6.0,207.0,285.0,1876.2366666666667
16782,4192.631017097276,4318.824944928177,3696.5288697690066,6.0,233.0,288.0,1640.721666666667
15358,4147.058795078733,4181.701360122021,3768.547808610154,5.0,236.0,264.0,1673.3700000000001
13280,4127.6033157852935,5252.771882840753,4222.958938402485,2.0,106.0,152.0,2939.575
17180,4115.885033198704,4167.480190967134,5037.608070720063,1.0,1.0,46.0,3569.08
13983,4039.5488902280854,6363.12205679392,4346.1198423290125,2.0,169.0,278.0,4919.545
12836,4005.3339548234644,3597.749282512969,4426.97940842973,1.0,1.0,26.0,2539.49
12625,3993.507081073883,4018.822089478004,3717.3244210095922,2.0,63.0,78.0,1808.4399999999998
14587,3951.3164600913165,6728.929078285243,5122.0876261066605,1.0,106.0,130.0,4325.96
13050,3939.5551190560504,3518.8080724949564,3467.7656460750636,8.0,275.0,279.0,1004.88
15547,3909.149026135279,4614.172909414634,3811.1390291243856,3.0,195.0,237.0,2451.77
13488,3825.821179175807,4110.703280547133,3661.3661853854924,4.0,274.0,285.0,1954.37
15867,3795.122507336468,4123.6369734948885,3456.6774448912392,5.0,250.0,308.0,1841.3220000000001
12826,3770.241795881934,5411.0578470303,4110.382475093879,2.0,203.0,256.0,3683.7299999999996
17673,3766.5761202700783,4363.082450904252,5185.185156308518,1.0,1.0,82.0,5315.32
15570,3744.088387627615,5129.558604139792,3177.9604542297725,6.0,193.0,314.0,2459.9666666666667
12626,3742.738898287392,3307.801704350088,3137.2807168541813,4.0,88.0,115.0,1140.8899999999999
13081,3723.222767143919,4937.812357521335,3241.960939403207,5.0,203.0,325.0,2629.114
14646,3718.930940576808,7127.12999040794,3748.8977164830035,8.0,89.0,179.0,2604.71125
12854,3710.547380764339,4491.2019175637215,4917.437504153541,1.0,3.0,71.0,4428.15
16745,3648.014007056203,3867.4217466327623,3780.446560333312,1.0,24.0,25.0,1918.12
17314,3639.261153363577,3902.009501107868,4112.922839629125,1.0,7.0,34.0,2471.4
12841,3632.356071237556,4116.125713407748,3512.1352389917124,4.0,299.0,333.0,2160.985
12668,3587.9396669467774,6739.338406232278,4872.991058570874,1.0,153.0,184.0,4898.55
14156,3572.2241815820134,3728.7340348704633,3374.178682878867,5.0,323.0,336.0,1674.4479999999999
17315,3560.1550733553195,2969.7960418946213,2995.734456090822,7.0,183.0,188.0,782.8171428571428
12683,3559.049763878356,4381.544296364131,3227.440786077591,4.0,171.0,263.0,2267.08
12567,3554.225970921533,5126.327018801562,4025.7370122189864,2.0,310.0,320.0,3770.99
15708,3486.9085919622476,4345.04510930631,3548.122177393111,3.0,288.0,324.0,2671.13
12578,3467.508433799116,3928.409303302639,3217.5632640369113,3.0,108.0,164.0,1890.9000000000003
13798,3403.3182223083477,3798.894373909269,2995.485525737825,6.0,254.0,335.0,1619.18
15464,3403.0071469629925,4304.273799858766,5113.3551799895,1.0,1.0,160.0,11025.71
16456,3396.2585738533476,7214.008140220449,4996.104942319047,1.0,351.0,354.0,7044.139999999999
13267,3341.132328771307,4987.278021990818,2909.855571163685,5.0,149.0,279.0,2758.5559999999996
16770,3308.08233224047,4925.764979239211,3748.04621758278,2.0,301.0,338.0,3795.7799999999997
17796,3252.8760957527325,4047.0112534626605,3299.773071882981,3.0,280.0,318.0,2466.87
17890,3252.658358070999,4846.8988984470225,3452.6011412594953,2.0,137.0,227.0,3373.06
13468,3226.9315887011694,3263.516020845043,2990.3054461791676,6.0,334.0,353.0,1329.3866666666665
17580,3215.460853136758,6117.2616636207085,4396.724997233601,1.0,163.0,194.0,4536.09
14733,3207.8068720950323,3326.615697782533,2819.085935362336,6.0,228.0,286.0,1265.9116666666666
17220,3197.729779851071,4440.8914207059925,3484.2047152415853,2.0,211.0,244.0,2894.5299999999997
13102,3156.5814215449423,2852.610035947648,2778.454329508753,7.0,251.0,258.0,869.2128571428572
17799,3079.1635581854143,3874.0425380421075,2943.5928086086624,3.0,151.0,229.0,2168.3166666666666
16684,3067.4865194653635,3330.1481944356556,2935.0333436714495,3.0,179.0,193.0,1571.4966666666667
14146,3015.6434975873062,5774.259569972545,4103.398029863952,1.0,141.0,186.0,4295.37
15529,3008.6609386697137,4001.2478217123457,2911.321999135977,3.0,181.0,276.0,2477.1966666666667
14534,3003.3492748334675,2757.237479206308,3298.220105357778,2.0,3.0,72.0,2406.94
18283,2949.8938127365464,5684.553893261674,3957.9960674892473,1.0,73.0,155.0,4441.57
18055,2936.4356407158934,3282.651337943626,2838.4375444832785,4.0,297.0,323.0,1684.84
17920,2865.2577485964025,3654.847698064103,2949.5545803507935,3.0,321.0,361.0,2391.2599999999998
15159,2849.7286902122305,3935.5063116303318,3065.036461000052,2.0,182.0,225.0,2503.21
17961,2840.533332968005,2839.147434200051,2615.381506166059,6.0,316.0,334.0,1119.9683333333332
16931,2829.7742935505685,3740.6661562190966,2807.796164954355,3.0,236.0,321.0,2412.4333333333334
17238,2788.1725267998013,4342.470093065962,3090.959905334913,2.0,239.0,327.0,3450.315
14702,2775.277633873014,3334.9296271881517,2727.2062772547074,3.0,209.0,254.0,1832.89
16814,2751.3531232675546,2718.873096955845,2523.203367222479,6.0,305.0,320.0,1045.2983333333334
15296,2750.5272884383717,3381.7737595155936,4000.042140847379,1.0,1.0,113.0,5565.18
13069,2717.080176031114,2979.566440815542,2648.0936922263204,4.0,319.0,322.0,1505.8574999999998
14688,2712.3894002434376,2923.296553579235,2564.991765519963,5.0,332.0,364.0,1390.0
15687,2691.417915750604,4525.163062055235,3466.9471162828436,1.0,100.0,124.0,2870.14
12474,2677.687419421809,2910.9555019837403,2426.821493879785,5.0,240.0,300.0,1286.9879999999998
17231,2632.1200854112476,3486.724679756736,2499.9880080572225,3.0,133.0,229.0,2059.516666666667
17230,2534.7940450491064,2822.7556163008753,2449.1770748744552,3.0,190.0,209.0,1383.6233333333332
14440,2518.9512571834725,5244.667414164854,3566.0095079090465,1.0,206.0,261.0,4524.08
17604,2483.6587658403173,2292.6338861276604,2809.1402548516626,1.0,1.0,30.0,1678.69
17372,2473.831304732319,3000.746710887087,2398.084435888669,3.0,181.0,239.0,1636.5133333333333
12720,2465.9820524285924,3590.6597754405298,2762.2576299017855,2.0,271.0,305.0,2612.085
12481,2460.6210350727615,3963.6271343381604,2323.2734426648017,3.0,113.0,264.0,3088.183333333333
15079,2440.3258288686693,5025.118075994253,3463.9664139351826,1.0,223.0,264.0,4297.98
13408,2434.891533618667,2276.825130812577,2141.4810862917097,10.0,330.0,362.0,639.842
15235,2425.3644072626644,2549.1723278399986,2302.5053368939575,5.0,337.0,349.0,1168.698
15061,2408.815154387399,2458.768573955505,2053.672583246587,9.0,274.0,339.0,760.8444444444444
16395,2393.205713611409,4314.935410054409,3243.799733128792,1.0,29.0,125.0,3839.99
17404,2370.6365558188804,2507.4995466414825,2152.2523553921424,4.0,171.0,215.0,1083.1025
17884,2322.4544665497756,2881.7636366517486,2378.8205069087776,3.0,306.0,332.0,1782.0533333333333
14978,2318.0732906109024,2570.8796058471917,2122.4144268457326,3.0,65.0,126.0,1214.9366666666667
17735,2302.4201596530384,4911.208024665502,3290.5854821755543,1.0,224.0,286.0,4450.76
16779,2271.731174343642,2194.916330682812,2039.6640318359464,6.0,258.0,279.0,788.0816666666666
15640,2262.6628542985736,3168.424658241495,1955.4472854222581,5.0,203.0,339.0,1799.83
17591,2251.028081631383,2806.956213428717,2229.157214138576,3.0,224.0,282.0,1643.5366666666669
15881,2244.3248044354905,2616.698242839864,2210.3256718085404,3.0,218.0,245.0,1387.1466666666668
17787,2236.133002224861,3515.9103426174534,2473.7142571855416,2.0,235.0,330.0,2830.695
14426,2233.0353881618726,2993.330303561845,2380.725402304313,2.0,173.0,207.0,1818.8000000000002
18041,2231.9122951803756,2352.9267116052947,2111.3080019267095,5.0,328.0,346.0,1076.9060000000002
13004,2209.9534729055413,2979.4330090154976,2322.1741899188587,2.0,139.0,190.0,1799.2150000000001
17019,2209.3915361814275,3596.8008988000975,2370.5257710614706,2.0,169.0,295.0,2947.41
18077,2166.93934673216,2535.851369682941,2002.338883416788,4.0,206.0,279.0,1279.6825000000001
14713,2165.3045946048096,3283.3349284799738,2324.5774972448835,2.0,162.0,254.0,2372.83
16713,2146.29500873339,3886.4593465516546,2231.3789486605456,2.0,100.0,277.0,3978.835
13668,2124.01604213487,2868.9878383682576,2315.877899788253,2.0,225.0,237.0,1810.53
17675,2111.7566152042295,2302.642724250289,2006.8724990796986,4.0,257.0,284.0,1104.845
13694,2072.477802953549,2019.1762738724674,1901.4841968159797,7.0,349.0,360.0,738.1999999999999
13777,2062.036348421186,1916.5359787472114,1838.5893797893805,9.0,333.0,351.0,569.8433333333334
16033,2046.4746694692885,2818.9012181362177,2002.3312603140178,3.0,216.0,324.0,1899.7333333333336
14680,2025.370804693115,2193.2786359556562,1798.213257575376,6.0,262.0,332.0,911.61
17239,2024.9489071557819,3749.40150202519,2725.1105319715252,1.0,137.0,171.0,2662.4700000000003
16327,2024.9069092945701,2993.820800063947,2270.817847196628,2.0,271.0,315.0,2231.475
15351,2021.2796596088547,2514.4066023709634,2785.760322088255,1.0,3.0,323.0,20691.84
17576,1997.8293239153795,2572.9729926308314,1798.1641681708797,4.0,152.0,255.0,1372.0625
17757,1983.989080484807,2054.643393280439,1796.0848981002498,6.0,288.0,335.0,831.3783333333334
13198,1982.9122084438204,2855.706150568407,2126.553270747427,2.0,165.0,233.0,1910.35
17062,1963.1023258336409,2218.792170363131,1883.3056153945204,4.0,280.0,319.0,1142.0775
17965,1949.8994564477034,2415.547214823088,1963.6983969451856,3.0,262.0,304.0,1442.1599999999999
17690,1945.4277751645764,2703.4535673123637,1919.5635437571593,3.0,240.0,351.0,1890.9800000000002
12476,1926.3344276596742,3809.246969458499,2686.3844202937303,1.0,194.0,227.0,3017.34
12433,1924.606993260374,3933.4913543015628,1907.5863300419403,2.0,91.0,356.0,6783.995
12437,1916.7685578535086,2228.452111341493,1917.2666910728042,2.0,112.0,129.0,1122.3999999999999
17068,1911.0617335987015,2107.210749589304,1818.6075503522327,4.0,260.0,292.0,1029.6625
14502,1896.5286943973344,1400.430844881831,1692.12380743382,2.0,5.0,35.0,758.975
17097,1890.4386222938892,2531.584879671721,1811.1008913940884,3.0,158.0,257.0,1549.4366666666665
17863,1882.5829004190834,3940.5930071007383,2727.4409219400436,1.0,291.0,311.0,3605.6
17375,1869.2562500540334,3674.143257244653,2605.685819055774,1.0,198.0,226.0,2890.42
14233,1828.1513006006446,2492.4040912640667,2146.5059918782463,1.0,41.0,61.0,1391.2199999999998
15023,1817.948327575638,2871.6573499770752,1986.6563286533221,2.0,206.0,310.0,2282.14
17517,1803.53610815633,1421.9304713012093,1788.5449582408392,1.0,1.0,10.0,860.03
13963,1791.7382826453318,2119.8395814121873,1814.1281398714284,3.0,282.0,287.0,1195.5933333333332
15179,1784.2788397740455,2619.7954875051896,1917.8249428856668,2.0,167.0,243.0,1805.175
13534,1777.7171571979616,1759.902960304658,1534.4470433352574,5.0,147.0,194.0,637.676
14800,1766.4130123893729,2657.5106060938915,1678.4614823714257,3.0,176.0,321.0,1979.8
16011,1758.4542768749654,2459.300225853059,1941.3067637383542,2.0,243.0,265.0,1649.67
17722,1743.6992940089408,1866.1456227205513,1563.4939492423844,5.0,216.0,274.0,789.0419999999999
15696,1738.710858413331,1607.663042857688,1467.1387725986328,4.0,74.0,114.0,577.965
14735,1738.572432020348,2248.4371031586925,1843.1426396674387,2.0,177.0,194.0,1304.6799999999998
16241,1733.8820567074276,3026.030102840122,1829.6872932380545,2.0,157.0,322.0,2841.05
17954,1729.3557466444745,2803.928346026194,1887.3445461303154,2.0,209.0,328.0,2339.595
17340,1727.6790316387257,3083.599339009823,1645.1189413440875,3.0,95.0,268.0,2857.816666666667
12916,1726.6862055764834,2025.3625677706536,2403.909395202182,1.0,1.0,87.0,2587.0699999999997
17284,1724.2588883421067,2177.4630559810885,2581.5705241289006,1.0,1.0,149.0,5035.46
12431,1718.452842199175,1989.3720265220284,1674.7803591215718,4.0,323.0,363.0,1099.63
14189,1696.1179131976603,2542.633826827729,1877.395420282126,2.0,234.0,300.0,1887.915
12735,1680.6635658356324,3064.655728885985,2236.0102740515504,1.0,114.0,155.0,2132.37
17406,1669.8144460899696,2407.276297829058,1588.3529538630307,3.0,153.0,278.0,1633.0933333333332
15044,1661.6989404739452,2601.1885307486627,1582.5043258344303,3.0,98.0,235.0,1901.8966666666665
15218,1649.6820944740166,1862.088546762966,2219.3431615631507,1.0,1.0,73.0,2072.98
12868,1649.1901504161108,2503.5868538630734,1873.529149370777,2.0,307.0,356.0,2000.1599999999999
17389,1638.3219368866673,1428.2107683942472,1360.0969737789883,6.0,137.0,165.0,414.385
14849,1636.107555930475,1929.0548767517362,1578.0142299134332,4.0,302.0,360.0,1077.435
16497,1631.5716267884952,2987.537349933118,2157.1026816695553,1.0,73.0,138.0,2156.45
12971,1629.9559937326308,1400.8680200550111,1411.0932153789945,14.0,324.0,336.0,279.82214285714286
12540,1624.0324005299615,1859.6004680118804,1591.8887563052242,3.0,212.0,233.0,957.2333333333332
17392,1623.8064005484036,2991.2655928490835,2214.4734571559197,1.0,189.0,192.0,2144.55
16553,1609.107584809009,3745.603295906128,2169.074569905446,1.0,56.0,270.0,5824.099999999999
14769,1596.105941403988,2398.352089135106,1670.3792396953897,2.0,86.0,188.0,1693.09
15527,1584.891277267011,2984.2061004832362,2140.4648472518297,1.0,132.0,175.0,2164.0
15535,1580.6487956978112,2511.564600599151,1679.3707123382173,2.0,139.0,256.0,1941.145
16904,1573.6303174369912,3482.032487520742,2229.460314293073,1.0,183.0,284.0,3304.8
14062,1569.4324952773586,2069.295379042131,1499.096809794226,3.0,149.0,243.0,1229.5733333333333
15579,1564.0935235968154,1525.5237161224004,1853.911228794051,1.0,1.0,39.0,1215.99
12947,1551.8079169862194,1839.837089206727,1485.6095511766912,4.0,286.0,351.0,1021.1000000000001
16109,1546.8509000617905,1196.3571920016836,1510.1771334132075,1.0,1.0,8.0,709.44
16029,1545.0988656367301,1461.328122852236,1405.9788356746787,8.0,358.0,363.0,482.6875
13615,1519.9997240220061,1566.6605042986055,1433.4083920243654,2.0,41.0,75.0,756.045
13520,1512.0365366990438,3422.7678648984656,2180.470291177162,1.0,233.0,333.0,3471.07
16985,1508.9077709113278,1972.9691044783833,1606.9611716358331,2.0,182.0,201.0,1163.555
17243,1494.6978878896307,1825.1736016817215,1394.4435353707622,4.0,237.0,324.0,1005.4975
15379,1491.5488173888207,1963.8995930143583,1320.3743321569616,5.0,104.0,198.0,877.118
16700,1486.9195600643675,2145.5567131217567,1628.5851374349745,2.0,213.0,265.0,1479.54
16525,1486.2046666309284,1575.1213017725042,1421.5758637256915,4.0,275.0,277.0,732.7175
16816,1468.0967705200574,1939.1561271106686,1550.4078289130903,2.0,158.0,193.0,1146.7
15727,1463.0045729906758,3147.1552503718,2002.0478622407659,1.0,75.0,203.0,3035.48
14051,1457.5491955530965,1763.551272691917,1448.219791919176,3.0,232.0,272.0,993.91
14243,1452.5964546052587,2118.9946169765276,1586.328381496127,2.0,204.0,265.0,1477.06
18223,1410.121706022083,1733.9233081213529,1262.5073098722394,4.0,107.0,194.0,831.1075
15078,1402.0840836978914,1581.9636897851206,1254.4599101535932,5.0,222.0,298.0,716.3860000000001
13854,1396.6467454480887,1287.9889877772966,1223.0897575247861,7.0,242.0,263.0,400.1742857142857
15460,1395.4041603844723,1762.4077746179246,2100.573683014676,1.0,1.0,174.0,5123.41
12782,1394.8482607795015,1651.2299157220111,1311.5978949321006,3.0,124.0,188.0,840.43
17188,1382.956023633677,1481.9233180091824,1274.0308855108626,4.0,196.0,237.0,662.3425
16422,1377.8327629093299,1281.2698036109377,1213.4493852238197,8.0,281.0,305.0,388.48625
18075,1377.4859735005416,1612.2127771479568,1329.7645063555944,3.0,177.0,222.0,835.5033333333334
17218,1372.8420517256309,2081.9959793879557,1296.9730523834592,3.0,147.0,289.0,1520.8233333333335
15532,1372.2088300504913,1719.8000249240667,2061.9498616184637,1.0,1.0,194.0,5974.48
16686,1348.0612165067673,1699.1993338923417,2029.1222538080592,1.0,1.0,181.0,5260.06
14099,1343.6797520552489,2777.5754479750353,1832.288085366409,1.0,60.0,178.0,2586.2799999999997
16719,1339.0639232541732,2171.917534023401,1253.6877937137467,3.0,137.0,300.0,1763.6533333333334
17685,1334.4509379045605,1636.5489117703785,1379.8148799788703,3.0,336.0,340.0,1012.2433333333332
14060,1333.4569232918504,1574.4967134498297,1274.0000150789615,4.0,280.0,344.0,863.55
13155,1323.0338689668167,2112.700010730897,1430.552148341218,2.0,183.0,297.0,1684.43
15046,1319.8743382049477,1629.3983298895043,1361.5046741078365,2.0,141.0,160.0,880.275
13819,1314.8291025871108,1921.5429208572389,1586.8441219796634,1.0,68.0,80.0,1077.42
15518,1312.708845138838,2397.875435101418,1734.7921694645745,1.0,65.0,134.0,1751.23
17621,1309.2672204364178,2435.554590817891,1768.196888918962,1.0,144.0,176.0,1739.56
13564,1305.9831658356777,3094.272123129404,1797.9171570073493,1.0,114.0,287.0,3553.44
13715,1300.3858809243695,1914.2094279685107,1158.3933648670463,4.0,196.0,348.0,1298.15
14442,1293.8628907148322,1210.288258992825,1178.67013910075,2.0,29.0,57.0,562.8599999999999
14215,1292.876885883996,1435.6842813935339,1223.287351289734,4.0,248.0,288.0,701.3525
14532,1285.8244383126562,2395.6489694338884,1731.1268501964698,1.0,132.0,171.0,1711.48
14709,1275.6381348398666,1702.658830162973,1348.6011056490154,2.0,156.0,196.0,1019.465
13491,1261.7336419087906,1326.6779310690133,1190.4559338213903,5.0,321.0,340.0,600.94
15513,1251.7702918805742,1468.4459932909074,1211.5405761779086,4.0,309.0,362.0,818.46
12347,1244.6359056657257,1831.4289292337185,1370.6350875197754,2.0,223.0,282.0,1309.425
12921,1243.2571404875575,2160.601936261981,1327.967008655034,2.0,189.0,353.0,2044.7849999999999
18178,1241.5656658542243,2454.041283359835,1750.4890126026382,1.0,235.0,247.0,1982.89
12709,1233.9707671431256,1525.2841930495765,1223.1844697725794,3.0,226.0,279.0,882.17
15916,1227.2716602405762,1767.4501835414012,1166.2477368121115,3.0,148.0,272.0,1190.4433333333334
17228,1218.4510814142952,1372.9927518649201,1184.9567976798705,4.0,313.0,338.0,721.02
13999,1216.563604832301,1814.3629589027503,1294.7008893950504,2.0,143.0,232.0,1264.81
16477,1213.0228997382562,1876.5469222573754,1350.348437823855,2.0,249.0,330.0,1482.76
17091,1212.500032770918,1810.797767277466,1333.3462364920922,2.0,218.0,287.0,1320.77
15596,1210.1112798655442,1735.456245457395,1318.6380670551853,2.0,202.0,255.0,1176.96
14135,1204.6174130295337,1541.0308332738016,1012.007753771655,7.0,235.0,348.0,662.4714285714286
14723,1201.4395344204268,2930.9387262977316,1658.9623386385417,1.0,137.0,328.0,3585.3900000000003
18016,1193.2772600370636,2412.20229786505,1677.3757420639456,1.0,203.0,243.0,1980.21
15615,1184.283434479283,2533.895087906183,1620.4447020324985,1.0,79.0,202.0,2382.91
14334,1177.1704285717794,2371.3927932743977,1608.2080962810064,1.0,114.0,193.0,1902.01
18239,1170.2797935424326,1735.3585560777674,1325.5711962816713,2.0,301.0,335.0,1325.7150000000001
17213,1168.1338706039828,1302.0611849364961,1090.4736314026256,4.0,221.0,271.0,624.8675
17858,1161.731061047945,1523.6217970460973,1150.5474835872271,3.0,230.0,312.0,964.4
14543,1159.3935676828287,2432.331175569439,1628.1856155071648,1.0,176.0,248.0,2092.5699999999997
12712,1153.0524971244577,1140.4743621029222,1063.2151628597894,6.0,318.0,328.0,442.49499999999995
15827,1147.2835639236544,1307.1997301575211,1113.4187695209152,4.0,309.0,343.0,696.3100000000001
16210,1141.0526677400458,1209.7111183897755,1085.173188681773,5.0,343.0,359.0,564.198
15034,1139.4290415590265,2069.924573284806,1635.9458209246775,1.0,14.0,173.0,3342.65
16326,1137.566423500339,1413.1348411796591,1156.8525113460546,2.0,106.0,145.0,765.895
16409,1123.8710078466218,1206.7966335635695,1447.2374902092556,1.0,1.0,59.0,1168.3400000000001
16570,1119.9898564951206,1512.8689495199458,1206.9929403919523,2.0,195.0,222.0,937.4399999999999
16705,1115.8440974603996,1235.7178043572037,1070.1780791598283,3.0,177.0,200.0,595.9133333333333
13764,1105.9852984312174,1398.3392821483922,1659.5613357258646,1.0,1.0,155.0,3415.99
14299,1095.1510758512238,1057.4992891055613,929.7894266306645,8.0,220.0,270.0,312.7925
13982,1090.1022181736016,2401.819906531566,1524.4811006787004,1.0,147.0,258.0,2246.2
14307,1063.3592755740867,2432.879036961919,1547.3719685036303,1.0,262.0,361.0,2560.12
14669,1046.7298470353114,1313.8425757530022,1554.9642227758516,1.0,1.0,135.0,2661.95
16255,1039.8684101413398,2410.3480188944577,1424.2660057705266,1.0,90.0,257.0,2734.66
16503,1033.6818142006305,1663.6546638045104,1086.5144277042086,2.0,89.0,214.0,1317.145
13008,1024.3214301206226,2160.8759460697165,1417.2494579116983,1.0,129.0,223.0,1865.55
13319,1022.0071646502804,1830.156971583149,923.9508675976854,4.0,119.0,286.0,1447.7625
16558,1019.2083414641603,1314.3612872036667,995.3795818062908,3.0,197.0,277.0,788.3033333333333
14810,1018.1683813578096,1460.238441012013,1154.309194310512,2.0,316.0,319.0,1065.835
12414,1015.7250994194206,858.7694740008019,1067.1117483840133,1.0,1.0,18.0,556.53
14505,1010.0942608212125,1691.5300614016855,974.2622394142343,3.0,85.0,234.0,1369.8100000000002
16919,999.2713173939047,2411.092533354136,1345.608926336657,1.0,82.0,296.0,3417.17
14092,999.2232984914181,1338.1698572797056,1000.1148067637004,3.0,260.0,348.0,898.2033333333334
12779,974.1534520532423,1411.127651410108,1108.0090571049432,2.0,323.0,330.0,1051.775
17677,973.3114603562097,1139.4614915538261,911.1186708654907,4.0,233.0,302.0,589.9925
15864,964.9183152549134,1196.4477458109795,1114.2954888011307,1.0,19.0,46.0,698.24
17341,954.5338061309968,1112.449661721347,1379.0906683131857,1.0,1.0,273.0,7452.43
16746,945.483931693177,1486.2800795364637,993.3218171223707,2.0,83.0,200.0,1132.585
17085,939.5390144099646,1735.3397408579922,1002.1159909360721,2.0,60.0,238.0,2020.625
17338,936.8390984985131,1524.385875650277,984.9006227569582,2.0,101.0,230.0,1224.565
14409,934.5147008932805,2019.0163110614735,1335.3066159865339,1.0,217.0,290.0,1858.99
13078,929.6553632388349,919.8231720510305,803.4811574315291,7.0,228.0,279.0,305.3314285714286
14312,922.0254339117246,1629.2710050376947,1220.6558776603736,1.0,134.0,153.0,1086.97
14438,920.2050209034965,660.7500234607044,846.8085085637427,1.0,1.0,1.0,365.3
12383,918.5680899151088,1253.1852124025916,878.1419668619596,3.0,72.0,171.0,745.4766666666668
14210,912.4026547327544,2186.3666542718834,1280.2341281673985,1.0,164.0,330.0,2479.87
12708,911.4427582325369,1478.298546415462,982.341235535752,2.0,179.0,302.0,1208.15
17368,904.7962749139615,1206.7881257015283,930.5036330872942,2.0,92.0,157.0,715.215
13047,901.4624053662398,1337.535899213001,1035.6618699767446,2.0,351.0,364.0,1057.85
13842,898.704577130461,1061.7483670987053,904.3989131597676,3.0,266.0,278.0,590.2933333333333
13324,889.1067654035161,1754.6851821063474,1237.8418011570202,1.0,190.0,224.0,1379.4
12553,884.00151620676,1136.0604669038676,899.8448995790045,2.0,54.0,123.0,672.355
17035,874.7100437168576,780.127078408913,961.0128433060445,1.0,1.0,25.0,539.76
17450,871.1617272719323,1442.6385544265559,926.343620807543,2.0,151.0,287.0,1207.6599999999999
15240,869.5781493585104,1856.302054696463,1269.280562351031,1.0,307.0,334.0,1769.71
15658,865.5391519808094,1072.586049612006,894.8754504730979,3.0,334.0,347.0,673.41
17214,860.9297240848733,1623.055628020942,1183.4944495335985,1.0,191.0,203.0,1197.18
13124,858.1321918359027,1068.4312242083479,1285.8535004404412,1.0,1.0,205.0,4082.8199999999997
15356,853.6413712938895,1860.4258018591709,845.0393772514998,3.0,71.0,292.0,2828.286666666667
12853,844.8486569034724,1026.1595101573373,974.5264413182531,1.0,16.0,44.0,608.11
17293,841.2982624237021,1618.0865995843164,1173.3935884239133,1.0,223.0,227.0,1246.63
13629,840.0244438653106,1512.7147348692185,1121.9709982798092,1.0,142.0,163.0,1033.59
14472,833.6968146745303,1415.2001538230238,926.3994720718009,2.0,38.0,183.0,1485.375
15854,830.7083508655696,1127.5319349491833,900.7212785149861,2.0,208.0,231.0,707.455
12726,825.8900235760703,1581.4373434165047,1124.4940031392268,1.0,143.0,187.0,1171.57
13141,815.8509835561846,680.012902983131,710.8137703259247,2.0,20.0,41.0,303.765
18109,811.1636369644261,1003.0192636000346,715.4227626068952,5.0,217.0,322.0,501.48199999999997
14443,805.0803368716562,1178.9356117589816,915.8133939636436,2.0,319.0,336.0,891.7850000000001
18116,803.656636227294,2131.4995616808,845.538661046281,5.0,80.0,248.0,2071.8900000000003
15002,801.1352998882138,1404.9619459186931,837.6296854360137,2.0,121.0,285.0,1318.2350000000001
17912,791.9191057910325,779.4351955259777,717.8989298707796,5.0,232.0,250.0,299.866
17581,787.3436230980004,1116.298300706598,767.1631085472966,3.0,218.0,340.0,787.4733333333334
17381,777.1292339111726,958.0567322251521,803.2876591664137,3.0,334.0,343.0,596.0300000000001
13199,771.6863262685057,776.9258706806983,709.4045447914373,5.0,259.0,277.0,314.446
14850,770.6367260545645,1592.4735853980994,1105.8786607095758,1.0,262.0,287.0,1396.8
14560,760.3502215226256,818.4465927838478,726.6989001773501,3.0,180.0,190.0,380.4266666666667
14744,751.6746864932563,901.4353742563828,752.4445060341026,3.0,250.0,278.0,506.73333333333335
12652,733.0535755767328,1003.7453367843533,768.5612560039445,2.0,42.0,129.0,676.01
15694,731.7879487962427,829.7002446615772,714.4667936745816,4.0,324.0,349.0,442.93
16523,730.5522641191972,732.1690605678592,886.3154349228507,1.0,1.0,44.0,608.97
13769,730.365859990492,957.0965518716001,712.5980904140151,3.0,197.0,284.0,586.6933333333334
17402,727.4147971596267,1176.2479009584627,787.8672081419792,2.0,190.0,310.0,961.9499999999999
18179,724.550610296312,1406.1911364974942,988.2095568338266,1.0,39.0,149.0,1306.38
15189,720.4180956728068,736.3607334647772,652.9669456265194,3.0,103.0,135.0,314.7
16191,707.6418206354342,620.1486316651407,593.2321989068146,8.0,191.0,219.0,160.9325
12766,703.0003305439459,1178.1226410685956,741.1165980643331,2.0,128.0,270.0,1001.31
16222,701.5769151233015,776.3345464171185,927.4821021593364,1.0,1.0,67.0,810.5699999999999
15514,701.0776587010644,1344.7199293973156,826.1510499883964,2.0,25.0,245.0,3132.6850000000004
15555,699.4881622616215,1393.2235364018804,716.9218157068883,2.0,76.0,306.0,2094.29
17223,699.0092246855712,1439.3834177982053,1005.1386161599333,1.0,274.0,291.0,1264.31
18085,696.0775327682919,1625.171292890908,1005.143526580242,1.0,236.0,360.0,1755.75
17236,695.7727289098856,1445.9277874442164,973.925379579279,1.0,171.0,240.0,1219.6799999999998
16670,686.4314503195058,961.6829329691499,651.7769865851577,3.0,93.0,201.0,594.0533333333333
12721,685.1850305218164,1603.34571998857,935.233805257784,1.0,85.0,263.0,1917.66
13097,675.3123360032913,1487.0162850215956,925.7089035260205,1.0,55.0,213.0,1718.55
16531,668.5555904626071,1359.622213047698,924.3955226798398,1.0,146.0,215.0,1100.62
12867,667.4456692901956,826.2953917004938,997.3965552924451,1.0,1.0,213.0,3381.2400000000002
15738,665.3094556258852,835.6849607333528,682.4697484522653,3.0,310.0,343.0,526.92
14083,647.4790219386807,1562.0057645154982,904.7027335370768,1.0,157.0,331.0,1808.83
15661,647.3462368516044,1225.741468736458,868.5209912583174,1.0,103.0,163.0,896.0
18198,644.7448703345827,1132.7665241954844,850.6224902204057,1.0,129.0,149.0,747.94
14770,633.9299388107157,755.2074213339016,895.0744703303561,1.0,1.0,94.0,1028.3400000000001
15856,632.9464685155094,1132.778324209035,661.2306509276564,2.0,90.0,259.0,1129.245
17211,626.5805650414193,1109.4416906388808,656.1425660937002,2.0,142.0,314.0,1068.9099999999999
17126,626.3365382602133,756.3682148508618,923.6246248360798,1.0,1.0,241.0,3915.4399999999996
13802,624.6496077116127,1221.61797526996,869.8147762466232,1.0,199.0,224.0,949.77
13969,622.631066022615,1334.664727532483,874.2203463201857,1.0,166.0,254.0,1184.59
15581,621.3481390802763,1118.3049795867935,647.3439925544435,2.0,96.0,269.0,1126.32
13767,620.9407794042974,995.9125177160186,511.3273026041124,8.0,225.0,362.0,461.3725
16891,612.4148189149159,659.4113055489341,843.9156593545218,1.0,1.0,333.0,6929.77
12872,611.974455192548,1353.3775705457742,854.4913256853768,1.0,142.0,257.0,1272.76
12662,611.7868069666913,1308.7386647603912,900.1113147894642,1.0,344.0,356.0,1281.53
15820,610.695780244063,701.6765104872368,834.6188032705332,1.0,1.0,79.0,824.0
13680,609.4863897085665,975.0841055328667,750.5104430127536,2.0,15.0,166.0,1451.365
12417,608.7501779820219,854.928902547228,636.5894718304337,2.0,114.0,188.0,540.105
14320,607.744802963719,851.9441481280123,638.1514780908586,2.0,46.0,137.0,582.915
13506,605.6974492649355,885.4675379122848,682.7229662130388,2.0,289.0,318.0,653.5450000000001
13310,600.1872460995659,729.2713711806979,616.3398356633136,2.0,30.0,99.0,448.19
16775,599.7886490107699,1356.9955586145163,843.0087916165647,1.0,158.0,282.0,1336.8600000000001
15939,595.7958960042347,593.2602177801094,537.3145861827692,3.0,106.0,130.0,246.17333333333332
14031,591.8312495064106,739.7777058787552,550.5231555370891,4.0,239.0,336.0,420.57500000000005
17324,591.6379087028548,1342.044618406782,826.6223823929234,1.0,142.0,273.0,1332.79
15602,589.0694218966256,606.1200040638081,541.0630709169502,5.0,258.0,288.0,252.442
16618,583.0295090593337,688.6343634743251,816.8000321918043,1.0,1.0,90.0,901.0
18260,580.9250897388359,842.292188072511,607.9132530880885,2.0,105.0,192.0,556.975
13458,574.9127559306735,778.2842666366199,520.1624872546236,4.0,104.0,208.0,411.3025
12583,570.3694792534923,1363.5706128227387,815.9342315578023,1.0,213.0,364.0,1539.8
15279,567.8271171736108,1320.575005271477,774.3581421231626,1.0,78.0,256.0,1595.7600000000002
15831,560.543914107418,674.3068743619233,798.5645763836427,1.0,1.0,99.0,963.4000000000001
16918,550.0967849213426,588.2895926130033,705.873029467811,1.0,1.0,58.0,560.25
14696,549.8544252379933,883.4158484744221,609.513794027763,2.0,245.0,352.0,741.895
17428,548.8626459266131,790.5670397856824,490.4907553630457,4.0,166.0,302.0,494.72749999999996
17017,544.739790569919,1102.247119412561,478.2377165127951,4.0,135.0,348.0,1161.37
14175,540.9937418593872,731.3368678974466,571.8054421992094,2.0,35.0,122.0,502.895
12951,535.0967745448203,973.4757033986182,710.7145238058577,1.0,47.0,127.0,748.5699999999999
13659,532.1024846743246,622.6437509211793,739.1939935403955,1.0,1.0,86.0,782.56
14395,527.9980131784031,1241.478117000735,750.9609065280894,1.0,193.0,335.0,1338.8899999999999
15384,522.4822902854462,1290.5202859211356,714.0666037559841,1.0,126.0,335.0,1685.77
13815,521.9014437832111,585.3535592287775,698.1812632479615,1.0,1.0,71.0,634.0
13576,516.2323034074009,642.3185337090196,533.4576108796197,3.0,332.0,349.0,404.49666666666667
16843,510.8881347542797,630.4860577430817,745.6864196488722,1.0,1.0,116.0,1061.99
12747,507.8648596481575,789.9109201906281,556.6707987426056,2.0,211.0,305.0,610.8
12793,507.3221664290652,1191.2852716713553,718.6609978119152,1.0,182.0,326.0,1277.98
14779,507.31345474885643,714.3109850089212,701.5794111734216,1.0,6.0,95.0,771.79
12839,503.9591035688088,927.8727613542796,522.5920871620154,2.0,96.0,281.0,995.675
14625,498.0924230647588,1236.2587654636366,671.696243611458,1.0,109.0,335.0,1751.42
17377,496.0817650478657,833.5215682017763,432.4136796732278,4.0,174.0,359.0,671.8149999999999
14309,492.78468174454946,639.0205388701081,523.6216988041674,2.0,181.0,197.0,370.16499999999996
17001,485.7227086362998,981.616879974061,666.4381128036428,1.0,126.0,201.0,784.64
13269,480.8098251164254,1181.4286151996464,644.9268477457957,1.0,93.0,320.0,1726.8999999999999
13126,480.32057844575627,794.9875676247846,509.0254264951811,2.0,141.0,277.0,660.47
16059,479.49725022099835,1078.2561962834084,676.8101275676705,1.0,170.0,286.0,1048.23
17358,478.899857421092,603.4304411860046,720.8021738891093,1.0,1.0,182.0,1880.08
16839,462.9998342825873,521.0751801525482,445.6033273245378,4.0,287.0,321.0,266.61
15983,461.0770354746211,851.5062800841073,418.46600534421435,3.0,141.0,360.0,929.4033333333333
17419,460.9792401792576,1019.9489570851999,652.4199234476927,1.0,180.0,282.0,961.87
16124,456.5785416777233,596.9742423513735,563.6047282724054,1.0,12.0,59.0,413.78999999999996
18061,455.8345315115683,990.9925299981484,644.1264603537741,1.0,180.0,271.0,904.0
14466,455.66401542889594,965.6076178888623,667.5684070074117,1.0,332.0,342.0,921.01
17059,453.3865687920245,499.15111785292913,633.195622735925,1.0,1.0,317.0,4667.62
17530,449.45408847210365,535.3938135694784,657.6684237316556,1.0,1.0,254.0,3079.41
17888,448.80351739709386,877.7045779779904,611.2348934856257,1.0,126.0,187.0,666.2
12775,446.5272503617894,449.8358368530555,470.83525404953065,1.0,10.0,23.0,242.6
14404,446.04172894276616,1011.5964499052786,633.7833817507826,1.0,188.0,304.0,1004.67
16928,445.9246059078017,1008.2659050149517,648.6855616106212,1.0,263.0,352.0,1033.0
17412,440.86180857064295,1079.4822389752196,610.3696799213374,1.0,145.0,337.0,1320.75
12422,437.67411836656265,530.208866373403,627.604434839,1.0,1.0,103.0,786.12
18229,431.5773458240051,706.9937719718985,473.79748905345474,2.0,227.0,350.0,606.55
18004,431.56827379402074,523.7416567234293,638.1565586661122,1.0,1.0,236.0,2599.24
12348,424.6652010315264,848.0537869400182,579.9493951179887,1.0,119.0,192.0,665.09
14898,424.1593242829871,586.6820670102011,414.744424821947,3.0,216.0,326.0,396.01666666666665
15373,412.97588394733407,530.0706175030003,415.97543028460296,3.0,265.0,327.0,332.9966666666666
13098,409.1365676335453,459.0783630466575,526.2252459828558,1.0,2.0,60.0,420.99
17069,400.1361645582182,702.1692043867841,424.862727459465,2.0,180.0,350.0,673.1650000000001
15485,394.0959409890777,936.072814652546,563.529296146758,1.0,210.0,356.0,1037.25
14449,393.6827918336386,419.1183218344238,538.8013931486346,1.0,1.0,341.0,4661.0
17364,392.72162039873865,718.7418842278076,528.4579590751347,1.0,36.0,128.0,602.0
13418,390.6246083546794,729.3795891119565,401.8871526489107,2.0,141.0,347.0,811.46
14907,387.1298167707671,766.6268420095404,403.8235717225159,2.0,65.0,286.0,1157.0649999999998
16019,380.4341310827869,534.4603404441677,414.31840279007116,2.0,206.0,247.0,349.975
14639,379.4074836245267,719.1684232367448,428.87032581808126,2.0,35.0,229.0,1150.2050000000002
13117,376.9798411700831,582.4792027434761,422.4963063861349,2.0,267.0,342.0,462.95000000000005
16145,374.26475897137544,601.2070158910161,363.6658345422163,3.0,77.0,212.0,450.01
14401,374.03278236837804,733.6935029165679,517.1436987230254,1.0,172.0,212.0,563.1700000000001
16350,371.0968929195065,842.0891630613507,513.7674445165251,1.0,117.0,257.0,847.55
12997,370.9887531462541,494.78026179053313,448.9208141827527,1.0,18.0,58.0,312.39
15093,367.09369226017145,635.4624914876327,390.36588613159637,2.0,174.0,335.0,588.175
16938,364.2381381960723,289.8591264817146,363.9776259652103,1.0,1.0,11.0,171.14999999999998
17346,356.1382860933233,666.7540833063904,366.1650839750063,2.0,145.0,354.0,748.5400000000001
13756,355.7152055681662,677.0183053768121,367.7267538670289,2.0,85.0,286.0,818.2249999999999
17457,353.05387544968374,631.4562785323736,472.2070150889143,1.0,155.0,166.0,425.01
17917,347.66130232386445,420.6769753319528,513.2483336813503,1.0,1.0,239.0,2138.85
18095,344.2099849651567,598.5512758871834,449.3267038001279,1.0,103.0,135.0,387.96
15465,342.53512834298056,454.67112580730947,339.86913528234555,3.0,237.0,324.0,293.2166666666667
16983,340.49448070071827,752.2630687048741,490.5691246618009,1.0,236.0,317.0,724.0
16550,340.1522207987902,386.6501123554516,484.2348813899157,1.0,1.0,293.0,3018.8199999999997
12600,337.17944728776195,414.2131684860353,346.3275841509001,3.0,315.0,330.0,251.53333333333333
16402,336.85874363140886,373.90038119057795,472.76676957088245,1.0,1.0,311.0,3342.84
17449,335.637721279606,416.4410095348645,502.105058713828,1.0,1.0,210.0,1657.1399999999999
17259,334.37591338023356,378.60915862351334,474.9096023352888,1.0,1.0,296.0,3024.2
16244,332.2862587055269,351.23671608752113,452.8138187297799,1.0,1.0,346.0,4045.71
17988,330.28693439401223,405.5544088152627,479.72002558082454,1.0,1.0,112.0,654.62
12559,328.9974332128732,486.08820064371196,399.2903608113365,1.0,60.0,80.0,273.18
12647,325.7389620680651,578.0815237957304,302.6937000129331,3.0,121.0,309.0,549.45
15574,325.114464729358,600.344979678726,335.9162418178167,2.0,140.0,338.0,644.9250000000001
16353,323.43281438533495,318.3082669897898,297.05177295259693,6.0,308.0,319.0,120.8
13370,321.58765665807874,664.7283061173043,325.64653519489775,2.0,67.0,334.0,1350.3400000000001
12585,321.2296514088123,549.6778081745268,466.52150234419094,1.0,10.0,170.0,970.17
17158,319.604287206489,394.44246786960485,476.85554688681646,1.0,1.0,217.0,1666.43
12621,316.5335169551758,590.8622932347931,331.06337605182284,2.0,76.0,263.0,677.59
15271,313.53638381490646,723.0256193685077,431.1183951211906,1.0,100.0,258.0,779.86
17790,311.4844710055425,587.4451893872157,330.42516546346667,2.0,62.0,251.0,726.4350000000001
17094,310.76627297993326,486.5276986137012,402.81740248952485,1.0,23.0,88.0,357.0
17744,309.94930556960605,392.58074376580265,278.51786488179874,4.0,104.0,196.0,192.0975
12427,309.05235207231095,743.6842073099632,433.1467300650154,1.0,163.0,333.0,849.0
15298,305.7574003365498,413.15521398418895,293.8049220896423,3.0,167.0,269.0,256.18
12725,304.08996840093766,330.65044088745213,421.5240648378205,1.0,1.0,326.0,3299.84
16893,298.96202664281265,346.7358888550951,430.7035094789189,1.0,1.0,277.0,2391.7
16717,297.5236709740929,600.7057147619731,423.06702648889393,1.0,247.0,265.0,499.04
15415,296.63230818948625,286.0016430888818,348.1531504231452,1.0,1.0,37.0,217.69
13593,295.68102247425844,373.1830597560176,442.30494078615806,1.0,1.0,147.0,841.0699999999999
14496,295.60959449535414,637.5031736931204,433.9485686280825,1.0,325.0,352.0,621.27
15291,291.1733247632048,334.3968134417663,267.20043059882204,5.0,286.0,364.0,165.296
17288,288.8245574002495,606.767497190335,394.68899750898845,1.0,85.0,196.0,535.35
15090,288.1410033319108,218.43644307761244,276.79468654497515,1.0,1.0,6.0,121.3
15502,287.45265216749914,518.1100272335624,388.21849615481386,1.0,15.0,305.0,2108.08
14729,284.5082497527616,295.57032476697384,383.6660890579107,1.0,1.0,358.0,3701.57
17897,284.14919488791173,589.5432010694423,281.0713971986914,2.0,79.0,359.0,1193.7
17569,283.16608540868725,354.9713879260194,420.0467760192383,1.0,1.0,133.0,700.4300000000001
14825,282.9577584511333,533.8890015796002,291.2440936661791,2.0,98.0,298.0,616.7950000000001
13939,281.9837381732679,279.08776672708143,304.3692266696294,1.0,6.0,25.0,161.04
14867,280.97141779524526,654.5578124208034,393.9649011436261,1.0,154.0,300.0,686.33
12691,278.3731987731387,329.97527124247944,261.44040213295375,3.0,121.0,186.0,166.02
18092,278.2377858070062,402.01986573864605,263.9494953324233,3.0,140.0,264.0,268.09
14217,276.0566100752387,296.21979644192163,261.1650189062131,4.0,248.0,270.0,136.42000000000002
17191,273.9480357133627,312.1983012771687,390.5856790898927,1.0,1.0,291.0,2399.15
16710,271.69723317725663,653.6146443064868,365.7209291577638,1.0,79.0,293.0,928.16
14961,265.05510848866606,590.0628515079255,362.89229712202956,1.0,69.0,221.0,636.0
13859,261.90848703163584,320.2584371352275,378.8895726836314,1.0,1.0,109.0,500.54
14985,261.0931051539089,327.73072594190666,392.55073830775444,1.0,1.0,191.0,1102.95
17082,260.8455538578536,287.62407087568647,343.7719104838647,1.0,1.0,66.0,292.79
15281,257.8392569031429,482.99418500457267,345.0111545620278,1.0,50.0,137.0,381.03
16143,257.35354682522154,461.2970341260924,267.98501473636736,2.0,128.0,305.0,454.64
15100,252.23983831476605,326.9229535138673,221.98937657373844,5.0,241.0,364.0,178.002
14229,250.2718552580769,308.89401971091525,253.22767136443767,2.0,98.0,139.0,163.55
12944,248.1784242231797,313.0277269904083,373.59512888803636,1.0,1.0,179.0,945.89
16134,247.05557823516057,448.4007282236083,281.19355237288994,2.0,33.0,206.0,615.145
17198,246.72019091024453,506.4786749328089,250.59332553951202,2.0,69.0,327.0,952.71
13448,244.5541764708708,468.1294021915546,248.66415597914582,2.0,138.0,362.0,564.81
13090,241.01334972913486,298.601255077298,226.2412231841408,4.0,257.0,349.0,169.9375
16233,235.8445713131859,338.5509696858714,224.23091078399483,3.0,149.0,272.0,225.17999999999998
14594,233.49973871412374,243.6362678043728,315.70978198690864,1.0,1.0,355.0,2986.91
16539,231.93679496909255,571.2546418917925,322.496314061896,1.0,158.0,352.0,701.6700000000001
17194,229.04621721627265,281.7578313878673,341.16683126042057,1.0,1.0,221.0,1229.55
13396,227.93280576467203,338.6885887874556,279.08493478347293,1.0,43.0,77.0,198.0
13295,227.01106988894767,560.7125758469142,310.2517093967971,1.0,126.0,335.0,728.34
15894,225.1037983423764,250.53146181130626,316.435269260273,1.0,1.0,309.0,2204.38
15823,223.84201087471115,533.4212350976964,316.74633184714617,1.0,183.0,339.0,589.59
16997,223.7338486354408,355.24917027216236,281.2611475743792,1.0,95.0,107.0,205.67
14113,223.0004779072805,241.1502076202235,210.20143364001544,3.0,152.0,178.0,109.63333333333333
17990,220.0083874198665,495.7255358068413,300.7517334790248,1.0,58.0,230.0,606.1800000000001
14901,216.29812321283453,462.6542887887189,191.60977307337592,4.0,126.0,347.0,536.63
12393,210.85336901500364,364.6130713129989,298.3118624270611,1.0,14.0,136.0,437.94
15167,210.3271206475374,245.5122257733636,291.54068345326385,1.0,1.0,85.0,301.15
13838,207.66954801647856,226.43666443136806,288.35024923738223,1.0,1.0,324.0,2224.85
15769,206.3846561009944,349.1075105996099,221.00295076298787,2.0,179.0,326.0,306.815
12395,206.38163067141738,359.41214952491373,218.17468245844952,2.0,161.0,325.0,333.25
14618,204.0831368361382,473.0507172207507,281.552279950101,1.0,111.0,268.0,504.64
16795,200.13238574014233,237.34542950454443,292.1000472710696,1.0,1.0,258.0,1405.82
14419,199.76896701400491,238.74294415913616,292.85934585549415,1.0,1.0,251.0,1336.18
13784,196.27162422052038,231.69660733337741,196.9974642856488,2.0,109.0,132.0,115.44
16955,194.93356603801953,291.31886548842925,187.0989093261639,3.0,208.0,355.0,220.24
14341,194.8348416785271,254.58071848230387,249.30740975357062,1.0,8.0,66.0,198.0
15716,190.3088087537679,209.23157967099056,265.5646344604217,1.0,1.0,318.0,1966.78
12370,188.89241172519706,398.8324939257079,262.1603974840076,1.0,30.0,219.0,635.3
18219,187.88702870690082,455.3410831373357,252.46046373898986,1.0,83.0,302.0,652.73
13599,187.8068844885586,254.53215417592548,168.7725360039005,4.0,161.0,279.0,144.665
16701,186.73767107571962,305.39513288041707,196.28081002094945,2.0,100.0,231.0,244.885
13369,185.2945978767867,433.28049777343847,253.131764460606,1.0,87.0,263.0,506.99
12829,185.10421121832297,273.11402570037956,195.32997543901615,2.0,124.0,213.0,183.135
16722,184.75567874951918,364.4771070595949,190.85828226863623,2.0,73.0,294.0,523.04
18168,184.24639177381945,347.5905318978896,188.6287254368983,2.0,126.0,335.0,396.985
17865,183.98985263094428,420.8129358404214,250.61414098294404,1.0,58.0,244.0,553.0
15107,183.28542987207345,184.62964027267955,168.85943958628218,6.0,319.0,341.0,72.74499999999999
13742,181.69550162197424,210.4703128841154,250.12764587663162,1.0,1.0,82.0,249.5
14032,181.42704456700216,342.7904948156559,166.89719392340376,4.0,107.0,277.0,285.85749999999996
13862,179.2471419961413,307.5675425916778,252.81003851098546,1.0,14.0,132.0,357.0
14525,178.4583694575527,384.31311580065886,246.2476395852417,1.0,113.0,224.0,341.53999999999996
15021,176.41489801321396,307.45016183346473,225.62757285605264,2.0,11.0,287.0,1762.845
13426,172.63772566187177,376.8922402708057,236.67529003576328,1.0,56.0,207.0,413.08000000000004
14133,164.21727304662593,202.0385693224577,184.01677405118215,1.0,31.0,44.0,100.91
13758,162.5791448890519,274.7764013945174,176.6104673387517,2.0,215.0,360.0,246.275
15838,161.64125137647494,237.96370364039794,183.9681837086601,2.0,319.0,340.0,178.72
13225,160.0367686297401,361.76565354399975,219.0430885863456,1.0,75.0,233.0,394.82
14487,156.72700401501857,177.92107600090966,222.942128018619,1.0,1.0,294.0,1395.8600000000001
12637,154.31870098297648,251.25579929689928,197.51160278784218,1.0,40.0,96.0,164.55
13021,151.33305820450465,349.3107107865258,205.15317989521182,1.0,56.0,257.0,500.24
16016,149.36282777820253,232.60573714516084,201.29892411074252,2.0,6.0,275.0,1575.45
16065,146.67768914142542,173.3630299771924,213.662131207438,1.0,1.0,261.0,1049.96
18097,144.34687941597443,226.35273002518505,212.68225354192617,1.0,6.0,174.0,477.95
16112,144.05155374796456,282.56089818712474,200.93004562709157,1.0,27.0,164.0,325.75
14739,140.68308961210118,245.28524007539764,147.2501215819303,2.0,121.0,282.0,224.035
14741,139.37812861469126,348.5675259514848,188.05513947047945,1.0,117.0,348.0,493.41999999999996
14057,137.69456649534808,214.7414870953904,201.02536463951722,1.0,6.0,220.0,663.47
12524,137.54766600322904,173.12110803378008,204.9975356419886,1.0,1.0,140.0,361.38
14176,137.30226660930944,218.2406144461634,147.88782500321543,2.0,173.0,286.0,168.285
15312,135.45926945513017,170.9067484582653,203.9187393418078,1.0,1.0,178.0,508.5
18119,129.20832859120412,148.18911773304282,184.91861166738443,1.0,1.0,286.0,1092.03
15811,125.42628826960046,291.7418625217961,170.5992190538114,1.0,70.0,256.0,366.96000000000004
15213,124.77254666279278,222.21831748453727,164.06291292536838,1.0,52.0,122.0,155.98
16607,120.67568781153525,209.9184929918775,150.33082758874292,2.0,16.0,202.0,428.05
16122,117.7084803042456,268.86630147427144,164.37968580746139,1.0,141.0,277.0,265.6
12748,112.82039414008639,2013.71870673441,180.46961397161266,33.0,250.0,357.0,2259.3727272727274
16455,112.23902913140927,276.84331557809213,151.10866063902716,1.0,101.0,325.0,388.06
16718,112.01740647157395,123.99867268782185,156.95606813237225,1.0,1.0,313.0,1120.33
17287,110.60498809112651,262.6097076083717,142.67448904061652,1.0,59.0,344.0,576.49
17848,110.31622806447926,142.14004972860806,116.80193084156049,2.0,176.0,192.0,78.65
15996,109.36013032128491,128.36360818884788,158.66166780810352,1.0,1.0,267.0,813.77
16306,107.79334321648751,250.54675144603488,149.7511431554564,1.0,130.0,282.0,259.88
12980,107.77294625398834,175.91649409511513,113.94353184212966,2.0,70.0,200.0,143.1
17827,107.5425564263749,224.6893850259876,191.68358130941365,3.0,3.0,252.0,2278.2266666666665
15012,106.67623208909018,110.98495968490138,143.9818186329833,1.0,1.0,357.0,1375.77
17048,104.90220779234402,192.01769647854258,140.31926340978205,1.0,41.0,128.0,149.0
16735,104.80086123896378,132.13318397819117,156.54065752807472,1.0,1.0,144.0,284.83
16817,104.53636289762564,203.01976264081992,107.90710471044173,2.0,79.0,291.0,265.75
17809,103.18373507789173,215.6867351793035,130.4151467203908,1.0,33.0,363.0,794.04
16385,101.32713846849822,118.23227774160875,146.49851526237728,1.0,1.0,272.0,779.37
17306,98.98733064725522,132.40450575702712,102.70415797426072,2.0,114.0,172.0,75.285
13725,98.68603420960503,77.06915712058252,97.10937920507659,1.0,1.0,9.0,39.33
17491,96.4668457722,214.86239894892537,136.4922528468779,1.0,178.0,285.0,199.43
13455,95.66207874781378,213.78802982046284,134.11931778669654,1.0,152.0,270.0,199.13
14896,95.48133729027634,112.72376033539969,138.99356451320867,1.0,1.0,262.0,685.6700000000001
16858,93.27211809289663,202.9537903786917,123.54928100870326,1.0,34.0,302.0,506.0
12877,92.01431295096721,196.0668364656961,125.82950545796436,1.0,77.0,199.0,176.98
16638,91.77137965790801,148.12979833761776,99.08567032570211,2.0,182.0,302.0,116.955
14766,91.26658582548663,185.4224976563051,91.01612699458845,2.0,90.0,347.0,303.03499999999997
16442,90.39003238575577,111.00413729088851,134.51786363666244,1.0,1.0,223.0,488.31
16042,90.27481501874611,149.9321983877724,98.16731162181961,2.0,209.0,343.0,127.5
16235,89.18934648455428,153.03869182027233,125.79258931791051,1.0,14.0,132.0,173.99
12967,88.85723576245164,162.20457150010174,92.22919925539179,2.0,143.0,334.0,166.1
16133,86.71815877436946,120.57326177436683,107.04703947459167,1.0,19.0,65.0,73.56
13233,86.63402621590318,109.37471180697702,129.6529620761772,1.0,1.0,148.0,243.7
15392,86.63045686135249,156.72931313910388,105.26677655990292,2.0,20.0,213.0,311.46500000000003
13162,84.48813435941784,150.06945672130428,119.95796917260122,1.0,15.0,146.0,185.98
15953,83.88118189834927,193.0704299745061,118.58480001048572,1.0,174.0,305.0,191.48
16520,83.62835582918524,98.95526713502173,121.89966547110669,1.0,1.0,260.0,591.4
13284,81.38320979189632,148.94398095766869,109.51168134298922,1.0,36.0,128.0,119.0
17838,78.95531805384225,160.70722709866394,79.20122136841691,2.0,83.0,338.0,268.68499999999995
16393,78.59930861144872,177.44813660474307,77.22766622080931,3.0,72.0,311.0,309.82
17857,78.33730578733214,183.39011984638375,106.26828810377819,1.0,69.0,263.0,238.0
15038,76.62154854543576,83.66170463516885,106.47826564207857,1.0,1.0,323.0,811.46
13209,74.98869311576271,116.73023374205934,79.25928594660441,2.0,123.0,233.0,83.25500000000001
12557,73.28371237918705,121.89016929222012,79.25200092068548,2.0,196.0,332.0,102.32
17951,72.0627078092866,127.57032409170401,76.3683545055254,2.0,182.0,358.0,122.045
16150,71.2553130585824,168.95474842193545,100.84882281212064,1.0,182.0,334.0,179.4
17460,69.93915864827645,107.49093590331516,78.86244909537417,2.0,284.0,350.0,82.775
17025,69.44724191846933,72.77700903472537,94.1447153962696,1.0,1.0,352.0,868.6300000000001
16168,67.70661168960496,149.23918464512766,97.77901116889167,1.0,245.0,321.0,137.96
15898,67.22434723735738,125.32488813717553,90.71695765467261,1.0,17.0,301.0,460.18
16510,64.70826740932588,68.79090990540836,88.48468418501993,1.0,1.0,342.0,764.41
12494,64.70728562931666,111.26014653893931,61.463909515450105,3.0,99.0,263.0,93.79
13672,64.4561001802044,96.04986251219059,94.28085430787104,1.0,5.0,139.0,152.57999999999998
13649,63.38867786108652,74.22878621904864,91.83905118821762,1.0,1.0,269.0,475.08000000000004
16013,62.57712997255414,93.49974489720009,55.60742210595994,4.0,179.0,330.0,61.35
13495,62.25869756879248,120.31231388452866,64.31447696193499,2.0,80.0,289.0,152.45499999999998
15882,61.07106262071843,69.32965536019515,86.8727935341417,1.0,1.0,294.0,539.49
12753,60.90552840857889,138.06957784882178,83.56961603447431,1.0,88.0,240.0,140.16
13473,57.646260125701815,97.7479434939205,82.1064943330869,1.0,12.0,137.0,119.0
16499,57.33802070131196,185.87157635107255,72.51845526881307,4.0,44.0,257.0,418.1625
14829,57.07242369241827,102.50695273146502,52.404859112589165,3.0,135.0,337.0,100.74000000000001
14952,56.23592857785273,120.90464347547676,75.86902561092042,1.0,31.0,277.0,269.59
15973,56.19586620386115,131.70862423411756,77.44732088150332,1.0,112.0,277.0,139.75
13094,52.29870828066515,89.44276748588668,55.292961432696266,2.0,149.0,302.0,76.49
17812,52.00348953058013,59.41628679451597,74.25764149650627,1.0,1.0,289.0,443.77
17696,51.980355693503164,118.85529924537775,71.5276883867065,1.0,100.0,252.0,119.0
13115,51.51013394481934,118.89622821117207,71.2222397132137,1.0,116.0,268.0,119.0
16898,49.79441627469565,112.61635890982625,65.95743104760726,1.0,42.0,299.0,238.0
16748,49.76687724934742,85.63290939676581,65.1956378448058,1.0,131.0,143.0,48.480000000000004
16656,49.13805298390426,60.01564417400453,47.88467634383534,3.0,191.0,249.0,30.91
12665,48.98994538036259,89.68039304228333,66.90436038077083,1.0,28.0,131.0,76.8
13065,48.48859043304317,50.960196697814844,65.84727802760376,1.0,1.0,350.0,597.54
16546,48.413549829313986,73.67493896693583,64.19936093893577,1.0,9.0,345.0,491.73
17739,46.93074607670435,102.83759697308649,64.29700856845132,1.0,77.0,214.0,96.23
18065,46.5041182019669,88.74123785143595,50.01340360781579,2.0,53.0,247.0,117.055
16875,46.3402371142638,92.80741605651691,64.25796672320986,1.0,32.0,168.0,97.66
17691,45.85106146252229,110.67803470472427,62.64510679444941,1.0,108.0,301.0,130.9
15290,45.236926598119396,71.34438238702626,47.52581356803878,2.0,85.0,203.0,51.135000000000005
13107,44.53255100972094,81.28392139442386,62.04071379971407,1.0,21.0,139.0,81.39
14045,43.60546752798384,104.75757502627684,62.112824758928504,1.0,203.0,361.0,112.74
17905,41.41015638908066,100.31220684829,58.51914826734196,1.0,186.0,356.0,109.99000000000001
16863,40.91344210270861,95.6718821221278,54.90766800841741,1.0,56.0,279.0,149.0
15426,40.65316055389624,77.65642626343903,48.37501625238619,2.0,19.0,310.0,388.51
15171,40.28396127437499,73.13799036385427,54.859976808674446,1.0,28.0,128.0,59.98
14388,37.46514687843618,92.43035456209189,49.014566801822646,1.0,81.0,347.0,159.99
14748,36.95949738574276,84.88209355590504,52.21418680795686,1.0,172.0,302.0,79.67
13001,36.41587737502714,62.67502384591416,47.44423893228777,1.0,46.0,111.0,37.650000000000006
17937,35.79009276312136,58.146862904296405,47.762164359391825,2.0,8.0,235.0,231.175
14224,33.67941542883032,39.11504497601683,46.47248103363171,1.0,1.0,83.0,40.93
15984,33.42505476524412,78.7478675116805,46.38228353298307,1.0,131.0,293.0,79.78999999999999
14491,31.844273470240683,33.708621172285376,43.43248384241609,1.0,1.0,345.0,378.98
14329,31.126095679295812,38.626205771903926,45.68271013711033,1.0,1.0,121.0,61.459999999999994
15332,30.90216082060896,71.73543368363873,40.415082282954955,1.0,50.0,319.0,149.0
15224,28.999052452466668,63.64643869625119,31.61457434764593,3.0,47.0,241.0,92.69666666666666
17659,25.73581728669777,63.03610142605844,35.59351194739251,1.0,143.0,336.0,70.55
13700,25.683763458779797,31.733560849525738,37.531159910794194,1.0,1.0,117.0,47.08
14047,25.63115584768346,43.7305511370053,27.57714665253881,2.0,196.0,348.0,36.394999999999996
15497,24.586466494309953,36.973277334103415,30.22046230060867,1.0,46.0,80.0,15.2
14708,24.096555289669368,58.175359538050955,32.32494620091568,1.0,78.0,299.0,79.0
13138,24.064194463521535,25.65545058357914,32.963020868555006,1.0,1.0,340.0,276.48
16996,23.632694002354683,42.48711972212971,27.203671824337388,2.0,30.0,201.0,56.09
13246,23.498735481669197,40.362265613054035,32.74992109009737,1.0,16.0,125.0,36.239999999999995
17519,23.23292199233329,55.29535539758366,31.12572188868716,1.0,66.0,289.0,79.0
13984,23.211994755560436,51.03183560241193,32.64158189447435,1.0,163.0,267.0,40.46
16218,21.68211632984356,22.394404895595034,29.136044759752995,1.0,1.0,362.0,281.62
15221,21.358871781054766,49.105601499042166,27.954651079525696,1.0,47.0,317.0,102.94999999999999
12386,21.159083889053914,49.283064086021355,29.30901349958281,1.0,123.0,279.0,45.94
16365,20.830345092479835,49.50997021741517,28.137960642319612,1.0,74.0,279.0,61.59
14290,20.68489465001765,41.823489149050516,28.913815110770088,1.0,184.0,233.0,26.910000000000004
18225,19.60942021726237,48.07874577239035,25.80110368110319,1.0,78.0,334.0,76.73
17730,19.573288904260806,33.68138311581714,25.60337283137257,1.0,41.0,110.0,17.5
12441,19.345360569636576,22.409275345576525,27.85003170044773,1.0,1.0,278.0,149.0
12963,18.86455812423003,22.19434851442612,27.40628443135643,1.0,1.0,265.0,132.47
13890,17.615654737776886,34.864766102212464,24.18890194126272,1.0,143.0,201.0,19.99
13496,17.6028093255591,34.12213490124563,24.937328895605035,1.0,18.0,211.0,58.79
18144,17.361189179553218,26.868851354231953,19.57375085633836,2.0,284.0,355.0,18.23
17949,17.183526337885382,40.90157510338229,24.213572866814463,1.0,172.0,330.0,38.38
17095,16.289069966260403,28.932960810011384,23.127552379728908,1.0,15.0,146.0,30.0
15422,14.76100970740727,18.44001124684264,20.739869017618133,1.0,2.0,94.0,16.490000000000002
18102,14.553795602386694,28.24428581305696,17.245366311427563,2.0,22.0,280.0,94.905
17924,13.934608835145427,24.695451476908314,14.77729550063325,2.0,185.0,362.0,20.810000000000002
15777,13.638905624555248,19.386011632861383,14.57592641576609,2.0,160.0,224.0,9.09
14441,13.309406986294224,28.599143586585434,18.699381021298382,1.0,167.0,256.0,18.4
16252,12.84359310409331,15.09305152616992,18.64642834602995,1.0,1.0,266.0,88.52000000000001
15880,12.813039667012218,15.223917728812179,17.87700207971332,1.0,2.0,313.0,119.0
17526,12.686940280564341,28.383393094817357,17.1836283389697,1.0,40.0,262.0,43.98
15922,12.625205636130358,20.432701959680553,16.471740425382343,1.0,12.0,355.0,122.77
14813,12.027669988769718,13.187310447290471,16.756165767288316,1.0,1.0,320.0,119.0
14344,11.627211021013563,21.546832195739785,12.00032635145882,2.0,108.0,300.0,19.89
15157,11.452443284606423,19.8005118337765,16.617087240380236,1.0,10.0,196.0,35.98
14643,11.364017163367139,22.202156144363755,16.092376867445783,1.0,20.0,192.0,28.61
17629,11.07068118537142,24.166237782232322,15.162451747743525,1.0,75.0,211.0,16.99
18037,10.946817228294641,23.112493584224158,15.229382829926053,1.0,145.0,233.0,12.78
12413,10.784402293028336,20.331306117041084,15.114573757381478,1.0,22.0,153.0,16.79
12797,10.506388896111195,24.168943195804598,14.20138881628388,1.0,51.0,263.0,30.959999999999997
18190,9.883638375193938,17.67047779746256,13.574307747253554,1.0,23.0,127.0,9.95
17655,9.675266736385755,22.704899019994013,13.124539543528673,1.0,71.0,265.0,22.939999999999998
13929,8.977909408727529,15.171948881003331,12.095653398730647,1.0,22.0,109.0,5.99
12957,8.951309450511866,16.349278533219056,12.806235629433528,1.0,15.0,167.0,17.4
17819,8.915832556201392,21.996458486422657,11.891809821785097,1.0,91.0,328.0,26.62
16316,8.777517608141126,18.33476501904274,12.193725746520442,1.0,33.0,195.0,16.99
13329,8.592903172999833,15.511041242658418,8.934383001044177,2.0,103.0,279.0,12.11
16203,8.444343062769775,19.760276500301533,12.061669543443887,1.0,204.0,339.0,14.0
16781,8.34333036842881,20.604318271971355,10.990233304610891,1.0,84.0,340.0,27.979999999999997
12763,7.340395660903799,8.213447203477962,10.351808437185987,1.0,1.0,305.0,63.120000000000005
16359,7.2841424002019295,12.35241917760683,10.295477614396104,1.0,13.0,131.0,7.6
12989,7.175077829230981,15.795517101286299,9.969949480133685,1.0,129.0,246.0,7.6
14692,7.171386167671806,10.48921158532962,9.635790713293847,1.0,10.0,88.0,2.39
18269,7.081638920855714,16.710299443029122,9.607905937481261,1.0,76.0,270.0,14.69
15197,7.019265028669836,14.92124723551957,9.602326217542704,1.0,61.0,192.0,7.6
18226,7.014858379501247,13.655982634571165,9.748379193024656,1.0,28.0,158.0,8.0
16873,6.952204958655985,15.940785509034734,9.485268084259861,1.0,68.0,243.0,12.22
18176,6.878293829100047,13.655350381736502,9.702037622965316,1.0,22.0,194.0,14.219999999999999
18230,6.87147621779828,15.842089468983948,9.314366908053149,1.0,55.0,257.0,15.99
14107,6.787503549849524,15.5988655409021,9.25602847759849,1.0,68.0,245.0,11.99
15059,6.7650082881723055,12.873493994415318,9.060628701862935,1.0,59.0,145.0,2.99
15181,6.724852365975309,14.927185432288606,9.129327963143567,1.0,38.0,259.0,19.99
12415,6.338601710712572,10.039906559435227,7.590311313418324,2.0,18.0,158.0,9.075
15750,6.180698071339726,11.919401475172407,7.374081693836463,2.0,21.0,278.0,38.58
15101,5.401239897643264,11.789825648069273,7.406331295129624,1.0,55.0,207.0,6.0
15713,4.942264585986051,11.301826240375314,6.66464284918905,1.0,47.0,268.0,12.0
17007,4.739788362596937,8.800658951693611,6.789552963307254,1.0,15.0,187.0,8.16
15649,4.310056076343501,10.013455982833772,6.006735671841499,1.0,138.0,287.0,3.35
14030,3.6536198848039003,4.293523839587346,5.304353760935775,1.0,1.0,266.0,19.99
12931,2.4398972322267505,3.5810075813138407,3.6212499396295352,1.0,4.0,189.0,2.39
13941,2.0337008359345625,3.9321447384237005,2.6206666058867847,1.0,23.0,348.0,9.56
15032,1.873162855486488,2.1882898422142727,2.710112639931862,1.0,1.0,271.0,7.19
15024,1.7121931729820268,2.4487752710123383,2.415114143768598,1.0,5.0,284.0,6.0
17850,0.06218261382402887,6.8049843147308975,0.5369509864870238,9.0,25.0,364.0,3287.597777777778
16634,0.0,0.0,0.0,0.0,0.0,335.0,0.0
18202,0.0,0.0,0.0,0.0,0.0,23.0,0.0
16552,0.0,0.0,0.0,0.0,0.0,358.0,0.0
17343,0.0,0.0,0.0,0.0,0.0,179.0,0.0
16551,0.0,0.0,0.0,0.0,0.0,151.0,0.0
17356,0.0,0.0,0.0,0.0,0.0,26.0,0.0
18156,0.0,0.0,0.0,0.0,0.0,317.0,0.0
16549,0.0,0.0,0.0,0.0,0.0,143.0,0.0
17362,0.0,0.0,0.0,0.0,0.0,15.0,0.0
17732,0.0,0.0,0.0,0.0,0.0,348.0,0.0
17365,0.0,0.0,0.0,0.0,0.0,135.0,0.0
18161,0.0,0.0,0.0,0.0,0.0,79.0,0.0
16554,0.0,0.0,0.0,0.0,0.0,130.0,0.0
17692,0.0,0.0,0.0,0.0,0.0,206.0,0.0
17371,0.0,0.0,0.0,0.0,0.0,226.0,0.0
17682,0.0,0.0,0.0,0.0,0.0,293.0,0.0
16532,0.0,0.0,0.0,0.0,0.0,163.0,0.0
17373,0.0,0.0,0.0,0.0,0.0,33.0,0.0
18212,0.0,0.0,0.0,0.0,0.0,108.0,0.0
17676,0.0,0.0,0.0,0.0,0.0,270.0,0.0
18145,0.0,0.0,0.0,0.0,0.0,33.0,0.0
17376,0.0,0.0,0.0,0.0,0.0,22.0,0.0
17291,0.0,0.0,0.0,0.0,0.0,7.0,0.0
17674,0.0,0.0,0.0,0.0,0.0,302.0,0.0
17672,0.0,0.0,0.0,0.0,0.0,13.0,0.0
17303,0.0,0.0,0.0,0.0,0.0,229.0,0.0
16556,0.0,0.0,0.0,0.0,0.0,215.0,0.0
17700,0.0,0.0,0.0,0.0,0.0,256.0,0.0
16596,0.0,0.0,0.0,0.0,0.0,265.0,0.0
16593,0.0,0.0,0.0,0.0,0.0,117.0,0.0
17714,0.0,0.0,0.0,0.0,0.0,87.0,0.0
16583,0.0,0.0,0.0,0.0,0.0,360.0,0.0
17320,0.0,0.0,0.0,0.0,0.0,288.0,0.0
16600,0.0,0.0,0.0,0.0,0.0,163.0,0.0
17311,0.0,0.0,0.0,0.0,0.0,54.0,0.0
18171,0.0,0.0,0.0,0.0,0.0,140.0,0.0
17329,0.0,0.0,0.0,0.0,0.0,40.0,0.0
17307,0.0,0.0,0.0,0.0,0.0,256.0,0.0
17334,0.0,0.0,0.0,0.0,0.0,11.0,0.0
16579,0.0,0.0,0.0,0.0,0.0,256.0,0.0
17708,0.0,0.0,0.0,0.0,0.0,102.0,0.0
16612,0.0,0.0,0.0,0.0,0.0,26.0,0.0
17707,0.0,0.0,0.0,0.0,0.0,149.0,0.0
17339,0.0,0.0,0.0,0.0,0.0,257.0,0.0
16567,0.0,0.0,0.0,0.0,0.0,152.0,0.0
17396,0.0,0.0,0.0,0.0,0.0,334.0,0.0
17720,0.0,0.0,0.0,0.0,0.0,286.0,0.0
16565,0.0,0.0,0.0,0.0,0.0,244.0,0.0
17706,0.0,0.0,0.0,0.0,0.0,277.0,0.0
16560,0.0,0.0,0.0,0.0,0.0,195.0,0.0
17702,0.0,0.0,0.0,0.0,0.0,258.0,0.0
18193,0.0,0.0,0.0,0.0,0.0,269.0,0.0
17671,0.0,0.0,0.0,0.0,0.0,257.0,0.0
17418,0.0,0.0,0.0,0.0,0.0,95.0,0.0
17400,0.0,0.0,0.0,0.0,0.0,171.0,0.0
17470,0.0,0.0,0.0,0.0,0.0,287.0,0.0
17496,0.0,0.0,0.0,0.0,0.0,202.0,0.0
16411,0.0,0.0,0.0,0.0,0.0,311.0,0.0
18256,0.0,0.0,0.0,0.0,0.0,179.0,0.0
17504,0.0,0.0,0.0,0.0,0.0,91.0,0.0
17602,0.0,0.0,0.0,0.0,0.0,97.0,0.0
18259,0.0,0.0,0.0,0.0,0.0,270.0,0.0
17596,0.0,0.0,0.0,0.0,0.0,298.0,0.0
17593,0.0,0.0,0.0,0.0,0.0,171.0,0.0
17585,0.0,0.0,0.0,0.0,0.0,160.0,0.0
17515,0.0,0.0,0.0,0.0,0.0,66.0,0.0
16407,0.0,0.0,0.0,0.0,0.0,31.0,0.0
17572,0.0,0.0,0.0,0.0,0.0,356.0,0.0
16405,0.0,0.0,0.0,0.0,0.0,16.0,0.0
16403,0.0,0.0,0.0,0.0,0.0,31.0,0.0
17524,0.0,0.0,0.0,0.0,0.0,228.0,0.0
16401,0.0,0.0,0.0,0.0,0.0,117.0,0.0
17525,0.0,0.0,0.0,0.0,0.0,208.0,0.0
16387,0.0,0.0,0.0,0.0,0.0,90.0,0.0
17540,0.0,0.0,0.0,0.0,0.0,49.0,0.0
16378,0.0,0.0,0.0,0.0,0.0,19.0,0.0
17547,0.0,0.0,0.0,0.0,0.0,340.0,0.0
16367,0.0,0.0,0.0,0.0,0.0,239.0,0.0
17548,0.0,0.0,0.0,0.0,0.0,362.0,0.0
17551,0.0,0.0,0.0,0.0,0.0,205.0,0.0
18277,0.0,0.0,0.0,0.0,0.0,69.0,0.0
17552,0.0,0.0,0.0,0.0,0.0,334.0,0.0
17555,0.0,0.0,0.0,0.0,0.0,144.0,0.0
16419,0.0,0.0,0.0,0.0,0.0,25.0,0.0
17609,0.0,0.0,0.0,0.0,0.0,115.0,0.0
17646,0.0,0.0,0.0,0.0,0.0,257.0,0.0
16424,0.0,0.0,0.0,0.0,0.0,156.0,0.0
16519,0.0,0.0,0.0,0.0,0.0,257.0,0.0
16515,0.0,0.0,0.0,0.0,0.0,24.0,0.0
17411,0.0,0.0,0.0,0.0,0.0,262.0,0.0
17644,0.0,0.0,0.0,0.0,0.0,87.0,0.0
17262,0.0,0.0,0.0,0.0,0.0,270.0,0.0
16500,0.0,0.0,0.0,0.0,0.0,127.0,0.0
17643,0.0,0.0,0.0,0.0,0.0,353.0,0.0
17420,0.0,0.0,0.0,0.0,0.0,363.0,0.0
17430,0.0,0.0,0.0,0.0,0.0,260.0,0.0
16496,0.0,0.0,0.0,0.0,0.0,56.0,0.0
16493,0.0,0.0,0.0,0.0,0.0,123.0,0.0
18233,0.0,0.0,0.0,0.0,0.0,108.0,0.0
16473,0.0,0.0,0.0,0.0,0.0,151.0,0.0
17431,0.0,0.0,0.0,0.0,0.0,36.0,0.0
17442,0.0,0.0,0.0,0.0,0.0,256.0,0.0
17446,0.0,0.0,0.0,0.0,0.0,18.0,0.0
16470,0.0,0.0,0.0,0.0,0.0,200.0,0.0
17634,0.0,0.0,0.0,0.0,0.0,156.0,0.0
17633,0.0,0.0,0.0,0.0,0.0,202.0,0.0
16458,0.0,0.0,0.0,0.0,0.0,221.0,0.0
17454,0.0,0.0,0.0,0.0,0.0,210.0,0.0
17619,0.0,0.0,0.0,0.0,0.0,30.0,0.0
17456,0.0,0.0,0.0,0.0,0.0,256.0,0.0
17463,0.0,0.0,0.0,0.0,0.0,35.0,0.0
17618,0.0,0.0,0.0,0.0,0.0,234.0,0.0
17616,0.0,0.0,0.0,0.0,0.0,287.0,0.0
18250,0.0,0.0,0.0,0.0,0.0,18.0,0.0
17277,0.0,0.0,0.0,0.0,0.0,89.0,0.0
17251,0.0,0.0,0.0,0.0,0.0,242.0,0.0
16654,0.0,0.0,0.0,0.0,0.0,290.0,0.0
17999,0.0,0.0,0.0,0.0,0.0,268.0,0.0
16833,0.0,0.0,0.0,0.0,0.0,143.0,0.0
17925,0.0,0.0,0.0,0.0,0.0,348.0,0.0
16992,0.0,0.0,0.0,0.0,0.0,17.0,0.0
16812,0.0,0.0,0.0,0.0,0.0,219.0,0.0
16995,0.0,0.0,0.0,0.0,0.0,335.0,0.0
16810,0.0,0.0,0.0,0.0,0.0,222.0,0.0
17913,0.0,0.0,0.0,0.0,0.0,184.0,0.0
17908,0.0,0.0,0.0,0.0,0.0,361.0,0.0
16805,0.0,0.0,0.0,0.0,0.0,214.0,0.0
17018,0.0,0.0,0.0,0.0,0.0,108.0,0.0
16791,0.0,0.0,0.0,0.0,0.0,132.0,0.0
17889,0.0,0.0,0.0,0.0,0.0,87.0,0.0
17026,0.0,0.0,0.0,0.0,0.0,314.0,0.0
17027,0.0,0.0,0.0,0.0,0.0,60.0,0.0
16655,0.0,0.0,0.0,0.0,0.0,131.0,0.0
17033,0.0,0.0,0.0,0.0,0.0,207.0,0.0
17041,0.0,0.0,0.0,0.0,0.0,221.0,0.0
17044,0.0,0.0,0.0,0.0,0.0,202.0,0.0
17880,0.0,0.0,0.0,0.0,0.0,251.0,0.0
18008,0.0,0.0,0.0,0.0,0.0,70.0,0.0
17873,0.0,0.0,0.0,0.0,0.0,353.0,0.0
18011,0.0,0.0,0.0,0.0,0.0,349.0,0.0
16767,0.0,0.0,0.0,0.0,0.0,51.0,0.0
17064,0.0,0.0,0.0,0.0,0.0,115.0,0.0
17870,0.0,0.0,0.0,0.0,0.0,279.0,0.0
17071,0.0,0.0,0.0,0.0,0.0,16.0,0.0
17075,0.0,0.0,0.0,0.0,0.0,61.0,0.0
16757,0.0,0.0,0.0,0.0,0.0,72.0,0.0
17567,0.0,0.0,0.0,0.0,0.0,339.0,0.0
17980,0.0,0.0,0.0,0.0,0.0,203.0,0.0
16835,0.0,0.0,0.0,0.0,0.0,349.0,0.0
17978,0.0,0.0,0.0,0.0,0.0,258.0,0.0
16899,0.0,0.0,0.0,0.0,0.0,215.0,0.0
16907,0.0,0.0,0.0,0.0,0.0,255.0,0.0
16912,0.0,0.0,0.0,0.0,0.0,92.0,0.0
16897,0.0,0.0,0.0,0.0,0.0,39.0,0.0
17964,0.0,0.0,0.0,0.0,0.0,342.0,0.0
17967,0.0,0.0,0.0,0.0,0.0,333.0,0.0
16916,0.0,0.0,0.0,0.0,0.0,342.0,0.0
16892,0.0,0.0,0.0,0.0,0.0,94.0,0.0
17968,0.0,0.0,0.0,0.0,0.0,359.0,0.0
16889,0.0,0.0,0.0,0.0,0.0,151.0,0.0
16885,0.0,0.0,0.0,0.0,0.0,185.0,0.0
17950,0.0,0.0,0.0,0.0,0.0,256.0,0.0
16883,0.0,0.0,0.0,0.0,0.0,333.0,0.0
16926,0.0,0.0,0.0,0.0,0.0,330.0,0.0
16927,0.0,0.0,0.0,0.0,0.0,230.0,0.0
16943,0.0,0.0,0.0,0.0,0.0,66.0,0.0
16945,0.0,0.0,0.0,0.0,0.0,192.0,0.0
16882,0.0,0.0,0.0,0.0,0.0,57.0,0.0
17969,0.0,0.0,0.0,0.0,0.0,226.0,0.0
16948,0.0,0.0,0.0,0.0,0.0,107.0,0.0
17976,0.0,0.0,0.0,0.0,0.0,341.0,0.0
16949,0.0,0.0,0.0,0.0,0.0,53.0,0.0
16861,0.0,0.0,0.0,0.0,0.0,290.0,0.0
17929,0.0,0.0,0.0,0.0,0.0,10.0,0.0
16950,0.0,0.0,0.0,0.0,0.0,282.0,0.0
16850,0.0,0.0,0.0,0.0,0.0,139.0,0.0
16954,0.0,0.0,0.0,0.0,0.0,211.0,0.0
16755,0.0,0.0,0.0,0.0,0.0,44.0,0.0
16754,0.0,0.0,0.0,0.0,0.0,335.0,0.0
17076,0.0,0.0,0.0,0.0,0.0,252.0,0.0
17181,0.0,0.0,0.0,0.0,0.0,358.0,0.0
17820,0.0,0.0,0.0,0.0,0.0,202.0,0.0
17189,0.0,0.0,0.0,0.0,0.0,202.0,0.0
16711,0.0,0.0,0.0,0.0,0.0,187.0,0.0
17204,0.0,0.0,0.0,0.0,0.0,178.0,0.0
17816,0.0,0.0,0.0,0.0,0.0,257.0,0.0
17802,0.0,0.0,0.0,0.0,0.0,341.0,0.0
17226,0.0,0.0,0.0,0.0,0.0,9.0,0.0
17800,0.0,0.0,0.0,0.0,0.0,143.0,0.0
18106,0.0,0.0,0.0,0.0,0.0,122.0,0.0
18113,0.0,0.0,0.0,0.0,0.0,298.0,0.0
17227,0.0,0.0,0.0,0.0,0.0,301.0,0.0
17786,0.0,0.0,0.0,0.0,0.0,59.0,0.0
17235,0.0,0.0,0.0,0.0,0.0,342.0,0.0
17771,0.0,0.0,0.0,0.0,0.0,94.0,0.0
17769,0.0,0.0,0.0,0.0,0.0,86.0,0.0
18136,0.0,0.0,0.0,0.0,0.0,78.0,0.0
17760,0.0,0.0,0.0,0.0,0.0,352.0,0.0
17752,0.0,0.0,0.0,0.0,0.0,202.0,0.0
16679,0.0,0.0,0.0,0.0,0.0,270.0,0.0
16676,0.0,0.0,0.0,0.0,0.0,156.0,0.0
18141,0.0,0.0,0.0,0.0,0.0,222.0,0.0
17742,0.0,0.0,0.0,0.0,0.0,136.0,0.0
16905,0.0,0.0,0.0,0.0,0.0,333.0,0.0
16665,0.0,0.0,0.0,0.0,0.0,235.0,0.0
16660,0.0,0.0,0.0,0.0,0.0,78.0,0.0
16658,0.0,0.0,0.0,0.0,0.0,292.0,0.0
17256,0.0,0.0,0.0,0.0,0.0,30.0,0.0
16714,0.0,0.0,0.0,0.0,0.0,60.0,0.0
16716,0.0,0.0,0.0,0.0,0.0,21.0,0.0
18017,0.0,0.0,0.0,0.0,0.0,18.0,0.0
17179,0.0,0.0,0.0,0.0,0.0,228.0,0.0
18032,0.0,0.0,0.0,0.0,0.0,142.0,0.0
16752,0.0,0.0,0.0,0.0,0.0,344.0,0.0
17869,0.0,0.0,0.0,0.0,0.0,287.0,0.0
17090,0.0,0.0,0.0,0.0,0.0,176.0,0.0
17105,0.0,0.0,0.0,0.0,0.0,1.0,0.0
17862,0.0,0.0,0.0,0.0,0.0,95.0,0.0
17861,0.0,0.0,0.0,0.0,0.0,79.0,0.0
18043,0.0,0.0,0.0,0.0,0.0,275.0,0.0
18044,0.0,0.0,0.0,0.0,0.0,220.0,0.0
18050,0.0,0.0,0.0,0.0,0.0,205.0,0.0
17114,0.0,0.0,0.0,0.0,0.0,145.0,0.0
17118,0.0,0.0,0.0,0.0,0.0,62.0,0.0
16743,0.0,0.0,0.0,0.0,0.0,199.0,0.0
17860,0.0,0.0,0.0,0.0,0.0,297.0,0.0
18062,0.0,0.0,0.0,0.0,0.0,158.0,0.0
17855,0.0,0.0,0.0,0.0,0.0,348.0,0.0
16730,0.0,0.0,0.0,0.0,0.0,76.0,0.0
16727,0.0,0.0,0.0,0.0,0.0,245.0,0.0
18069,0.0,0.0,0.0,0.0,0.0,116.0,0.0
18071,0.0,0.0,0.0,0.0,0.0,263.0,0.0
17128,0.0,0.0,0.0,0.0,0.0,144.0,0.0
16726,0.0,0.0,0.0,0.0,0.0,229.0,0.0
18074,0.0,0.0,0.0,0.0,0.0,363.0,0.0
17849,0.0,0.0,0.0,0.0,0.0,139.0,0.0
17135,0.0,0.0,0.0,0.0,0.0,334.0,0.0
17146,0.0,0.0,0.0,0.0,0.0,199.0,0.0
17147,0.0,0.0,0.0,0.0,0.0,27.0,0.0
17560,0.0,0.0,0.0,0.0,0.0,19.0,0.0
12346,0.0,0.0,0.0,0.0,0.0,107.0,0.0
16351,0.0,0.0,0.0,0.0,0.0,136.0,0.0
13565,0.0,0.0,0.0,0.0,0.0,142.0,0.0
13579,0.0,0.0,0.0,0.0,0.0,304.0,0.0
13581,0.0,0.0,0.0,0.0,0.0,12.0,0.0
13600,0.0,0.0,0.0,0.0,0.0,29.0,0.0
13606,0.0,0.0,0.0,0.0,0.0,25.0,0.0
13611,0.0,0.0,0.0,0.0,0.0,211.0,0.0
13614,0.0,0.0,0.0,0.0,0.0,125.0,0.0
13627,0.0,0.0,0.0,0.0,0.0,189.0,0.0
13634,0.0,0.0,0.0,0.0,0.0,116.0,0.0
13652,0.0,0.0,0.0,0.0,0.0,302.0,0.0
13656,0.0,0.0,0.0,0.0,0.0,153.0,0.0
13693,0.0,0.0,0.0,0.0,0.0,104.0,0.0
13703,0.0,0.0,0.0,0.0,0.0,69.0,0.0
13705,0.0,0.0,0.0,0.0,0.0,362.0,0.0
13707,0.0,0.0,0.0,0.0,0.0,41.0,0.0
13709,0.0,0.0,0.0,0.0,0.0,40.0,0.0
13728,0.0,0.0,0.0,0.0,0.0,19.0,0.0
13747,0.0,0.0,0.0,0.0,0.0,362.0,0.0
13748,0.0,0.0,0.0,0.0,0.0,364.0,0.0
13750,0.0,0.0,0.0,0.0,0.0,151.0,0.0
13754,0.0,0.0,0.0,0.0,0.0,58.0,0.0
13782,0.0,0.0,0.0,0.0,0.0,117.0,0.0
13786,0.0,0.0,0.0,0.0,0.0,283.0,0.0
13787,0.0,0.0,0.0,0.0,0.0,244.0,0.0
13800,0.0,0.0,0.0,0.0,0.0,13.0,0.0
13807,0.0,0.0,0.0,0.0,0.0,280.0,0.0
13817,0.0,0.0,0.0,0.0,0.0,170.0,0.0
13824,0.0,0.0,0.0,0.0,0.0,18.0,0.0
13569,0.0,0.0,0.0,0.0,0.0,285.0,0.0
13552,0.0,0.0,0.0,0.0,0.0,44.0,0.0
13831,0.0,0.0,0.0,0.0,0.0,318.0,0.0
13551,0.0,0.0,0.0,0.0,0.0,76.0,0.0
13266,0.0,0.0,0.0,0.0,0.0,202.0,0.0
13270,0.0,0.0,0.0,0.0,0.0,268.0,0.0
13304,0.0,0.0,0.0,0.0,0.0,169.0,0.0
13305,0.0,0.0,0.0,0.0,0.0,345.0,0.0
13309,0.0,0.0,0.0,0.0,0.0,8.0,0.0
13313,0.0,0.0,0.0,0.0,0.0,168.0,0.0
13317,0.0,0.0,0.0,0.0,0.0,201.0,0.0
13327,0.0,0.0,0.0,0.0,0.0,256.0,0.0
13328,0.0,0.0,0.0,0.0,0.0,48.0,0.0
13330,0.0,0.0,0.0,0.0,0.0,44.0,0.0
13368,0.0,0.0,0.0,0.0,0.0,156.0,0.0
13385,0.0,0.0,0.0,0.0,0.0,123.0,0.0
13394,0.0,0.0,0.0,0.0,0.0,15.0,0.0
13397,0.0,0.0,0.0,0.0,0.0,166.0,0.0
13402,0.0,0.0,0.0,0.0,0.0,335.0,0.0
13405,0.0,0.0,0.0,0.0,0.0,65.0,0.0
13451,0.0,0.0,0.0,0.0,0.0,142.0,0.0
13481,0.0,0.0,0.0,0.0,0.0,290.0,0.0
13487,0.0,0.0,0.0,0.0,0.0,172.0,0.0
13494,0.0,0.0,0.0,0.0,0.0,25.0,0.0
13497,0.0,0.0,0.0,0.0,0.0,300.0,0.0
13502,0.0,0.0,0.0,0.0,0.0,96.0,0.0
13523,0.0,0.0,0.0,0.0,0.0,269.0,0.0
13527,0.0,0.0,0.0,0.0,0.0,114.0,0.0
13531,0.0,0.0,0.0,0.0,0.0,268.0,0.0
13538,0.0,0.0,0.0,0.0,0.0,44.0,0.0
13539,0.0,0.0,0.0,0.0,0.0,12.0,0.0
13829,0.0,0.0,0.0,0.0,0.0,202.0,0.0
13837,0.0,0.0,0.0,0.0,0.0,62.0,0.0
14293,0.0,0.0,0.0,0.0,0.0,302.0,0.0
14127,0.0,0.0,0.0,0.0,0.0,19.0,0.0
14142,0.0,0.0,0.0,0.0,0.0,350.0,0.0
14150,0.0,0.0,0.0,0.0,0.0,211.0,0.0
14159,0.0,0.0,0.0,0.0,0.0,241.0,0.0
14161,0.0,0.0,0.0,0.0,0.0,311.0,0.0
14167,0.0,0.0,0.0,0.0,0.0,128.0,0.0
14185,0.0,0.0,0.0,0.0,0.0,129.0,0.0
14188,0.0,0.0,0.0,0.0,0.0,18.0,0.0
14194,0.0,0.0,0.0,0.0,0.0,4.0,0.0
14201,0.0,0.0,0.0,0.0,0.0,206.0,0.0
14205,0.0,0.0,0.0,0.0,0.0,258.0,0.0
14206,0.0,0.0,0.0,0.0,0.0,223.0,0.0
14209,0.0,0.0,0.0,0.0,0.0,134.0,0.0
14213,0.0,0.0,0.0,0.0,0.0,334.0,0.0
14220,0.0,0.0,0.0,0.0,0.0,192.0,0.0
14221,0.0,0.0,0.0,0.0,0.0,165.0,0.0
14236,0.0,0.0,0.0,0.0,0.0,334.0,0.0
14237,0.0,0.0,0.0,0.0,0.0,356.0,0.0
14238,0.0,0.0,0.0,0.0,0.0,110.0,0.0
14239,0.0,0.0,0.0,0.0,0.0,49.0,0.0
14242,0.0,0.0,0.0,0.0,0.0,108.0,0.0
14248,0.0,0.0,0.0,0.0,0.0,65.0,0.0
14256,0.0,0.0,0.0,0.0,0.0,248.0,0.0
14257,0.0,0.0,0.0,0.0,0.0,73.0,0.0
14258,0.0,0.0,0.0,0.0,0.0,157.0,0.0
14264,0.0,0.0,0.0,0.0,0.0,335.0,0.0
14270,0.0,0.0,0.0,0.0,0.0,131.0,0.0
14282,0.0,0.0,0.0,0.0,0.0,285.0,0.0
14130,0.0,0.0,0.0,0.0,0.0,75.0,0.0
14119,0.0,0.0,0.0,0.0,0.0,176.0,0.0
13846,0.0,0.0,0.0,0.0,0.0,212.0,0.0
14114,0.0,0.0,0.0,0.0,0.0,126.0,0.0
13848,0.0,0.0,0.0,0.0,0.0,268.0,0.0
13871,0.0,0.0,0.0,0.0,0.0,11.0,0.0
13873,0.0,0.0,0.0,0.0,0.0,16.0,0.0
13874,0.0,0.0,0.0,0.0,0.0,192.0,0.0
13880,0.0,0.0,0.0,0.0,0.0,283.0,0.0
13881,0.0,0.0,0.0,0.0,0.0,27.0,0.0
13883,0.0,0.0,0.0,0.0,0.0,108.0,0.0
13894,0.0,0.0,0.0,0.0,0.0,18.0,0.0
13898,0.0,0.0,0.0,0.0,0.0,107.0,0.0
13901,0.0,0.0,0.0,0.0,0.0,74.0,0.0
13922,0.0,0.0,0.0,0.0,0.0,170.0,0.0
13948,0.0,0.0,0.0,0.0,0.0,223.0,0.0
13953,0.0,0.0,0.0,0.0,0.0,171.0,0.0
13958,0.0,0.0,0.0,0.0,0.0,336.0,0.0
13959,0.0,0.0,0.0,0.0,0.0,235.0,0.0
13993,0.0,0.0,0.0,0.0,0.0,126.0,0.0
14001,0.0,0.0,0.0,0.0,0.0,356.0,0.0
14006,0.0,0.0,0.0,0.0,0.0,29.0,0.0
14016,0.0,0.0,0.0,0.0,0.0,187.0,0.0
14037,0.0,0.0,0.0,0.0,0.0,248.0,0.0
14068,0.0,0.0,0.0,0.0,0.0,81.0,0.0
14078,0.0,0.0,0.0,0.0,0.0,356.0,0.0
14081,0.0,0.0,0.0,0.0,0.0,304.0,0.0
14082,0.0,0.0,0.0,0.0,0.0,250.0,0.0
14088,0.0,0.0,0.0,0.0,0.0,89.0,0.0
14090,0.0,0.0,0.0,0.0,0.0,102.0,0.0
14101,0.0,0.0,0.0,0.0,0.0,111.0,0.0
13263,0.0,0.0,0.0,0.0,0.0,104.0,0.0
13255,0.0,0.0,0.0,0.0,0.0,360.0,0.0
13253,0.0,0.0,0.0,0.0,0.0,165.0,0.0
12551,0.0,0.0,0.0,0.0,0.0,188.0,0.0
12577,0.0,0.0,0.0,0.0,0.0,202.0,0.0
12586,0.0,0.0,0.0,0.0,0.0,302.0,0.0
12591,0.0,0.0,0.0,0.0,0.0,59.0,0.0
12594,0.0,0.0,0.0,0.0,0.0,92.0,0.0
12601,0.0,0.0,0.0,0.0,0.0,136.0,0.0
12605,0.0,0.0,0.0,0.0,0.0,256.0,0.0
12609,0.0,0.0,0.0,0.0,0.0,65.0,0.0
12643,0.0,0.0,0.0,0.0,0.0,135.0,0.0
12645,0.0,0.0,0.0,0.0,0.0,51.0,0.0
12649,0.0,0.0,0.0,0.0,0.0,257.0,0.0
12651,0.0,0.0,0.0,0.0,0.0,144.0,0.0
12664,0.0,0.0,0.0,0.0,0.0,90.0,0.0
12666,0.0,0.0,0.0,0.0,0.0,205.0,0.0
12672,0.0,0.0,0.0,0.0,0.0,123.0,0.0
12673,0.0,0.0,0.0,0.0,0.0,113.0,0.0
12676,0.0,0.0,0.0,0.0,0.0,21.0,0.0
12678,0.0,0.0,0.0,0.0,0.0,172.0,0.0
12686,0.0,0.0,0.0,0.0,0.0,334.0,0.0
12693,0.0,0.0,0.0,0.0,0.0,78.0,0.0
12705,0.0,0.0,0.0,0.0,0.0,186.0,0.0
12724,0.0,0.0,0.0,0.0,0.0,132.0,0.0
12727,0.0,0.0,0.0,0.0,0.0,81.0,0.0
12728,0.0,0.0,0.0,0.0,0.0,134.0,0.0
12734,0.0,0.0,0.0,0.0,0.0,171.0,0.0
12736,0.0,0.0,0.0,0.0,0.0,137.0,0.0
12738,0.0,0.0,0.0,0.0,0.0,335.0,0.0
12754,0.0,0.0,0.0,0.0,0.0,10.0,0.0
12574,0.0,0.0,0.0,0.0,0.0,45.0,0.0
12530,0.0,0.0,0.0,0.0,0.0,151.0,0.0
13240,0.0,0.0,0.0,0.0,0.0,261.0,0.0
12528,0.0,0.0,0.0,0.0,0.0,34.0,0.0
12350,0.0,0.0,0.0,0.0,0.0,17.0,0.0
12356,0.0,0.0,0.0,0.0,0.0,107.0,0.0
12359,0.0,0.0,0.0,0.0,0.0,130.0,0.0
12373,0.0,0.0,0.0,0.0,0.0,24.0,0.0
12388,0.0,0.0,0.0,0.0,0.0,114.0,0.0
12402,0.0,0.0,0.0,0.0,0.0,94.0,0.0
12410,0.0,0.0,0.0,0.0,0.0,10.0,0.0
12421,0.0,0.0,0.0,0.0,0.0,76.0,0.0
12423,0.0,0.0,0.0,0.0,0.0,172.0,0.0
12429,0.0,0.0,0.0,0.0,0.0,262.0,0.0
12434,0.0,0.0,0.0,0.0,0.0,222.0,0.0
12451,0.0,0.0,0.0,0.0,0.0,103.0,0.0
12464,0.0,0.0,0.0,0.0,0.0,13.0,0.0
12468,0.0,0.0,0.0,0.0,0.0,51.0,0.0
12477,0.0,0.0,0.0,0.0,0.0,26.0,0.0
12480,0.0,0.0,0.0,0.0,0.0,147.0,0.0
12483,0.0,0.0,0.0,0.0,0.0,166.0,0.0
12484,0.0,0.0,0.0,0.0,0.0,149.0,0.0
12489,0.0,0.0,0.0,0.0,0.0,150.0,0.0
12490,0.0,0.0,0.0,0.0,0.0,123.0,0.0
12500,0.0,0.0,0.0,0.0,0.0,140.0,0.0
12502,0.0,0.0,0.0,0.0,0.0,15.0,0.0
12503,0.0,0.0,0.0,0.0,0.0,157.0,0.0
12510,0.0,0.0,0.0,0.0,0.0,104.0,0.0
12515,0.0,0.0,0.0,0.0,0.0,171.0,0.0
12523,0.0,0.0,0.0,0.0,0.0,131.0,0.0
12527,0.0,0.0,0.0,0.0,0.0,107.0,0.0
12755,0.0,0.0,0.0,0.0,0.0,263.0,0.0
12764,0.0,0.0,0.0,0.0,0.0,55.0,0.0
12778,0.0,0.0,0.0,0.0,0.0,30.0,0.0
12785,0.0,0.0,0.0,0.0,0.0,245.0,0.0
13048,0.0,0.0,0.0,0.0,0.0,116.0,0.0
13049,0.0,0.0,0.0,0.0,0.0,65.0,0.0
13064,0.0,0.0,0.0,0.0,0.0,116.0,0.0
13068,0.0,0.0,0.0,0.0,0.0,81.0,0.0
13077,0.0,0.0,0.0,0.0,0.0,268.0,0.0
13082,0.0,0.0,0.0,0.0,0.0,160.0,0.0
13092,0.0,0.0,0.0,0.0,0.0,207.0,0.0
13104,0.0,0.0,0.0,0.0,0.0,178.0,0.0
13108,0.0,0.0,0.0,0.0,0.0,347.0,0.0
13110,0.0,0.0,0.0,0.0,0.0,21.0,0.0
13136,0.0,0.0,0.0,0.0,0.0,256.0,0.0
13137,0.0,0.0,0.0,0.0,0.0,9.0,0.0
13140,0.0,0.0,0.0,0.0,0.0,268.0,0.0
13144,0.0,0.0,0.0,0.0,0.0,136.0,0.0
13145,0.0,0.0,0.0,0.0,0.0,335.0,0.0
13158,0.0,0.0,0.0,0.0,0.0,74.0,0.0
13161,0.0,0.0,0.0,0.0,0.0,37.0,0.0
13165,0.0,0.0,0.0,0.0,0.0,170.0,0.0
13168,0.0,0.0,0.0,0.0,0.0,66.0,0.0
13173,0.0,0.0,0.0,0.0,0.0,283.0,0.0
13178,0.0,0.0,0.0,0.0,0.0,220.0,0.0
13183,0.0,0.0,0.0,0.0,0.0,146.0,0.0
13187,0.0,0.0,0.0,0.0,0.0,152.0,0.0
13208,0.0,0.0,0.0,0.0,0.0,11.0,0.0
13211,0.0,0.0,0.0,0.0,0.0,224.0,0.0
13221,0.0,0.0,0.0,0.0,0.0,207.0,0.0
13238,0.0,0.0,0.0,0.0,0.0,214.0,0.0
13034,0.0,0.0,0.0,0.0,0.0,306.0,0.0
13033,0.0,0.0,0.0,0.0,0.0,187.0,0.0
13030,0.0,0.0,0.0,0.0,0.0,291.0,0.0
12924,0.0,0.0,0.0,0.0,0.0,117.0,0.0
12791,0.0,0.0,0.0,0.0,0.0,362.0,0.0
12808,0.0,0.0,0.0,0.0,0.0,302.0,0.0
12820,0.0,0.0,0.0,0.0,0.0,111.0,0.0
12838,0.0,0.0,0.0,0.0,0.0,360.0,0.0
12842,0.0,0.0,0.0,0.0,0.0,8.0,0.0
12855,0.0,0.0,0.0,0.0,0.0,348.0,0.0
12865,0.0,0.0,0.0,0.0,0.0,209.0,0.0
12870,0.0,0.0,0.0,0.0,0.0,269.0,0.0
12875,0.0,0.0,0.0,0.0,0.0,239.0,0.0
12908,0.0,0.0,0.0,0.0,0.0,32.0,0.0
12913,0.0,0.0,0.0,0.0,0.0,288.0,0.0
12915,0.0,0.0,0.0,0.0,0.0,343.0,0.0
12928,0.0,0.0,0.0,0.0,0.0,203.0,0.0
13029,0.0,0.0,0.0,0.0,0.0,172.0,0.0
12929,0.0,0.0,0.0,0.0,0.0,25.0,0.0
12935,0.0,0.0,0.0,0.0,0.0,76.0,0.0
12939,0.0,0.0,0.0,0.0,0.0,145.0,0.0
12942,0.0,0.0,0.0,0.0,0.0,264.0,0.0
12956,0.0,0.0,0.0,0.0,0.0,0.0,0.0
12970,0.0,0.0,0.0,0.0,0.0,88.0,0.0
12990,0.0,0.0,0.0,0.0,0.0,17.0,0.0
13000,0.0,0.0,0.0,0.0,0.0,251.0,0.0
13002,0.0,0.0,0.0,0.0,0.0,65.0,0.0
13011,0.0,0.0,0.0,0.0,0.0,335.0,0.0
13013,0.0,0.0,0.0,0.0,0.0,331.0,0.0
13027,0.0,0.0,0.0,0.0,0.0,177.0,0.0
14292,0.0,0.0,0.0,0.0,0.0,108.0,0.0
14295,0.0,0.0,0.0,0.0,0.0,135.0,0.0
16333,0.0,0.0,0.0,0.0,0.0,15.0,0.0
15563,0.0,0.0,0.0,0.0,0.0,200.0,0.0
15587,0.0,0.0,0.0,0.0,0.0,170.0,0.0
15589,0.0,0.0,0.0,0.0,0.0,20.0,0.0
15605,0.0,0.0,0.0,0.0,0.0,355.0,0.0
15606,0.0,0.0,0.0,0.0,0.0,100.0,0.0
15607,0.0,0.0,0.0,0.0,0.0,150.0,0.0
15611,0.0,0.0,0.0,0.0,0.0,145.0,0.0
15620,0.0,0.0,0.0,0.0,0.0,195.0,0.0
15626,0.0,0.0,0.0,0.0,0.0,123.0,0.0
15628,0.0,0.0,0.0,0.0,0.0,279.0,0.0
15641,0.0,0.0,0.0,0.0,0.0,205.0,0.0
15646,0.0,0.0,0.0,0.0,0.0,336.0,0.0
15660,0.0,0.0,0.0,0.0,0.0,264.0,0.0
15664,0.0,0.0,0.0,0.0,0.0,202.0,0.0
15673,0.0,0.0,0.0,0.0,0.0,115.0,0.0
15680,0.0,0.0,0.0,0.0,0.0,269.0,0.0
15689,0.0,0.0,0.0,0.0,0.0,233.0,0.0
15723,0.0,0.0,0.0,0.0,0.0,249.0,0.0
15732,0.0,0.0,0.0,0.0,0.0,340.0,0.0
15749,0.0,0.0,0.0,0.0,0.0,134.0,0.0
15752,0.0,0.0,0.0,0.0,0.0,348.0,0.0
15759,0.0,0.0,0.0,0.0,0.0,194.0,0.0
15780,0.0,0.0,0.0,0.0,0.0,188.0,0.0
15781,0.0,0.0,0.0,0.0,0.0,0.0,0.0
15789,0.0,0.0,0.0,0.0,0.0,195.0,0.0
15797,0.0,0.0,0.0,0.0,0.0,75.0,0.0
15799,0.0,0.0,0.0,0.0,0.0,142.0,0.0
15805,0.0,0.0,0.0,0.0,0.0,253.0,0.0
15569,0.0,0.0,0.0,0.0,0.0,134.0,0.0
15562,0.0,0.0,0.0,0.0,0.0,170.0,0.0
15822,0.0,0.0,0.0,0.0,0.0,206.0,0.0
15545,0.0,0.0,0.0,0.0,0.0,324.0,0.0
15329,0.0,0.0,0.0,0.0,0.0,256.0,0.0
15339,0.0,0.0,0.0,0.0,0.0,69.0,0.0
15346,0.0,0.0,0.0,0.0,0.0,136.0,0.0
15347,0.0,0.0,0.0,0.0,0.0,268.0,0.0
15350,0.0,0.0,0.0,0.0,0.0,355.0,0.0
15353,0.0,0.0,0.0,0.0,0.0,286.0,0.0
15361,0.0,0.0,0.0,0.0,0.0,233.0,0.0
15363,0.0,0.0,0.0,0.0,0.0,343.0,0.0
15365,0.0,0.0,0.0,0.0,0.0,41.0,0.0
15366,0.0,0.0,0.0,0.0,0.0,194.0,0.0
15370,0.0,0.0,0.0,0.0,0.0,136.0,0.0
15380,0.0,0.0,0.0,0.0,0.0,256.0,0.0
15394,0.0,0.0,0.0,0.0,0.0,198.0,0.0
15395,0.0,0.0,0.0,0.0,0.0,107.0,0.0
15421,0.0,0.0,0.0,0.0,0.0,18.0,0.0
15443,0.0,0.0,0.0,0.0,0.0,84.0,0.0
15447,0.0,0.0,0.0,0.0,0.0,126.0,0.0
15448,0.0,0.0,0.0,0.0,0.0,34.0,0.0
15454,0.0,0.0,0.0,0.0,0.0,235.0,0.0
15456,0.0,0.0,0.0,0.0,0.0,203.0,0.0
15468,0.0,0.0,0.0,0.0,0.0,222.0,0.0
15482,0.0,0.0,0.0,0.0,0.0,201.0,0.0
15503,0.0,0.0,0.0,0.0,0.0,242.0,0.0
15510,0.0,0.0,0.0,0.0,0.0,125.0,0.0
15512,0.0,0.0,0.0,0.0,0.0,208.0,0.0
15525,0.0,0.0,0.0,0.0,0.0,356.0,0.0
15544,0.0,0.0,0.0,0.0,0.0,343.0,0.0
15812,0.0,0.0,0.0,0.0,0.0,63.0,0.0
15834,0.0,0.0,0.0,0.0,0.0,336.0,0.0
14321,0.0,0.0,0.0,0.0,0.0,139.0,0.0
16062,0.0,0.0,0.0,0.0,0.0,248.0,0.0
16083,0.0,0.0,0.0,0.0,0.0,221.0,0.0
16085,0.0,0.0,0.0,0.0,0.0,86.0,0.0
16086,0.0,0.0,0.0,0.0,0.0,284.0,0.0
16094,0.0,0.0,0.0,0.0,0.0,152.0,0.0
16098,0.0,0.0,0.0,0.0,0.0,363.0,0.0
16125,0.0,0.0,0.0,0.0,0.0,280.0,0.0
16138,0.0,0.0,0.0,0.0,0.0,290.0,0.0
16140,0.0,0.0,0.0,0.0,0.0,327.0,0.0
16153,0.0,0.0,0.0,0.0,0.0,179.0,0.0
16156,0.0,0.0,0.0,0.0,0.0,19.0,0.0
16163,0.0,0.0,0.0,0.0,0.0,255.0,0.0
16186,0.0,0.0,0.0,0.0,0.0,340.0,0.0
16202,0.0,0.0,0.0,0.0,0.0,223.0,0.0
16206,0.0,0.0,0.0,0.0,0.0,117.0,0.0
16221,0.0,0.0,0.0,0.0,0.0,285.0,0.0
16250,0.0,0.0,0.0,0.0,0.0,363.0,0.0
16262,0.0,0.0,0.0,0.0,0.0,221.0,0.0
16265,0.0,0.0,0.0,0.0,0.0,251.0,0.0
16270,0.0,0.0,0.0,0.0,0.0,172.0,0.0
16271,0.0,0.0,0.0,0.0,0.0,194.0,0.0
16274,0.0,0.0,0.0,0.0,0.0,352.0,0.0
16279,0.0,0.0,0.0,0.0,0.0,140.0,0.0
16282,0.0,0.0,0.0,0.0,0.0,167.0,0.0
16293,0.0,0.0,0.0,0.0,0.0,282.0,0.0
16303,0.0,0.0,0.0,0.0,0.0,138.0,0.0
16315,0.0,0.0,0.0,0.0,0.0,126.0,0.0
16321,0.0,0.0,0.0,0.0,0.0,95.0,0.0
16081,0.0,0.0,0.0,0.0,0.0,277.0,0.0
16048,0.0,0.0,0.0,0.0,0.0,352.0,0.0
15835,0.0,0.0,0.0,0.0,0.0,127.0,0.0
16043,0.0,0.0,0.0,0.0,0.0,64.0,0.0
15841,0.0,0.0,0.0,0.0,0.0,164.0,0.0
15845,0.0,0.0,0.0,0.0,0.0,152.0,0.0
15858,0.0,0.0,0.0,0.0,0.0,283.0,0.0
15860,0.0,0.0,0.0,0.0,0.0,300.0,0.0
15862,0.0,0.0,0.0,0.0,0.0,362.0,0.0
15885,0.0,0.0,0.0,0.0,0.0,12.0,0.0
15889,0.0,0.0,0.0,0.0,0.0,306.0,0.0
15899,0.0,0.0,0.0,0.0,0.0,302.0,0.0
15910,0.0,0.0,0.0,0.0,0.0,53.0,0.0
15919,0.0,0.0,0.0,0.0,0.0,300.0,0.0
15923,0.0,0.0,0.0,0.0,0.0,344.0,0.0
15938,0.0,0.0,0.0,0.0,0.0,96.0,0.0
15940,0.0,0.0,0.0,0.0,0.0,21.0,0.0
15945,0.0,0.0,0.0,0.0,0.0,259.0,0.0
15950,0.0,0.0,0.0,0.0,0.0,208.0,0.0
15955,0.0,0.0,0.0,0.0,0.0,346.0,0.0
15965,0.0,0.0,0.0,0.0,0.0,284.0,0.0
15967,0.0,0.0,0.0,0.0,0.0,72.0,0.0
15971,0.0,0.0,0.0,0.0,0.0,21.0,0.0
15981,0.0,0.0,0.0,0.0,0.0,23.0,0.0
15987,0.0,0.0,0.0,0.0,0.0,302.0,0.0
15998,0.0,0.0,0.0,0.0,0.0,236.0,0.0
16003,0.0,0.0,0.0,0.0,0.0,207.0,0.0
16010,0.0,0.0,0.0,0.0,0.0,238.0,0.0
16030,0.0,0.0,0.0,0.0,0.0,15.0,0.0
16034,0.0,0.0,0.0,0.0,0.0,135.0,0.0
16037,0.0,0.0,0.0,0.0,0.0,201.0,0.0
15326,0.0,0.0,0.0,0.0,0.0,139.0,0.0
15316,0.0,0.0,0.0,0.0,0.0,113.0,0.0
15304,0.0,0.0,0.0,0.0,0.0,300.0,0.0
14549,0.0,0.0,0.0,0.0,0.0,23.0,0.0
14565,0.0,0.0,0.0,0.0,0.0,229.0,0.0
14572,0.0,0.0,0.0,0.0,0.0,96.0,0.0
14573,0.0,0.0,0.0,0.0,0.0,334.0,0.0
14576,0.0,0.0,0.0,0.0,0.0,335.0,0.0
14577,0.0,0.0,0.0,0.0,0.0,241.0,0.0
14589,0.0,0.0,0.0,0.0,0.0,332.0,0.0
14595,0.0,0.0,0.0,0.0,0.0,38.0,0.0
14600,0.0,0.0,0.0,0.0,0.0,0.0,0.0
14608,0.0,0.0,0.0,0.0,0.0,234.0,0.0
14616,0.0,0.0,0.0,0.0,0.0,61.0,0.0
14621,0.0,0.0,0.0,0.0,0.0,198.0,0.0
14627,0.0,0.0,0.0,0.0,0.0,26.0,0.0
14653,0.0,0.0,0.0,0.0,0.0,161.0,0.0
14657,0.0,0.0,0.0,0.0,0.0,109.0,0.0
14659,0.0,0.0,0.0,0.0,0.0,42.0,0.0
14662,0.0,0.0,0.0,0.0,0.0,46.0,0.0
14665,0.0,0.0,0.0,0.0,0.0,20.0,0.0
14672,0.0,0.0,0.0,0.0,0.0,147.0,0.0
14673,0.0,0.0,0.0,0.0,0.0,285.0,0.0
14679,0.0,0.0,0.0,0.0,0.0,334.0,0.0
14684,0.0,0.0,0.0,0.0,0.0,237.0,0.0
14701,0.0,0.0,0.0,0.0,0.0,52.0,0.0
14715,0.0,0.0,0.0,0.0,0.0,129.0,0.0
14732,0.0,0.0,0.0,0.0,0.0,166.0,0.0
14737,0.0,0.0,0.0,0.0,0.0,172.0,0.0
14738,0.0,0.0,0.0,0.0,0.0,50.0,0.0
14755,0.0,0.0,0.0,0.0,0.0,143.0,0.0
14553,0.0,0.0,0.0,0.0,0.0,165.0,0.0
14548,0.0,0.0,0.0,0.0,0.0,65.0,0.0
15299,0.0,0.0,0.0,0.0,0.0,336.0,0.0
14544,0.0,0.0,0.0,0.0,0.0,230.0,0.0
14355,0.0,0.0,0.0,0.0,0.0,262.0,0.0
14368,0.0,0.0,0.0,0.0,0.0,80.0,0.0
14373,0.0,0.0,0.0,0.0,0.0,194.0,0.0
14389,0.0,0.0,0.0,0.0,0.0,69.0,0.0
14390,0.0,0.0,0.0,0.0,0.0,345.0,0.0
14396,0.0,0.0,0.0,0.0,0.0,326.0,0.0
14410,0.0,0.0,0.0,0.0,0.0,0.0,0.0
14411,0.0,0.0,0.0,0.0,0.0,20.0,0.0
14413,0.0,0.0,0.0,0.0,0.0,236.0,0.0
14414,0.0,0.0,0.0,0.0,0.0,200.0,0.0
14428,0.0,0.0,0.0,0.0,0.0,104.0,0.0
14437,0.0,0.0,0.0,0.0,0.0,264.0,0.0
14439,0.0,0.0,0.0,0.0,0.0,79.0,0.0
14448,0.0,0.0,0.0,0.0,0.0,243.0,0.0
14450,0.0,0.0,0.0,0.0,0.0,86.0,0.0
14457,0.0,0.0,0.0,0.0,0.0,20.0,0.0
14460,0.0,0.0,0.0,0.0,0.0,19.0,0.0
14467,0.0,0.0,0.0,0.0,0.0,32.0,0.0
14479,0.0,0.0,0.0,0.0,0.0,261.0,0.0
14497,0.0,0.0,0.0,0.0,0.0,12.0,0.0
14498,0.0,0.0,0.0,0.0,0.0,231.0,0.0
14501,0.0,0.0,0.0,0.0,0.0,80.0,0.0
14506,0.0,0.0,0.0,0.0,0.0,307.0,0.0
14514,0.0,0.0,0.0,0.0,0.0,128.0,0.0
14524,0.0,0.0,0.0,0.0,0.0,222.0,0.0
14533,0.0,0.0,0.0,0.0,0.0,171.0,0.0
14540,0.0,0.0,0.0,0.0,0.0,12.0,0.0
14761,0.0,0.0,0.0,0.0,0.0,144.0,0.0
14775,0.0,0.0,0.0,0.0,0.0,336.0,0.0
14776,0.0,0.0,0.0,0.0,0.0,32.0,0.0
14777,0.0,0.0,0.0,0.0,0.0,194.0,0.0
15070,0.0,0.0,0.0,0.0,0.0,346.0,0.0
15081,0.0,0.0,0.0,0.0,0.0,280.0,0.0
15110,0.0,0.0,0.0,0.0,0.0,72.0,0.0
15111,0.0,0.0,0.0,0.0,0.0,345.0,0.0
15139,0.0,0.0,0.0,0.0,0.0,150.0,0.0
15144,0.0,0.0,0.0,0.0,0.0,32.0,0.0
15160,0.0,0.0,0.0,0.0,0.0,187.0,0.0
15164,0.0,0.0,0.0,0.0,0.0,166.0,0.0
15165,0.0,0.0,0.0,0.0,0.0,354.0,0.0
15174,0.0,0.0,0.0,0.0,0.0,92.0,0.0
15180,0.0,0.0,0.0,0.0,0.0,282.0,0.0
15192,0.0,0.0,0.0,0.0,0.0,256.0,0.0
15199,0.0,0.0,0.0,0.0,0.0,5.0,0.0
15203,0.0,0.0,0.0,0.0,0.0,24.0,0.0
15204,0.0,0.0,0.0,0.0,0.0,187.0,0.0
15208,0.0,0.0,0.0,0.0,0.0,172.0,0.0
15211,0.0,0.0,0.0,0.0,0.0,255.0,0.0
15215,0.0,0.0,0.0,0.0,0.0,58.0,0.0
15222,0.0,0.0,0.0,0.0,0.0,75.0,0.0
15226,0.0,0.0,0.0,0.0,0.0,19.0,0.0
15227,0.0,0.0,0.0,0.0,0.0,58.0,0.0
15246,0.0,0.0,0.0,0.0,0.0,201.0,0.0
15260,0.0,0.0,0.0,0.0,0.0,345.0,0.0
15262,0.0,0.0,0.0,0.0,0.0,95.0,0.0
15266,0.0,0.0,0.0,0.0,0.0,161.0,0.0
15270,0.0,0.0,0.0,0.0,0.0,18.0,0.0
15288,0.0,0.0,0.0,0.0,0.0,258.0,0.0
15062,0.0,0.0,0.0,0.0,0.0,203.0,0.0
15057,0.0,0.0,0.0,0.0,0.0,45.0,0.0
15052,0.0,0.0,0.0,0.0,0.0,75.0,0.0
14871,0.0,0.0,0.0,0.0,0.0,220.0,0.0
14778,0.0,0.0,0.0,0.0,0.0,10.0,0.0
14782,0.0,0.0,0.0,0.0,0.0,79.0,0.0
14784,0.0,0.0,0.0,0.0,0.0,96.0,0.0
14794,0.0,0.0,0.0,0.0,0.0,141.0,0.0
14798,0.0,0.0,0.0,0.0,0.0,17.0,0.0
14805,0.0,0.0,0.0,0.0,0.0,39.0,0.0
14821,0.0,0.0,0.0,0.0,0.0,279.0,0.0
14828,0.0,0.0,0.0,0.0,0.0,151.0,0.0
14841,0.0,0.0,0.0,0.0,0.0,201.0,0.0
14842,0.0,0.0,0.0,0.0,0.0,4.0,0.0
14865,0.0,0.0,0.0,0.0,0.0,335.0,0.0
14866,0.0,0.0,0.0,0.0,0.0,268.0,0.0
14878,0.0,0.0,0.0,0.0,0.0,199.0,0.0
15048,0.0,0.0,0.0,0.0,0.0,299.0,0.0
14889,0.0,0.0,0.0,0.0,0.0,147.0,0.0
14895,0.0,0.0,0.0,0.0,0.0,92.0,0.0
14913,0.0,0.0,0.0,0.0,0.0,205.0,0.0
14916,0.0,0.0,0.0,0.0,0.0,98.0,0.0
14932,0.0,0.0,0.0,0.0,0.0,262.0,0.0
14944,0.0,0.0,0.0,0.0,0.0,171.0,0.0
14970,0.0,0.0,0.0,0.0,0.0,52.0,0.0
14976,0.0,0.0,0.0,0.0,0.0,114.0,0.0
14987,0.0,0.0,0.0,0.0,0.0,262.0,0.0
15018,0.0,0.0,0.0,0.0,0.0,286.0,0.0
15028,0.0,0.0,0.0,0.0,0.0,296.0,0.0
15033,0.0,0.0,0.0,0.0,0.0,121.0,0.0
15301,0.0,0.0,0.0,0.0,0.0,299.0,0.0
