"CustomerID","frequency","recency","T","monetary_value","predicted_purchases_6m","predicted_avg_value","predicted_LTV_6m","Gender","Location","Tenure_Months"
"12,347",0,0,169,0,0.4188710451,"1,389.0011985875",581.8123837398,M,New York,20
"12,348",0,0,79,0,0.6449006757,"1,389.0011985875",895.7678115864,M,California,39
"12,359",0,0,17,0,1.0423610498,"1,389.0011985875","1,447.8407475421",M,New York,41
"12,370",1,30,106,691.79,0.7556175399,"1,263.4393439651",954.6769288371,F,New York,21
"12,377",0,0,66,0,0.700166502,"1,389.0011985875",972.5321105058,F,California,27
"12,383",2,42,58,"1,326.29",2.3820702756,"1,369.8607214668","3,263.1045062564",M,New York,32
"12,386",1,123,166,57.94,0.7459961406,"1,149.2883066415",857.364641233,M,California,38
"12,388",0,0,1,0,1.2471835961,"1,389.0011985875","1,732.3395098796",M,Chicago,31
"12,393",1,14,23,483.92,1.7994912664,"1,226.0037107262","2,206.1829700004",F,Chicago,39
"12,395",2,161,212,393.25,1.1226471203,"1,085.0817477757","1,218.1638993792",F,New Jersey,10
"12,413",1,22,40,22.79,1.4912566043,"1,142.9580881956","1,704.4437974875",F,New Jersey,15
"12,415",2,18,45,15.075,2.3616920469,969.6565908954,"2,290.0302589808",M,Chicago,29
"12,417",1,36,75,62.21,1.0792881313,"1,150.0572976163","1,241.2431915893",F,California,37
"12,423",0,0,59,0,0.7341789266,"1,389.0011985875","1,019.7754089991",M,New York,9
"12,427",1,163,220,897.56,0.6115194995,"1,300.4967849213",795.27914304,F,New York,37
"12,429",0,0,149,0,0.4540231639,"1,389.0011985875",630.6387188485,F,New Jersey,43
"12,431",2,176,250,981.635,0.9530957874,"1,264.6664134227","1,205.3482310823",F,New Jersey,14
"12,433",2,91,243,"2,972.35",0.6141087516,"1,872.26498863","1,149.7743147947",M,California,32
"12,434",0,0,109,0,0.5460874205,"1,389.0011985875",758.5160816142,F,Chicago,32
"12,437",0,0,16,0,1.0530700265,"1,389.0011985875","1,462.7155290139",F,New Jersey,50
"12,441",1,1,165,155.5,0.2976216204,"1,166.8580395456",347.2821804767,F,Chicago,39
"12,471",8,222,234,"1,469.98375",4.2724810836,"1,440.6123111765","6,154.9888482617",F,California,11
"12,472",1,47,241,"7,814.75",0.3067998019,"2,546.224344856",781.1811246548,F,New Jersey,2
"12,474",3,182,187,909.1966666667,1.9698249277,"1,198.4193280268","2,360.6762661931",F,New York,17
"12,476",0,0,114,0,0.5325460452,"1,389.0011985875",739.7070950306,M,Chicago,14
"12,480",0,0,34,0,0.8898342531,"1,389.0011985875","1,235.9808440714",M,California,22
"12,481",3,113,151,"3,574.8666666667",2.0172266901,"2,257.2429553561","4,553.3707355555",F,California,49
"12,483",0,0,53,0,0.7661756189,"1,389.0011985875","1,064.2188529248",F,New York,39
"12,484",0,0,36,0,0.8748897023,"1,389.0011985875","1,215.2228451081",M,California,44
"12,489",0,0,37,0,0.8676117655,"1,389.0011985875","1,205.1137821575",M,California,2
"12,490",0,0,10,0,1.1225435646,"1,389.0011985875","1,559.2143566762",F,New York,26
"12,494",3,99,150,101.79,1.8840049124,877.7114926497,"1,653.6127638355",F,California,28
"12,500",0,0,27,0,0.9466223549,"1,389.0011985875","1,314.8595855955",F,Washington DC,46
"12,501",1,1,38,"9,002.18",1.29122787,"2,760.0704697265","3,563.8799137672",M,Chicago,8
"12,503",0,0,44,0,0.8199893717,"1,389.0011985875","1,138.9662201367",F,Chicago,36
"12,515",0,0,58,0,0.7393186428,"1,389.0011985875","1,026.9144809555",F,New York,28
"12,523",0,0,18,0,1.0318787752,"1,389.0011985875","1,433.2808555108",F,Chicago,35
"12,524",1,1,27,421.38,1.5293207672,"1,214.7407843647","1,857.7283083164",F,Washington DC,20
"12,530",0,0,38,0,0.8604588021,"1,389.0011985875","1,195.1783075143",M,California,29
"12,539",1,1,28,"1,655.36",1.5053386409,"1,436.9701715015","2,163.1267250284",M,Chicago,13
"12,540",1,98,120,"1,523.08",0.9462531765,"1,413.1476595236","1,337.1954616777",F,Chicago,25
"12,551",0,0,75,0,0.6609263401,"1,389.0011985875",918.027478553,M,Chicago,41
"12,553",1,1,10,"1,596.05",2.0308487036,"1,426.2889408891","2,896.5770465797",F,Chicago,8
"12,557",2,196,219,124.07,1.1803172779,"1,002.923636507","1,183.7680966143",M,New York,50
"12,567",1,34,207,"1,474.15",0.3386923553,"1,404.335779337",475.6377927494,F,Washington DC,23
"12,577",0,0,89,0,0.6081205944,"1,389.0011985875",844.6802345201,F,New Jersey,10
"12,578",2,41,51,"2,461.57",2.5759887703,"1,716.3666303796","4,421.3411655718",F,Chicago,8
"12,583",1,213,251,"1,685.62",0.5843754649,"1,442.4197422034",842.9147074771,M,Chicago,33
"12,585",1,10,57,"1,024.17",1.0883765705,"1,323.2981777359","1,440.2467324145",F,New Jersey,4
"12,586",0,0,189,0,0.3888325667,"1,389.0011985875",540.0889012507,M,California,3
"12,600",1,140,217,429.86,0.5845392861,"1,216.2679608205",710.9564055486,M,New York,39
"12,601",0,0,23,0,0.982620813,"1,389.0011985875","1,364.8614869977",F,California,10
"12,605",0,0,143,0,0.4657692238,"1,389.0011985875",646.9540100703,F,New York,37
"12,621",2,76,150,774.485,1.1686066707,"1,201.4408663935","1,404.0118109375",M,California,44
"12,626",1,1,2,"2,771.15",2.3476878665,"1,637.9145367856","3,845.312084384",F,California,30
"12,643",0,0,22,0,0.9920739694,"1,389.0011985875","1,377.9919326149",M,New York,48
"12,647",3,121,196,626.2733333333,1.4683541319,"1,086.0401100231","1,594.6914829662",M,New York,28
"12,649",0,0,144,0,0.4637688199,"1,389.0011985875",644.1754466999,M,Chicago,33
"12,651",0,0,31,0,0.9132778488,"1,389.0011985875","1,268.5440266715",M,New York,44
"12,652",1,1,16,"1,476.13",1.8310695149,"1,404.6923606321","2,572.0893593242",M,New York,21
"12,662",0,0,243,0,0.3259185768,"1,389.0011985875",452.7012938697,M,Chicago,21
"12,665",0,0,18,0,1.0318787752,"1,389.0011985875","1,433.2808555108",F,Chicago,10
"12,666",0,0,92,0,0.5979102593,"1,389.0011985875",830.4980667826,M,California,13
"12,668",0,0,71,0,0.6777931762,"1,389.0011985875",941.4555341147,F,California,32
"12,672",0,0,10,0,1.1225435646,"1,389.0011985875","1,559.2143566762",F,California,43
"12,673",0,0,0,0,1.2628819396,"1,389.0011985875","1,754.1445277588",M,California,4
"12,678",0,0,59,0,0.7341789266,"1,389.0011985875","1,019.7754089991",M,New York,27
"12,681",3,148,173,"3,499.1366666667",1.9680250001,"2,227.1624452788","4,383.1113716063",M,Chicago,27
"12,682",2,169,216,"3,281.39",1.1235489994,"1,966.5890197856","2,209.5591254186",F,Chicago,33
"12,683",2,99,150,"2,599.73",1.3402166129,"1,758.535308041","2,356.8182341239",M,Chicago,15
"12,686",0,0,221,0,0.3488915074,"1,389.0011985875",484.6107219438,M,Chicago,30
"12,691",0,0,73,0,0.6692504337,"1,389.0011985875",929.5896545442,F,California,7
"12,705",0,0,73,0,0.6692504337,"1,389.0011985875",929.5896545442,F,New Jersey,45
"12,708",2,179,189,"1,306.495",1.3356457465,"1,363.8189657176","1,821.57900049",F,California,25
"12,709",1,91,166,"1,129.49",0.6679629149,"1,342.2654211703",896.583523296,M,Washington DC,36
"12,712",4,197,215,168.1075,2.2893715068,818.005242734,"1,872.7178951453",M,Chicago,37
"12,720",1,118,192,"1,771.67",0.6277623384,"1,457.9166212153",915.225147331,F,Chicago,20
"12,721",1,85,150,"2,080.8",0.7270809603,"1,513.5883261421","1,100.5012536183",F,California,5
"12,724",0,0,19,0,1.0216158285,"1,389.0011985875","1,419.0256102324",M,California,19
"12,725",1,1,213,"3,469.24",0.1981919621,"1,763.6346561281",349.538212843,F,New Jersey,48
"12,726",0,0,74,0,0.6650615955,"1,389.0011985875",923.7713532767,M,Chicago,25
"12,728",0,0,21,0,1.0017200248,"1,389.0011985875","1,391.3903150385",F,California,5
"12,731",0,0,138,0,0.4760404316,"1,389.0011985875",661.220730114,F,California,28
"12,734",0,0,58,0,0.7393186428,"1,389.0011985875","1,026.9144809555",F,California,27
"12,735",0,0,42,0,0.8330326979,"1,389.0011985875","1,157.0834157903",M,Washington DC,5
"12,736",0,0,24,0,0.973354634,"1,389.0011985875","1,351.9907533312",F,New York,3
"12,738",0,0,222,0,0.3477765081,"1,389.0011985875",483.0619865869,M,New York,42
"12,747",1,73,192,260.2,0.5137922446,"1,185.7136262109",609.2104654971,F,Chicago,9
"12,748",32,240,244,"2,580.949375",16.5968748098,"2,432.489349401","40,371.721208139",F,Chicago,28
"12,753",1,88,127,165.66,0.8692420935,"1,168.6877698275","1,015.8726036716",F,New York,13
"12,755",0,0,150,0,0.4521237585,"1,389.0011985875",628.0004424294,F,Chicago,37
"12,763",1,1,192,102.12,0.235106646,"1,157.2447519029",272.0759322111,F,California,48
"12,766",2,128,157,"1,159.2",1.4265910233,"1,318.8621375754","1,881.4768863938",F,Chicago,22
"12,779",1,215,217,894.59,0.6849617517,"1,299.9619129786",890.424189079,F,California,28
"12,782",1,24,75,61.98,0.9925628362,"1,150.0158765567","1,141.4630201025",F,Chicago,19
"12,785",0,0,132,0,0.4889913538,"1,389.0011985875",679.2095765477,F,New Jersey,36
"12,791",0,0,249,0,0.3201736924,"1,389.0011985875",444.7216424628,F,Washington DC,26
"12,793",1,182,213,"1,449.9",0.6599839886,"1,399.9685589298",923.956833421,F,Chicago,39
"12,797",1,51,150,54.96,0.6043926367,"1,148.7516337832",694.2970288363,M,California,34
"12,808",0,0,189,0,0.3888325667,"1,389.0011985875",540.0889012507,M,California,32
"12,826",0,0,143,0,0.4657692238,"1,389.0011985875",646.9540100703,M,California,33
"12,829",1,62,100,165.27,0.9734907752,"1,168.6175341179","1,137.6383891885",M,New Jersey,15
"12,838",0,0,247,0,0.3220658086,"1,389.0011985875",447.3497941543,F,California,31
"12,839",2,96,168,"1,179.815",1.1459043472,"1,325.1541706529","1,518.4999249257",F,California,45
"12,841",2,177,220,"1,426.95",1.1233254064,"1,400.5837896008","1,573.311354694",F,California,19
"12,855",0,0,235,0,0.3339102312,"1,389.0011985875",463.8017113378,F,New York,33
"12,865",0,0,96,0,0.5848303797,"1,389.0011985875",812.330098325,M,New Jersey,34
"12,867",1,1,100,"3,909.21",0.5764780826,"1,842.8695411817","1,062.3738995128",M,Chicago,32
"12,868",1,228,243,"1,108.75",0.6203999028,"1,338.5303221499",830.4240818175,F,California,8
"12,870",0,0,156,0,0.4410578679,"1,389.0011985875",612.6299072093,F,California,28
"12,872",1,142,144,"1,800.34",0.8960206574,"1,463.0798463317","1,310.9497656716",M,New Jersey,20
"12,875",0,0,126,0,0.5026805221,"1,389.0011985875",698.2238476988,F,New Jersey,24
"12,877",1,77,86,222.96,1.1651952415,"1,179.0070163979","1,373.7733651491",F,New Jersey,23
"12,913",0,0,175,0,0.4093766767,"1,389.0011985875",568.6246946754,F,New York,21
"12,915",0,0,230,0,0.3391091834,"1,389.0011985875",471.0230622294,F,Washington DC,3
"12,921",2,189,240,"2,223.49",1.0430147008,"1,643.7007446122","1,714.4040403792",M,New York,49
"12,924",0,0,4,0,1.2024837423,"1,389.0011985875","1,670.2513593841",M,California,45
"12,928",0,0,90,0,0.6046776607,"1,389.0011985875",839.8979954358,F,Chicago,21
"12,931",1,4,76,8.39,0.7999814936,"1,140.3647696857",912.270711724,F,New York,44
"12,939",0,0,32,0,0.9053212842,"1,389.0011985875","1,257.492348797",F,Chicago,19
"12,942",0,0,151,0,0.4502404306,"1,389.0011985875",625.384497702,F,New Jersey,4
"12,944",1,1,66,"1,026.87",0.8731282899,"1,323.7844249565","1,155.8336311325",F,California,43
"12,947",3,199,238,"1,386.46",1.5545302458,"1,387.9918159159","2,157.6752587683",M,California,48
"12,951",0,0,14,0,1.0751993197,"1,389.0011985875","1,493.4531437475",F,New York,18
"12,957",1,15,54,29.4,1.1835917095,"1,144.1484934282","1,354.2046712965",F,Chicago,44
"12,963",1,1,152,200.22,0.3358365443,"1,174.9117342512",394.5782967221,M,New York,9
"12,967",2,143,221,185.095,0.9983578145,"1,021.5494584112","1,019.8718846982",F,New York,34
"12,971",11,207,223,283.19,5.9488723516,606.8926924141,"3,610.3271582806",F,Washington DC,43
"12,980",2,70,87,166.09,2.0133715347,"1,015.7488235028","2,045.0797676881",M,California,23
"12,989",1,129,133,20.59,0.9357656492,"1,142.5618867566","1,069.1701657215",F,California,5
"13,000",0,0,138,0,0.4760404316,"1,389.0011985875",661.220730114,M,New Jersey,32
"13,004",1,50,77,"1,143.02",1.1403623357,"1,344.7020600202","1,533.4475820506",F,California,37
"13,008",0,0,110,0,0.5433231639,"1,389.0011985875",754.6765259332,F,Chicago,48
"13,011",0,0,222,0,0.3477765081,"1,389.0011985875",483.0619865869,F,New York,18
"13,013",0,0,218,0,0.3522802853,"1,389.0011985875",489.3177384897,M,Chicago,13
"13,021",1,56,144,565.91,0.6548747357,"1,240.7694179916",812.5485446183,M,Chicago,29
"13,027",0,0,64,0,0.7095482665,"1,389.0011985875",985.5633926105,F,New York,15
"13,029",0,0,59,0,0.7341789266,"1,389.0011985875","1,019.7754089991",F,New York,35
"13,030",0,0,178,0,0.404791219,"1,389.0011985875",562.2554883825,M,California,39
"13,033",0,0,74,0,0.6650615955,"1,389.0011985875",923.7713532767,M,California,50
"13,034",0,0,193,0,0.3833407434,"1,389.0011985875",532.4607520686,F,Chicago,40
"13,047",1,212,251,11.06,0.5833502696,"1,140.8456141594",665.5125966092,M,California,43
"13,048",0,0,3,0,1.2170005625,"1,389.0011985875","1,690.415240042",M,Chicago,45
"13,050",5,104,166,947.838,2.465251978,"1,158.0917340293","2,854.9879379713",F,Chicago,10
"13,064",0,0,3,0,1.2170005625,"1,389.0011985875","1,690.415240042",M,New Jersey,15
"13,065",1,1,237,662.54,0.1649900682,"1,258.171665742",207.5858289076,F,Chicago,32
"13,069",2,178,209,"1,533.44",1.1952202627,"1,433.086268496","1,712.8537462611",F,New York,38
"13,077",0,0,155,0,0.4428638278,"1,389.0011985875",615.1383876167,F,New York,45
"13,078",6,153,166,362.495,4.0288239548,805.3572859283,"3,244.6427257149",F,California,28
"13,081",5,203,212,"4,263.678",2.918065823,"2,893.6373131078","8,443.8241475805",F,New York,5
"13,082",0,0,47,0,0.8012000714,"1,389.0011985875","1,112.8678595184",M,Chicago,45
"13,089",11,197,211,"1,053.0709090909",6.2099877282,"1,151.4073514351","7,150.2255225558",F,New Jersey,25
"13,090",3,227,236,187.4766666667,1.6689590399,911.7468635747,"1,521.668170071",M,New Jersey,4
"13,092",0,0,94,0,0.59129625,"1,389.0011985875",821.3111999309,F,Washington DC,2
"13,093",4,228,240,"1,655.395",2.1517489322,"1,513.5900824903","3,256.8658438235",M,California,35
"13,094",2,149,189,82.49,1.2401496298,990.2327446631,"1,228.036771709",M,Washington DC,10
"13,097",1,55,100,"2,209.61",0.9413823323,"1,536.7859203957","1,446.7031140526",M,California,33
"13,102",4,125,145,"1,158.2825",2.8943512679,"1,281.09709196","3,707.9449923538",F,New York,10
"13,104",0,0,65,0,0.704825195,"1,389.0011985875",979.0030406166,F,New York,20
"13,107",1,21,26,93.39,1.7935871767,"1,155.6725525563","2,072.7994707557",F,California,20
"13,108",0,0,234,0,0.3349371033,"1,389.0011985875",465.2280378894,F,Chicago,45
"13,113",2,141,158,"8,339.39",1.4709475386,"3,510.3728328369","5,163.5742780112",M,New Jersey,44
"13,115",1,116,155,125,0.7837422331,"1,161.3652468685",910.2109920563,F,Chicago,26
"13,117",1,85,229,410.43,0.43649492,"1,212.7687817479",529.3674123534,M,New Jersey,30
"13,124",1,1,92,244,0.6324286334,"1,182.7961428873",748.034148186,M,New York,4
"13,126",2,141,164,730.56,1.4157234575,"1,188.0342424338","1,681.9279453025",F,Washington DC,37
"13,136",0,0,143,0,0.4657692238,"1,389.0011985875",646.9540100703,F,California,48
"13,138",1,1,227,289.48,0.1778314459,"1,190.9867071809",211.794888127,F,California,21
"13,140",0,0,155,0,0.4428638278,"1,389.0011985875",615.1383876167,M,New York,34
"13,144",0,0,23,0,0.982620813,"1,389.0011985875","1,364.8614869977",M,California,38
"13,145",0,0,222,0,0.3477765081,"1,389.0011985875",483.0619865869,F,California,4
"13,148",1,74,133,345.13,0.7851297392,"1,201.008802672",942.9477280344,M,New York,16
"13,155",2,183,184,"1,374.57",1.3831196165,"1,384.596562213","1,915.0626660858",F,California,8
"13,162",1,15,33,"3,417.77",1.5668340412,"1,754.365343371","2,748.7993407031",F,New York,14
"13,165",0,0,57,0,0.7445332751,"1,389.0011985875","1,034.1576114421",F,Chicago,31
"13,173",0,0,170,0,0.4172577546,"1,389.0011985875",579.5715212037,F,California,8
"13,174",2,2,191,"6,779.71",0.1925458918,"3,034.3331456998",584.2483814572,M,Chicago,25
"13,178",0,0,107,0,0.551703046,"1,389.0011985875",766.3161921778,F,California,9
"13,183",0,0,33,0,0.8975080713,"1,389.0011985875","1,246.6397867768",F,New York,42
"13,187",0,0,39,0,0.8534275271,"1,389.0011985875","1,185.4118580915",F,Chicago,50
"13,198",1,21,120,15.95,0.6058204377,"1,141.7262619034",691.6811036829,M,California,50
"13,199",3,153,164,489.3533333333,2.113600052,"1,031.6544842502","2,180.5049715966",M,California,47
"13,209",1,39,120,55.17,0.7123869937,"1,148.7894530114",818.3826647743,F,California,18
"13,211",0,0,111,0,0.5405873372,"1,389.0011985875",750.8764593134,F,Chicago,33
"13,221",0,0,94,0,0.59129625,"1,389.0011985875",821.3111999309,F,New York,35
"13,225",1,75,120,477.15,0.8722615943,"1,224.7844908435","1,068.3324726042",F,New York,50
"13,230",0,0,141,0,0.4698231442,"1,389.0011985875",652.5849104795,M,California,30
"13,233",1,1,35,255.7,1.3508964257,"1,184.9032141766","1,600.6815168742",M,Chicago,30
"13,238",0,0,101,0,0.5692814725,"1,389.0011985875",790.732647688,M,California,19
"13,240",0,0,148,0,0.4559388564,"1,389.0011985875",633.2996180474,F,California,24
"13,246",0,0,12,0,1.0983328951,"1,389.0011985875","1,525.5857077642",F,California,25
"13,253",0,0,52,0,0.7717913028,"1,389.0011985875","1,072.0190446586",M,Chicago,38
"13,255",0,0,247,0,0.3220658086,"1,389.0011985875",447.3497941543,M,California,15
"13,266",0,0,89,0,0.6081205944,"1,389.0011985875",844.6802345201,F,Washington DC,12
"13,267",5,149,166,"2,805.592",3.3399380403,"2,130.4597438595","7,115.603541948",M,California,46
"13,269",1,93,207,"1,959.26",0.5190838129,"1,491.6999975528",774.3173224035,F,California,41
"13,270",0,0,155,0,0.4428638278,"1,389.0011985875",615.1383876167,M,Chicago,7
"13,280",0,0,39,0,0.8534275271,"1,389.0011985875","1,185.4118580915",F,California,43
"13,284",0,0,15,0,1.0640134227,"1,389.0011985875","1,477.9159194336",F,Chicago,14
"13,295",1,126,222,799.42,0.5441754184,"1,282.8225989105",698.0805245034,F,New York,33
"13,304",0,0,56,0,0.7498245162,"1,389.0011985875","1,041.5071517061",M,California,12
"13,305",0,0,232,0,0.3370101028,"1,389.0011985875",468.107436726,F,Chicago,38
"13,313",0,0,55,0,0.7551941113,"1,389.0011985875","1,048.9655257853",M,California,42
"13,317",0,0,88,0,0.6116039627,"1,389.0011985875",849.5186371956,F,Chicago,17
"13,319",4,119,173,"1,610.1075",2.2208096164,"1,492.4097132406","3,314.3578427979",F,Chicago,27
"13,324",0,0,111,0,0.5405873372,"1,389.0011985875",750.8764593134,F,Chicago,24
"13,327",0,0,143,0,0.4657692238,"1,389.0011985875",646.9540100703,F,Chicago,14
"13,329",2,103,166,18.11,1.2091333502,970.5829222265,"1,173.5641803886",M,Chicago,2
"13,368",0,0,43,0,0.8264575793,"1,389.0011985875","1,147.9505682605",M,California,43
"13,369",1,87,150,536.99,0.733150339,"1,235.5611699843",905.8520906883,F,New York,24
"13,370",2,67,221,"1,601.6",0.5674523463,"1,453.8898083729",825.0131830944,M,Washington DC,41
"13,385",0,0,10,0,1.1225435646,"1,389.0011985875","1,559.2143566762",F,Chicago,26
"13,397",0,0,53,0,0.7661756189,"1,389.0011985875","1,064.2188529248",M,California,40
"13,402",0,0,222,0,0.3477765081,"1,389.0011985875",483.0619865869,M,Chicago,42
"13,408",7,227,249,538.1414285714,3.5072219089,873.4505113515,"3,063.3847697632",M,Chicago,30
"13,418",2,141,234,920.92,0.9135676667,"1,246.1352085572","1,138.4288349326",F,New York,22
"13,426",1,56,94,655.27,0.9987429965,"1,256.8624000776","1,255.282519701",M,Chicago,38
"13,448",2,138,249,618.81,0.8204834211,"1,153.9263260422",946.7774196543,F,California,41
"13,451",0,0,29,0,0.9296376443,"1,389.0011985875","1,291.2678021499",M,California,12
"13,455",1,152,157,237.63,0.8442918652,"1,181.6489596298",997.6566041149,F,New York,38
"13,458",3,77,95,727.4566666667,2.7737620482,"1,126.2308703292","3,123.8964456315",F,California,33
"13,468",4,217,240,"1,643.935",2.1025830305,"1,508.2303909286","3,171.1796260647",M,New York,33
"13,473",1,12,24,125,1.7500200314,"1,161.3652468685","2,032.4124457806",F,New York,5
"13,481",0,0,177,0,0.4063080935,"1,389.0011985875",564.3624288646,M,Chicago,6
"13,487",0,0,59,0,0.7341789266,"1,389.0011985875","1,019.7754089991",M,Washington DC,6
"13,488",3,155,172,"1,588.3133333333",2.0208431585,"1,468.1694367724","2,966.9401618546",F,California,22
"13,491",3,204,227,436.7233333333,1.6671996211,"1,010.7494631837","1,685.1211220101",F,Chicago,16
"13,495",2,80,176,199.94,0.9605960783,"1,026.0803937028",985.6488022344,M,New York,25
"13,496",1,18,98,"1,570.35",0.7325928547,"1,421.6605877153","1,041.4983883433",F,New York,21
"13,497",0,0,187,0,0.3916386726,"1,389.0011985875",543.9865856364,F,New York,22
"13,506",0,0,205,0,0.3677683751,"1,389.0011985875",510.8307137475,M,New Jersey,30
"13,520",0,0,220,0,0.3500137555,"1,389.0011985875",486.1695258797,F,Chicago,19
"13,523",0,0,156,0,0.4410578679,"1,389.0011985875",612.6299072093,F,Chicago,13
"13,527",0,0,1,0,1.2471835961,"1,389.0011985875","1,732.3395098796",F,California,44
"13,531",0,0,155,0,0.4428638278,"1,389.0011985875",615.1383876167,F,New Jersey,48
"13,534",3,59,81,720.19,2.9061128071,"1,123.3444971628","3,264.5658300212",F,California,20
"13,564",1,114,174,"3,889",0.6907251195,"1,839.2298906898","1,270.4022859778",M,California,26
"13,565",0,0,29,0,0.9296376443,"1,389.0011985875","1,291.2678021499",F,New Jersey,8
"13,569",0,0,172,0,0.4140686845,"1,389.0011985875",575.1418990212,M,Chicago,14
"13,576",2,214,236,401.46,1.1246916152,"1,087.5875732216","1,223.2006243579",M,New York,23
"13,579",0,0,191,0,0.3860668824,"1,389.0011985875",536.247362426,F,New York,49
"13,593",1,1,34,"1,724.75",1.3716092509,"1,449.4667250707","1,988.1019689642",M,California,28
"13,599",4,161,166,222.66,2.7904783087,843.5187308597,"2,353.8207214531",F,California,46
"13,611",0,0,98,0,0.5785076359,"1,389.0011985875",803.5477996015,F,New York,5
"13,614",0,0,12,0,1.0983328951,"1,389.0011985875","1,525.5857077642",M,Chicago,20
"13,627",0,0,76,0,0.6568436237,"1,389.0011985875",912.3565805438,F,Chicago,49
"13,629",0,0,50,0,0.7832824164,"1,389.0011985875","1,087.9802152389",F,New York,22
"13,634",0,0,3,0,1.2170005625,"1,389.0011985875","1,690.415240042",M,Chicago,21
"13,649",1,1,156,705.59,0.3234081673,"1,265.924607537",409.4103572699,F,California,34
"13,652",0,0,189,0,0.3888325667,"1,389.0011985875",540.0889012507,F,Washington DC,35
"13,656",0,0,40,0,0.8465147718,"1,389.0011985875","1,175.8100327015",M,Chicago,44
"13,668",1,91,124,"2,005.76",0.8982477331,"1,500.0742552408","1,347.4382992817",F,Chicago,15
"13,672",1,5,26,184.56,1.6105439861,"1,172.0915003717","1,887.7049170356",F,New Jersey,45
"13,680",2,15,53,"1,587.85",2.0202948645,"1,449.6930848796","2,928.8074944585",M,Washington DC,34
"13,694",5,233,247,823.426,2.6001368776,"1,092.9731828977","2,841.879879121",F,California,44
"13,700",1,1,4,65.08,2.2622907376,"1,150.5741604026","2,602.9332659526",M,Chicago,42
"13,705",0,0,249,0,0.3201736924,"1,389.0011985875",444.7216424628,F,Chicago,39
"13,715",4,196,235,"1,478.5725",2.0406706779,"1,430.8925204333","2,919.980409704",M,California,23
"13,747",0,0,249,0,0.3201736924,"1,389.0011985875",444.7216424628,F,Chicago,21
"13,748",0,0,251,0,0.3183038785,"1,389.0011985875",442.1244687656,F,California,30
"13,750",0,0,38,0,0.8604588021,"1,389.0011985875","1,195.1783075143",M,New York,20
"13,756",2,85,173,867.215,1.0239795112,"1,229.7435696328","1,259.2322193369",F,California,6
"13,758",2,215,247,317.8,1.0694238558,"1,062.0531814067","1,135.7850083566",M,Washington DC,46
"13,764",1,1,42,"3,748.48",1.2170503152,"1,813.9234242313","2,207.6360751336",M,New York,14
"13,767",8,225,249,800.09625,3.9632015364,"1,013.6852931776","4,017.4391113346",F,Chicago,29
"13,769",1,63,171,244,0.5588788678,"1,182.7961428873",661.0397691521,F,New York,20
"13,777",5,228,238,274.36,2.6896674408,805.5862556267,"2,166.7591225426",F,California,7
"13,782",0,0,4,0,1.2024837423,"1,389.0011985875","1,670.2513593841",M,New Jersey,17
"13,784",0,0,19,0,1.0216158285,"1,389.0011985875","1,419.0256102324",M,New York,30
"13,786",0,0,170,0,0.4172577546,"1,389.0011985875",579.5715212037,M,Chicago,21
"13,787",0,0,131,0,0.4912199246,"1,389.0011985875",682.3050639712,F,New Jersey,35
"13,798",5,200,222,"1,356.854",2.7427414751,"1,372.1750162662","3,763.5213281996",M,California,37
"13,802",0,0,111,0,0.5405873372,"1,389.0011985875",750.8764593134,F,New Jersey,40
"13,807",0,0,167,0,0.4221358875,"1,389.0011985875",586.3472537578,F,Chicago,33
"13,817",0,0,57,0,0.7445332751,"1,389.0011985875","1,034.1576114421",M,California,14
"13,829",0,0,89,0,0.6081205944,"1,389.0011985875",844.6802345201,F,New York,38
"13,831",0,0,205,0,0.3677683751,"1,389.0011985875",510.8307137475,F,California,35
"13,838",1,1,211,"2,322.85",0.2013545036,"1,557.1794890106",313.5451029735,F,California,5
"13,842",1,127,165,652.99,0.7589798986,"1,256.4517913136",953.6216532009,F,New York,5
"13,846",0,0,99,0,0.5753984324,"1,389.0011985875",799.2291122276,F,New Jersey,4
"13,848",0,0,155,0,0.4428638278,"1,389.0011985875",615.1383876167,M,New York,35
"13,854",4,141,150,417.4,2.9405781103,934.5960724592,"2,748.2527526453",F,Chicago,44
"13,862",1,14,19,369,1.9118156178,"1,205.3075882852","2,304.3258715048",M,California,32
"13,869",0,0,73,0,0.6692504337,"1,389.0011985875",929.5896545442,F,New Jersey,6
"13,874",0,0,79,0,0.6449006757,"1,389.0011985875",895.7678115864,F,California,39
"13,880",0,0,170,0,0.4172577546,"1,389.0011985875",579.5715212037,F,New York,40
"13,890",0,0,88,0,0.6116039627,"1,389.0011985875",849.5186371956,F,New York,31
"13,922",0,0,57,0,0.7445332751,"1,389.0011985875","1,034.1576114421",F,New Jersey,11
"13,941",1,23,235,28.03,0.2427377141,"1,143.9017679867",277.6681003653,F,New York,38
"13,948",0,0,110,0,0.5433231639,"1,389.0011985875",754.6765259332,F,Chicago,9
"13,953",0,0,58,0,0.7393186428,"1,389.0011985875","1,026.9144809555",F,Chicago,16
"13,958",0,0,223,0,0.346668687,"1,389.0011985875",481.5232216917,F,New Jersey,22
"13,959",0,0,122,0,0.5122490643,"1,389.0011985875",711.5145642217,M,California,38
"13,963",1,120,174,438.32,0.7039325176,"1,217.7915354451",857.2430614882,F,Chicago,40
"13,969",0,0,141,0,0.4698231442,"1,389.0011985875",652.5849104795,F,New York,15
"13,982",0,0,145,0,0.4617858081,"1,389.0011985875",641.4210409799,F,Chicago,13
"13,983",0,0,165,0,0.4254527738,"1,389.0011985875",590.954412737,M,California,30
"13,984",0,0,154,0,0.4446848701,"1,389.0011985875",617.6678175399,F,New York,34
"13,993",0,0,13,0,1.0866361848,"1,389.0011985875","1,509.3389630782",M,Chicago,49
"13,999",1,1,119,"1,481.59",0.4677117337,"1,405.6756605671",657.4510002109,F,Chicago,48
"14,001",0,0,243,0,0.3259185768,"1,389.0011985875",452.7012938697,F,New York,10
"14,016",0,0,74,0,0.6650615955,"1,389.0011985875",923.7713532767,M,California,41
"14,030",1,1,153,"4,962.16",0.3326700555,"2,032.4969526354",676.150873966,F,California,5
"14,031",3,184,223,362.54,1.6188138502,981.2833004226,"1,588.5149976852",F,Chicago,17
"14,032",4,107,164,330.345,2.2100880208,893.8815917519,"1,975.5569979167",M,New York,50
"14,037",0,0,135,0,0.4824274504,"1,389.0011985875",670.0923068697,M,California,24
"14,040",0,0,16,0,1.0530700265,"1,389.0011985875","1,462.7155290139",F,New York,10
"14,045",1,203,248,150.72,0.5816661675,"1,165.9972018736",678.2211237443,F,California,14
"14,047",2,196,235,58.01,1.088425877,982.7610507636,"1,069.662558533",F,California,10
"14,051",2,98,159,822.895,1.2432267255,"1,216.2163852527","1,512.0327140872",M,Chicago,6
"14,057",1,6,107,693.47,0.5748313161,"1,263.7418977912",726.4384182835,M,New York,39
"14,060",3,206,231,586.6833333333,1.6405762964,"1,070.3146723635","1,755.9328811864",F,Chicago,22
"14,062",2,69,130,490.75,1.3336283241,"1,114.8403325469","1,486.7826443781",F,California,18
"14,078",0,0,243,0,0.3259185768,"1,389.0011985875",452.7012938697,F,New York,7
"14,081",0,0,191,0,0.3860668824,"1,389.0011985875",536.247362426,F,California,49
"14,082",0,0,137,0,0.4781502338,"1,389.0011985875",664.1512478318,F,New York,31
"14,083",1,157,218,"2,055.57",0.6088590616,"1,509.044616003",918.7954888,M,Chicago,41
"14,085",3,171,184,"1,808.7466666667",1.956491616,"1,555.7271695691","3,043.7671640983",F,New York,5
"14,092",2,177,235,918.925,1.0361161508,"1,245.5263021304","1,290.5099179318",F,Chicago,41
"14,099",1,60,65,"2,707.27",1.3388115506,"1,626.4102877294","2,177.4568792896",M,New York,32
"14,107",1,68,132,17.99,0.7690990927,"1,142.0936486923",878.3831890098,M,Chicago,11
"14,113",1,1,65,169.24,0.8846631954,"1,169.3324976237","1,034.4654238442",M,Chicago,23
"14,114",0,0,13,0,1.0866361848,"1,389.0011985875","1,509.3389630782",M,California,18
"14,119",0,0,63,0,0.7143370932,"1,389.0011985875",992.2150786418,M,California,8
"14,135",7,235,235,777.5757142857,3.8283352258,"1,018.5278964834","3,899.2662245923",F,Chicago,21
"14,142",0,0,237,0,0.3318754436,"1,389.0011985875",460.9753889856,F,Chicago,21
"14,146",0,0,73,0,0.6692504337,"1,389.0011985875",929.5896545442,M,California,29
"14,150",0,0,98,0,0.5785076359,"1,389.0011985875",803.5477996015,M,Chicago,48
"14,156",4,217,223,783.65,2.290030891,"1,105.8863896042","2,532.5139941252",F,California,5
"14,159",0,0,128,0,0.4980315192,"1,389.0011985875",691.76637714,F,California,13
"14,161",0,0,198,0,0.3766928827,"1,389.0011985875",523.2268655274,F,Chicago,41
"14,167",0,0,15,0,1.0640134227,"1,389.0011985875","1,477.9159194336",M,California,29
"14,175",0,0,9,0,1.1350775674,"1,389.0011985875","1,576.6241015538",M,California,37
"14,176",2,173,173,183.285,1.4429641133,"1,020.9970169914","1,473.2620552697",F,New York,13
"14,180",3,176,229,"5,641.09",1.5237975761,"3,077.9619808439","4,690.1910056947",F,California,11
"14,185",0,0,16,0,1.0530700265,"1,389.0011985875","1,462.7155290139",F,California,19
"14,189",1,136,187,"3,589.06",0.6824575436,"1,785.2132272287","1,218.3322338875",F,New York,7
"14,201",0,0,93,0,0.5945844147,"1,389.0011985875",825.8784647326,F,California,12
"14,205",0,0,145,0,0.4617858081,"1,389.0011985875",641.4210409799,M,Chicago,26
"14,206",0,0,110,0,0.5433231639,"1,389.0011985875",754.6765259332,F,Chicago,24
"14,209",0,0,21,0,1.0017200248,"1,389.0011985875","1,391.3903150385",F,California,29
"14,210",1,164,217,"2,673.19",0.6224164336,"1,620.2727672561","1,008.4843972921",F,New York,18
"14,213",0,0,221,0,0.3488915074,"1,389.0011985875",484.6107219438,F,California,25
"14,215",2,164,175,"1,162.36",1.4007235961,"1,319.8266209382","1,848.7122906474",F,New York,29
"14,217",3,134,157,187.7633333333,2.096044762,911.8607296721,"1,911.3009061105",F,New York,10
"14,220",0,0,79,0,0.6449006757,"1,389.0011985875",895.7678115864,F,California,19
"14,221",0,0,52,0,0.7717913028,"1,389.0011985875","1,072.0190446586",F,New York,39
"14,229",1,14,26,35.11,1.7212089023,"1,145.176816254","1,971.0885307868",M,Chicago,29
"14,236",0,0,221,0,0.3488915074,"1,389.0011985875",484.6107219438,F,Chicago,18
"14,237",0,0,243,0,0.3259185768,"1,389.0011985875",452.7012938697,F,Chicago,39
"14,243",1,78,152,"1,097.44",0.6948494809,"1,336.4934865703",928.6618053735,M,New York,46
"14,256",0,0,135,0,0.4824274504,"1,389.0011985875",670.0923068697,F,Chicago,7
"14,258",0,0,44,0,0.8199893717,"1,389.0011985875","1,138.9662201367",F,California,31
"14,264",0,0,222,0,0.3477765081,"1,389.0011985875",483.0619865869,M,Chicago,16
"14,270",0,0,18,0,1.0318787752,"1,389.0011985875","1,433.2808555108",M,New York,6
"14,282",0,0,172,0,0.4140686845,"1,389.0011985875",575.1418990212,F,New Jersey,37
"14,290",0,0,120,0,0.5171739891,"1,389.0011985875",718.3552907226,F,New York,17
"14,293",0,0,189,0,0.3888325667,"1,389.0011985875",540.0889012507,F,California,18
"14,295",0,0,22,0,0.9920739694,"1,389.0011985875","1,377.9919326149",F,Chicago,7
"14,298",5,70,106,"2,445.524",3.6619921033,"1,941.9963603526","7,111.5753363398",M,Chicago,41
"14,299",6,151,157,380.9083333333,4.2545896872,815.8266137575,"3,471.0074974619",F,Washington DC,18
"14,307",0,0,248,0,0.3211169376,"1,389.0011985875",446.0318112435,F,California,28
"14,309",0,0,84,0,0.6259566761,"1,389.0011985875",869.4545733474,F,New Jersey,49
"14,312",0,0,40,0,0.8465147718,"1,389.0011985875","1,175.8100327015",M,Chicago,27
"14,320",1,1,24,313.27,1.6044511531,"1,195.271085469","1,917.7540712988",F,Chicago,29
"14,321",0,0,26,0,0.9553607378,"1,389.0011985875","1,326.9972098834",F,Washington DC,24
"14,329",1,1,8,97.46,2.1041558668,"1,156.4055252185","2,433.2574702323",F,California,22
"14,334",0,0,80,0,0.6410182117,"1,389.0011985875",890.3750643549,M,California,41
"14,344",2,108,187,899.37,1.0620271391,"1,239.5577982822","1,316.4440223178",F,New York,15
"14,355",0,0,149,0,0.4540231639,"1,389.0011985875",630.6387188485,F,New York,7
"14,373",0,0,81,0,0.6371834609,"1,389.0011985875",885.0485908798,F,Chicago,40
"14,388",1,81,234,172.99,0.4140807475,"1,170.0078409857",484.4777213956,F,California,6
"14,390",0,0,232,0,0.3370101028,"1,389.0011985875",468.107436726,M,Chicago,37
"14,395",1,193,222,"1,596.86",0.64473606,"1,426.4348150552",919.6739625167,M,New Jersey,4
"14,396",0,0,213,0,0.3580785927,"1,389.0011985875",497.371594507,M,New Jersey,9
"14,401",0,0,99,0,0.5753984324,"1,389.0011985875",799.2291122276,F,California,20
"14,404",1,188,191,"1,124.67",0.7462812575,"1,341.3973798358","1,001.0597234542",M,Chicago,32
"14,409",0,0,177,0,0.4063080935,"1,389.0011985875",564.3624288646,M,New York,15
"14,413",0,0,123,0,0.5098222827,"1,389.0011985875",708.1437617473,F,Chicago,34
"14,414",0,0,87,0,0.6151284965,"1,389.0011985875",854.414218932,F,New Jersey,7
"14,415",1,1,103,"9,319.48",0.5572029844,"2,817.2135227245","1,569.7597824686",M,New Jersey,47
"14,419",1,1,138,"1,457.62",0.3847508652,"1,401.3588657976",539.1740360912,M,New York,20
"14,426",1,55,94,326.8,0.9939143344,"1,197.7077243189","1,190.4188756001",F,California,13
"14,437",0,0,151,0,0.4502404306,"1,389.0011985875",625.384497702,F,New York,3
"14,440",0,0,148,0,0.4559388564,"1,389.0011985875",633.2996180474,F,New Jersey,10
"14,441",0,0,143,0,0.4657692238,"1,389.0011985875",646.9540100703,M,New Jersey,19
"14,443",1,35,223,850.34,0.3058547104,"1,291.9928613078",395.1621024345,F,New Jersey,41
"14,448",0,0,130,0,0.4934692771,"1,389.0011985875",685.4294173133,F,California,42
"14,449",1,1,228,"5,257.54",0.1764875824,"2,085.6923985685",368.0988090084,M,New Jersey,39
"14,462",0,0,54,0,0.7606438601,"1,389.0011985875","1,056.53523339",F,Chicago,42
"14,466",0,0,229,0,0.3401686598,"1,389.0011985875",472.4946761968,F,Chicago,18
"14,472",2,38,70,"1,709",2.0066432732,"1,486.6700340593","2,983.2164232779",F,Washington DC,10
"14,479",0,0,148,0,0.4559388564,"1,389.0011985875",633.2996180474,F,California,17
"14,487",1,1,181,"1,757.08",0.2582093906,"1,455.2890853084",375.7693079262,F,Chicago,41
"14,491",1,1,232,398.48,0.1712476663,"1,210.6166875678",207.3152824909,F,California,6
"14,496",0,0,239,0,0.3298655419,"1,389.0011985875",458.1836330239,F,California,47
"14,498",0,0,118,0,0.5221964564,"1,389.0011985875",725.3315038104,F,Chicago,25
"14,505",3,85,121,"1,555.1033333333",2.2576611605,"1,454.978181792","3,284.8477304749",F,California,8
"14,506",0,0,194,0,0.3819922365,"1,389.0011985875",530.5876743928,F,California,34
"14,514",0,0,15,0,1.0640134227,"1,389.0011985875","1,477.9159194336",F,Chicago,29
"14,524",0,0,109,0,0.5460874205,"1,389.0011985875",758.5160816142,F,New York,15
"14,525",0,0,111,0,0.5405873372,"1,389.0011985875",750.8764593134,F,New Jersey,48
"14,527",7,225,250,"1,716.4314285714",3.467692181,"1,587.396852065","5,504.6036520641",M,California,43
"14,532",0,0,58,0,0.7393186428,"1,389.0011985875","1,026.9144809555",F,Chicago,44
"14,533",0,0,58,0,0.7393186428,"1,389.0011985875","1,026.9144809555",F,Chicago,30
"14,543",0,0,135,0,0.4824274504,"1,389.0011985875",670.0923068697,M,Chicago,11
"14,544",0,0,117,0,0.5247451936,"1,389.0011985875",728.8717028507,M,California,6
"14,553",0,0,52,0,0.7717913028,"1,389.0011985875","1,072.0190446586",F,California,25
"14,560",1,20,77,155,0.9386526031,"1,166.767993764","1,095.1898145979",M,Chicago,40
"14,565",0,0,116,0,0.5273194418,"1,389.0011985875",732.4473367585,F,California,39
"14,573",0,0,221,0,0.3488915074,"1,389.0011985875",484.6107219438,M,California,40
"14,576",0,0,222,0,0.3477765081,"1,389.0011985875",483.0619865869,F,Chicago,26
"14,577",0,0,128,0,0.4980315192,"1,389.0011985875",691.76637714,M,California,36
"14,587",0,0,17,0,1.0423610498,"1,389.0011985875","1,447.8407475421",F,Chicago,30
"14,589",0,0,219,0,0.3511433239,"1,389.0011985875",487.738497814,F,New York,48
"14,594",1,1,242,"3,115.88",0.1590386337,"1,699.9975013617",270.3652799259,M,California,5
"14,606",15,220,236,"1,822.216",7.7427605846,"1,721.3446462498","13,327.9594794706",F,Chicago,33
"14,608",0,0,121,0,0.5146995152,"1,389.0011985875",714.9182434912,F,California,48
"14,618",1,111,155,555.61,0.7720490698,"1,238.9144748908",956.5027678774,M,Chicago,13
"14,621",0,0,85,0,0.622304076,"1,389.0011985875",864.3811073848,F,New Jersey,41
"14,625",1,109,222,"2,824.37",0.5103157767,"1,647.4990097782",840.7447367209,F,Chicago,14
"14,639",2,35,116,"1,268.19",1.1071566605,"1,352.1276571057","1,497.017141357",M,Chicago,46
"14,643",1,20,79,47.61,0.9178220878,"1,147.4279607938","1,053.1347265437",F,Washington DC,4
"14,646",4,58,66,"2,190.1325",4.4630729943,"1,763.6797916079","7,871.4316485405",M,California,45
"14,653",0,0,48,0,0.7951337956,"1,389.0011985875","1,104.4417951608",M,California,2
"14,667",5,70,180,"4,911.646",0.959197594,"3,232.7905888341","3,100.8849545776",F,California,30
"14,669",1,1,22,"3,421.94",1.6573477179,"1,755.1163251895","2,908.8380361454",F,New York,39
"14,672",0,0,34,0,0.8898342531,"1,389.0011985875","1,235.9808440714",M,New York,8
"14,673",0,0,172,0,0.4140686845,"1,389.0011985875",575.1418990212,M,New York,9
"14,679",0,0,221,0,0.3488915074,"1,389.0011985875",484.6107219438,M,California,26
"14,680",3,175,219,741.7466666667,1.6115763711,"1,131.9069628818","1,824.1545156337",F,California,37
"14,684",0,0,124,0,0.5074188239,"1,389.0011985875",704.8053546155,F,Chicago,4
"14,688",1,1,251,"1,959.95",0.1490391794,"1,491.8242607314",222.3402636665,F,New York,46
"14,696",1,96,239,125,0.4367231024,"1,161.3652468685",507.1950336308,M,New York,48
"14,702",2,111,141,"2,064.57",1.5080992648,"1,595.1957775165","2,405.7135793365",F,New York,50
"14,708",1,78,186,85,0.5497805531,"1,154.1615843412",634.5355941847,F,Chicago,16
"14,709",0,0,83,0,0.6296535521,"1,389.0011985875",874.5895385264,M,New York,45
"14,713",1,63,141,"1,442.31",0.6986568889,"1,398.6016639653",977.1426874016,F,Chicago,42
"14,715",0,0,16,0,1.0530700265,"1,389.0011985875","1,462.7155290139",F,New Jersey,2
"14,723",1,137,215,"3,936.42",0.5856224356,"1,847.769832616","1,082.0954697132",M,Chicago,4
"14,729",1,1,245,"4,001.73",0.155606952,"1,859.5316126074",289.3560463506,M,Washington DC,43
"14,732",0,0,53,0,0.7661756189,"1,389.0011985875","1,064.2188529248",F,New York,33
"14,733",5,154,173,"1,651.768",3.2365388531,"1,526.5361099584","4,940.6934305433",M,New York,30
"14,735",0,0,81,0,0.6371834609,"1,389.0011985875",885.0485908798,M,Chicago,46
"14,737",0,0,59,0,0.7341789266,"1,389.0011985875","1,019.7754089991",F,New Jersey,21
"14,739",2,121,169,242.035,1.2824354817,"1,038.9284719176","1,332.3587353476",F,New York,27
"14,741",1,117,235,626.35,0.4904416477,"1,251.6541520704",613.8633247328,M,California,32
"14,744",0,0,165,0,0.4254527738,"1,389.0011985875",590.954412737,F,California,31
"14,748",1,172,189,97.67,0.7328243476,"1,156.4433444467",847.4698394303,F,Chicago,31
"14,755",0,0,30,0,0.9213818773,"1,389.0011985875","1,279.80053198",F,New Jersey,50
"14,761",0,0,31,0,0.9132778488,"1,389.0011985875","1,268.5440266715",F,California,17
"14,766",2,90,234,329.03,0.6523675196,"1,065.4807599398",695.0850405502,M,New York,24
"14,769",1,16,75,20.99,0.9257388137,"1,142.6339233818","1,057.780572695",F,Chicago,26
"14,775",0,0,223,0,0.346668687,"1,389.0011985875",481.5232216917,F,Chicago,25
"14,777",0,0,81,0,0.6371834609,"1,389.0011985875",885.0485908798,M,Chicago,40
"14,794",0,0,28,0,0.9380495951,"1,389.0011985875","1,302.9520119327",F,New York,31
"14,796",3,47,166,"2,223.04",0.7951506472,"1,720.2875127392","1,367.8877291831",F,Chicago,3
"14,800",3,176,208,"2,249.95",1.7241048873,"1,730.9763616258","2,984.384804918",M,Chicago,21
"14,810",1,174,206,"2,625.52",0.6730153591,"1,611.6878024392","1,084.6906450654",M,California,21
"14,813",1,1,207,125.5,0.2078875061,"1,161.4552926501",241.4520442127,F,New York,32
"14,821",0,0,166,0,0.4237877468,"1,389.0011985875",588.6416882099,M,Chicago,41
"14,825",2,98,185,640.795,1.0162402503,"1,160.6365053878","1,179.4855327239",F,California,34
"14,828",0,0,38,0,0.8604588021,"1,389.0011985875","1,195.1783075143",F,New York,25
"14,829",3,135,224,127.73,1.2909171842,888.0150504393,"1,146.3538884698",M,California,15
"14,841",0,0,88,0,0.6116039627,"1,389.0011985875",849.5186371956,F,California,50
"14,849",2,160,247,"1,321.21",0.9159043346,"1,368.3102228962","1,253.2412642691",F,New Jersey,45
"14,850",0,0,174,0,0.4109286563,"1,389.0011985875",570.7803961623,F,California,21
"14,865",0,0,222,0,0.3477765081,"1,389.0011985875",483.0619865869,F,New Jersey,8
"14,866",0,0,155,0,0.4428638278,"1,389.0011985875",615.1383876167,F,Chicago,43
"14,867",1,154,187,933.8,0.713574065,"1,307.023303171",932.6579314913,F,Chicago,50
"14,871",0,0,107,0,0.551703046,"1,389.0011985875",766.3161921778,M,California,27
"14,878",0,0,86,0,0.618694945,"1,389.0011985875",859.3680202254,M,New York,12
"14,889",0,0,34,0,0.8898342531,"1,389.0011985875","1,235.9808440714",M,Chicago,6
"14,896",1,1,149,727.07,0.3455825543,"1,269.7929743142",438.8182995456,F,Washington DC,40
"14,898",2,124,213,304.14,0.9634301164,"1,057.8839273762","1,019.197235318",F,California,25
"14,901",4,126,234,628.8075,1.2987506516,"1,033.4685850103","1,342.2179981754",F,Chicago,4
"14,907",2,65,173,"1,246.81",0.8594434286,"1,345.6021335939","1,156.4689112693",M,Chicago,46
"14,911",17,213,241,"2,025.7958823529",7.9946488611,"1,891.2813801562","15,120.1305319131",F,California,34
"14,913",0,0,92,0,0.5979102593,"1,389.0011985875",830.4980667826,M,Washington DC,4
"14,932",0,0,149,0,0.4540231639,"1,389.0011985875",630.6387188485,M,New Jersey,35
"14,944",0,0,58,0,0.7393186428,"1,389.0011985875","1,026.9144809555",F,California,18
"14,952",1,31,164,311.59,0.4559420568,"1,194.9685316429",544.836410148,F,New York,28
"14,961",1,69,108,670.68,0.9374987939,"1,259.6376110663","1,180.908741129",M,Washington DC,34
"14,976",0,0,1,0,1.2471835961,"1,389.0011985875","1,732.3395098796",M,New Jersey,17
"14,978",1,1,13,183.59,1.9273862758,"1,171.9168115554","2,258.7363789883",M,Chicago,36
"14,985",1,1,78,"1,187.61",0.7491280219,"1,352.7323428225","1,013.3697040882",F,New York,4
"14,987",0,0,149,0,0.4540231639,"1,389.0011985875",630.6387188485,F,California,3
"15,002",2,121,172,"1,471.075",1.2561208739,"1,414.0514568113","1,776.2195516075",M,Chicago,41
"15,005",4,127,156,"1,571.0025",2.6807731641,"1,474.1208180817","3,951.7835296867",F,New York,30
"15,012",1,1,244,"1,596.75",0.1567395813,"1,426.4150049833",223.5756906308,F,California,42
"15,018",0,0,173,0,0.412492612,"1,389.0011985875",572.9527324175,F,California,22
"15,021",2,11,174,"2,071.325",0.3204558658,"1,597.2575133127",511.8505393189,F,Chicago,35
"15,023",0,0,197,0,0.3780037222,"1,389.0011985875",525.0476232719,F,Chicago,40
"15,024",1,5,171,12.5,0.3032100648,"1,141.1049460104",345.9945046535,F,New York,9
"15,028",0,0,183,0,0.3973757865,"1,389.0011985875",551.9554436922,F,California,8
"15,032",1,1,158,13.69,0.31742542,"1,141.3192549706",362.2837438548,F,California,4
"15,033",0,0,8,0,1.1479115645,"1,389.0011985875","1,594.4505389147",M,Chicago,10
"15,034",1,14,60,"3,677.54",1.0880001266,"1,801.1477287391","1,959.6489568074",M,New York,2
"15,038",1,1,210,989.17,0.2029614136,"1,316.9949730245",267.299161417,F,California,37
"15,039",4,162,188,"4,726.07",2.4376000061,"2,949.7044704743","7,190.1996352371",F,Chicago,19
"15,044",3,98,122,"2,066.1266666667",2.3919801088,"1,657.9603886855","3,965.8082709169",F,California,31
"15,046",1,44,47,293.33,1.5277046153,"1,191.6800596991","1,820.5351271482",F,New Jersey,4
"15,048",0,0,186,0,0.3930571646,"1,389.0011985875",545.9568727172,M,California,17
"15,059",0,0,32,0,0.9053212842,"1,389.0011985875","1,257.492348797",F,Chicago,20
"15,061",7,209,226,664.8014285714,3.7941785997,950.1960014386,"3,605.2133341735",M,California,7
"15,062",0,0,90,0,0.6046776607,"1,389.0011985875",839.8979954358,F,California,22
"15,070",0,0,233,0,0.3359703736,"1,389.0011985875",466.6632516697,F,Washington DC,39
"15,078",4,121,185,722.595,2.0170159595,"1,077.3317675884","2,172.9953689393",F,New York,6
"15,079",0,0,151,0,0.4502404306,"1,389.0011985875",625.384497702,F,California,45
"15,081",0,0,167,0,0.4221358875,"1,389.0011985875",586.3472537578,M,Chicago,24
"15,093",2,174,222,921.175,1.1022582875,"1,246.213038702","1,373.6486498797",M,California,46
"15,100",5,241,251,189.578,2.590909619,761.210463886,"1,972.2275129424",M,California,49
"15,101",1,55,94,12,0.9939143344,"1,141.0149002288","1,134.0710650804",F,New York,40
"15,107",5,217,228,115.688,2.7652897782,722.535659662,"1,998.0204740579",F,New York,20
"15,111",0,0,232,0,0.3370101028,"1,389.0011985875",468.107436726,M,New Jersey,9
"15,139",0,0,37,0,0.8676117655,"1,389.0011985875","1,205.1137821575",M,New Jersey,16
"15,157",1,10,83,47.98,0.7920322591,"1,147.4945946722",908.8527361063,F,New Jersey,43
"15,159",1,104,112,653.62,1.021413434,"1,256.5652489984","1,283.4726259737",F,Chicago,29
"15,160",0,0,74,0,0.6650615955,"1,389.0011985875",923.7713532767,F,Chicago,30
"15,164",0,0,53,0,0.7661756189,"1,389.0011985875","1,064.2188529248",M,New York,28
"15,165",0,0,241,0,0.3278800684,"1,389.0011985875",455.4258079538,F,New Jersey,36
"15,171",0,0,15,0,1.0640134227,"1,389.0011985875","1,477.9159194336",F,New Jersey,48
"15,179",0,0,130,0,0.4934692771,"1,389.0011985875",685.4294173133,F,Chicago,19
"15,180",0,0,169,0,0.4188710451,"1,389.0011985875",581.8123837398,F,California,41
"15,181",1,38,146,25.99,0.5646643331,"1,143.5343811978",645.7130787323,F,New Jersey,20
"15,189",0,0,22,0,0.9920739694,"1,389.0011985875","1,377.9919326149",F,Washington DC,11
"15,192",0,0,143,0,0.4657692238,"1,389.0011985875",646.9540100703,F,Chicago,37
"15,194",5,155,177,"4,345.84",3.1597352825,"2,936.6417692541","9,279.0106105027",M,Chicago,33
"15,197",1,61,79,13.6,1.1730172834,"1,141.3030467299","1,338.768199359",F,Chicago,45
"15,204",0,0,74,0,0.6650615955,"1,389.0011985875",923.7713532767,M,New Jersey,29
"15,208",0,0,59,0,0.7341789266,"1,389.0011985875","1,019.7754089991",M,Chicago,16
"15,211",0,0,142,0,0.4677872528,"1,389.0011985875",649.7570548009,M,California,40
"15,213",0,0,9,0,1.1350775674,"1,389.0011985875","1,576.6241015538",M,Washington DC,41
"15,221",1,47,204,135.45,0.3928192898,"1,163.2472037038",456.9459404747,F,California,7
"15,224",3,47,128,123.0266666667,1.3849647121,886.1468520274,"1,227.2821197925",F,Chicago,28
"15,235",3,184,236,"1,403.9933333333",1.5030353847,"1,394.9561841982","2,096.6685048891",F,New Jersey,23
"15,240",0,0,221,0,0.3488915074,"1,389.0011985875",484.6107219438,M,New York,40
"15,246",0,0,88,0,0.6116039627,"1,389.0011985875",849.5186371956,F,California,2
"15,260",0,0,232,0,0.3370101028,"1,389.0011985875",468.107436726,F,Chicago,45
"15,266",0,0,48,0,0.7951337956,"1,389.0011985875","1,104.4417951608",F,Chicago,22
"15,271",1,100,145,954.53,0.7967326248,"1,310.7566012758","1,044.3225473645",F,Chicago,37
"15,279",1,78,143,"1,794.09",0.7417591917,"1,461.9542740618","1,084.4180207013",M,California,10
"15,281",0,0,24,0,0.973354634,"1,389.0011985875","1,351.9907533312",F,California,36
"15,288",0,0,145,0,0.4617858081,"1,389.0011985875",641.4210409799,M,California,50
"15,290",2,85,90,108.6,2.0727941397,998.2019410567,"2,069.0671336545",F,New York,3
"15,291",2,236,251,308.63,1.0910366505,"1,059.2543483569","1,155.6853163006",M,California,32
"15,296",0,0,0,0,1.2628819396,"1,389.0011985875","1,754.1445277588",M,California,40
"15,298",2,111,156,411.72,1.3512163146,"1,090.7190919883","1,473.7974316936",F,Chicago,2
"15,299",0,0,223,0,0.346668687,"1,389.0011985875",481.5232216917,M,Chicago,25
"15,301",0,0,186,0,0.3930571646,"1,389.0011985875",545.9568727172,F,New Jersey,19
"15,304",0,0,187,0,0.3916386726,"1,389.0011985875",543.9865856364,M,California,12
"15,311",13,243,250,"4,206.0207692308",6.6411888061,"3,475.3577025806","23,080.5066716035",F,Chicago,40
"15,312",1,1,65,625.47,0.8846631954,"1,251.4956714948","1,107.152159786",F,Chicago,47
"15,316",0,0,0,0,1.2628819396,"1,389.0011985875","1,754.1445277588",F,California,28
"15,326",0,0,26,0,0.9553607378,"1,389.0011985875","1,326.9972098834",M,Chicago,45
"15,329",0,0,143,0,0.4657692238,"1,389.0011985875",646.9540100703,F,California,48
"15,332",1,50,206,155.5,0.3975536308,"1,166.8580395456",463.8886502021,F,California,30
"15,346",0,0,23,0,0.982620813,"1,389.0011985875","1,364.8614869977",F,California,15
"15,347",0,0,155,0,0.4428638278,"1,389.0011985875",615.1383876167,M,California,48
"15,350",0,0,242,0,0.3268963523,"1,389.0011985875",454.0594251866,M,California,48
"15,351",1,3,210,"21,237.21",0.2111305972,"4,963.496148019","1,047.9459060625",F,Washington DC,29
"15,353",0,0,173,0,0.412492612,"1,389.0011985875",572.9527324175,F,California,46
"15,356",3,71,179,"3,186.3433333333",1.0434209046,"2,102.9186447317","2,194.2292745625",F,California,32
"15,358",3,104,151,"1,355.4233333333",1.9247941679,"1,375.6638248367","2,647.8697070133",F,New Jersey,35
"15,361",0,0,120,0,0.5171739891,"1,389.0011985875",718.3552907226,M,New York,2
"15,363",0,0,230,0,0.3391091834,"1,389.0011985875",471.0230622294,M,New York,32
"15,366",0,0,81,0,0.6371834609,"1,389.0011985875",885.0485908798,M,California,37
"15,370",0,0,23,0,0.982620813,"1,389.0011985875","1,364.8614869977",F,New York,38
"15,373",2,162,214,462.26,1.1132325959,"1,106.1447214686","1,231.3963597108",M,Washington DC,24
"15,379",4,43,85,742.3825,2.9865953035,"1,086.5861215829","3,245.193007619",F,California,10
"15,380",0,0,143,0,0.4657692238,"1,389.0011985875",646.9540100703,M,California,9
"15,384",1,126,222,"1,847.71",0.5441754184,"1,471.6107836797",800.8144139404,M,California,30
"15,392",2,20,100,332.465,1.0845329255,"1,066.5291777725","1,156.6860093365",M,California,50
"15,394",0,0,85,0,0.622304076,"1,389.0011985875",864.3811073848,F,New Jersey,38
"15,426",2,19,197,466.51,0.3021325414,"1,107.4418905484",334.5942327999,F,Chicago,17
"15,447",0,0,13,0,1.0866361848,"1,389.0011985875","1,509.3389630782",F,California,34
"15,454",0,0,122,0,0.5122490643,"1,389.0011985875",711.5145642217,M,Chicago,39
"15,456",0,0,90,0,0.6046776607,"1,389.0011985875",839.8979954358,M,California,28
"15,460",1,1,61,"5,636.26",0.9328901326,"2,153.8966753772","2,009.3489551083",F,New York,4
"15,464",1,1,47,"12,080.67",1.1321449701,"3,314.4805460701","3,752.4724786631",F,Chicago,40
"15,465",2,178,211,521.26,1.1823436164,"1,124.1524804584","1,329.1345091431",F,Chicago,14
"15,468",0,0,109,0,0.5460874205,"1,389.0011985875",758.5160816142,F,Chicago,23
"15,482",0,0,88,0,0.6116039627,"1,389.0011985875",849.5186371956,F,New York,18
"15,485",1,210,243,"1,157.25",0.602538716,"1,347.2647629643",811.7791804211,M,New York,25
"15,498",3,120,172,787.4533333333,1.7688105177,"1,150.0619852938","2,034.2417355669",F,New York,14
"15,502",1,15,192,"2,263.43",0.2984376535,"1,546.4784483262",461.527399279,F,New York,27
"15,503",0,0,129,0,0.4957397079,"1,389.0011985875",688.5830484277,F,New York,45
"15,510",0,0,12,0,1.0983328951,"1,389.0011985875","1,525.5857077642",F,New Jersey,15
"15,512",0,0,95,0,0.5880451162,"1,389.0011985875",816.7953712217,F,California,42
"15,513",2,237,249,868.875,1.1026259759,"1,230.2502286145","1,356.5058589844",F,Chicago,21
"15,514",2,25,132,"3,617.8",0.7711582418,"2,069.266819815","1,595.7321625982",M,Chicago,22
"15,518",0,0,21,0,1.0017200248,"1,389.0011985875","1,391.3903150385",F,New Jersey,7
"15,525",0,0,243,0,0.3259185768,"1,389.0011985875",452.7012938697,M,New York,48
"15,527",0,0,62,0,0.719193092,"1,389.0011985875",998.9600668127,F,New York,21
"15,529",2,31,163,142.56,0.5898367398,"1,008.5670850447",594.8899213266,M,California,16
"15,532",1,1,81,"6,432.63",0.7218432588,"2,297.3161935493","1,658.3022075858",F,California,23
"15,535",2,139,143,"2,078.875",1.6125574175,"1,599.5618960309","2,579.3854002171",F,Chicago,24
"15,544",0,0,230,0,0.3391091834,"1,389.0011985875",471.0230622294,M,Chicago,22
"15,545",0,0,211,0,0.360452316,"1,389.0011985875",500.6686988945,F,California,39
"15,547",1,1,124,"3,152.02",0.4437223624,"1,706.5060104551",757.2148783921,M,New York,40
"15,555",2,76,193,"2,439.84",0.8008652865,"1,709.7342811788","1,369.2668349611",F,Chicago,34
"15,562",0,0,57,0,0.7445332751,"1,389.0011985875","1,034.1576114421",F,New York,26
"15,563",0,0,87,0,0.6151284965,"1,389.0011985875",854.414218932,F,Chicago,41
"15,569",0,0,21,0,1.0017200248,"1,389.0011985875","1,391.3903150385",M,California,32
"15,570",6,193,201,"2,587.9566666667",3.6139067206,"2,070.6951439887","7,483.299097269",F,New Jersey,34
"15,574",2,140,225,853.615,0.9616432588,"1,225.5926285775","1,178.5828893559",F,New York,5
"15,581",2,96,156,"1,241.295",1.2594040185,"1,343.9188659527","1,692.5368203512",F,California,18
"15,587",0,0,57,0,0.7445332751,"1,389.0011985875","1,034.1576114421",M,Chicago,6
"15,596",0,0,142,0,0.4677872528,"1,389.0011985875",649.7570548009,F,California,39
"15,601",2,198,234,"4,361.165",1.0989052527,"2,296.1539005166","2,523.2555823161",F,Chicago,46
"15,602",3,156,175,125.48,1.9887206894,887.1213339772,"1,764.2365508949",F,New Jersey,10
"15,605",0,0,242,0,0.3268963523,"1,389.0011985875",454.0594251866,F,California,21
"15,607",0,0,37,0,0.8676117655,"1,389.0011985875","1,205.1137821575",F,Chicago,40
"15,611",0,0,32,0,0.9053212842,"1,389.0011985875","1,257.492348797",F,New York,4
"15,615",1,79,89,"2,539.9",1.1425208731,"1,596.2683627995","1,823.7699235318",M,Washington DC,19
"15,620",0,0,82,0,0.633395531,"1,389.0011985875",879.7871516906,M,Chicago,48
"15,626",0,0,10,0,1.1225435646,"1,389.0011985875","1,559.2143566762",F,New Jersey,8
"15,628",0,0,166,0,0.4237877468,"1,389.0011985875",588.6416882099,F,California,4
"15,640",5,203,226,"2,054.03",2.7035620014,"1,737.0842774608","4,696.3150457995",F,California,30
"15,641",0,0,92,0,0.5979102593,"1,389.0011985875",830.4980667826,F,Chicago,6
"15,646",0,0,223,0,0.346668687,"1,389.0011985875",481.5232216917,M,California,10
"15,649",1,138,174,9.85,0.7398604166,"1,140.627703368",843.9052878526,M,California,22
"15,658",0,0,234,0,0.3349371033,"1,389.0011985875",465.2280378894,M,Chicago,24
"15,660",0,0,151,0,0.4502404306,"1,389.0011985875",625.384497702,M,New Jersey,13
"15,661",0,0,50,0,0.7832824164,"1,389.0011985875","1,087.9802152389",F,California,24
"15,664",0,0,89,0,0.6081205944,"1,389.0011985875",844.6802345201,M,New York,10
"15,673",0,0,2,0,1.2318953086,"1,389.0011985875","1,711.1040601787",M,New York,24
"15,680",0,0,156,0,0.4410578679,"1,389.0011985875",612.6299072093,M,California,32
"15,687",0,0,11,0,1.1102987632,"1,389.0011985875","1,542.2063129104",M,New York,20
"15,689",0,0,120,0,0.5171739891,"1,389.0011985875",718.3552907226,M,California,16
"15,694",3,223,236,634.92,1.6569980146,"1,089.4746292863","1,805.2572977327",F,New York,41
"15,696",1,1,1,697.05,2.392108077,"1,264.3866255874","3,024.5494594687",M,Chicago,12
"15,708",2,179,211,"4,033.47",1.1851961403,"2,196.1360601414","2,602.8519821383",F,Chicago,49
"15,713",1,47,155,62,0.5644366182,"1,150.019478388",649.1131052467,M,California,3
"15,716",1,1,205,"2,348.71",0.2112617844,"1,561.8366568345",329.9563990443,F,Chicago,2
"15,719",1,1,44,"4,355.85",1.1820974452,"1,923.3056369619","2,273.5346798697",F,Chicago,16
"15,723",0,0,136,0,0.4802791518,"1,389.0011985875",667.1083174729,F,Washington DC,4
"15,727",1,75,90,"3,429.56",1.1178494103,"1,756.488622901","1,963.4897712695",F,Chicago,40
"15,732",0,0,227,0,0.3423078031,"1,389.0011985875",475.465948766,F,Chicago,21
"15,738",1,85,230,7.2,0.4339181987,"1,140.1504607256",494.7320341186,M,New Jersey,16
"15,749",0,0,21,0,1.0017200248,"1,389.0011985875","1,391.3903150385",F,Chicago,44
"15,750",2,21,165,54.06,0.4664086182,981.5554465601,457.8059195522,F,California,7
"15,752",0,0,235,0,0.3339102312,"1,389.0011985875",463.8017113378,F,New York,27
"15,759",0,0,81,0,0.6371834609,"1,389.0011985875",885.0485908798,M,Washington DC,26
"15,769",2,179,213,408.53,1.1724836641,"1,089.7454521378","1,277.7087406136",F,Chicago,25
"15,777",1,30,111,21.39,0.7201169631,"1,142.7059600071",822.8819456513,F,Chicago,24
"15,780",0,0,75,0,0.6609263401,"1,389.0011985875",918.027478553,M,California,19
"15,789",0,0,82,0,0.633395531,"1,389.0011985875",879.7871516906,F,Chicago,28
"15,799",0,0,29,0,0.9296376443,"1,389.0011985875","1,291.2678021499",M,New Jersey,31
"15,805",0,0,140,0,0.4718771398,"1,389.0011985875",655.4379127069,M,Chicago,33
"15,808",4,147,199,"1,281.585",2.1190207496,"1,338.7640525873","2,836.8688063157",F,California,6
"15,811",1,70,143,436.94,0.714045713,"1,217.5430090879",869.3813660247,F,Chicago,27
"15,822",0,0,93,0,0.5945844147,"1,389.0011985875",825.8784647326,F,Chicago,4
"15,823",1,183,226,685.59,0.6202338557,"1,262.3227762734",782.935322725,M,New York,27
"15,827",1,1,230,865.16,0.1738408635,"1,294.6618182741",225.065128449,F,Chicago,3
"15,834",0,0,223,0,0.346668687,"1,389.0011985875",481.5232216917,M,Chicago,12
"15,835",0,0,14,0,1.0751993197,"1,389.0011985875","1,493.4531437475",F,New York,46
"15,838",1,54,227,167.11,0.3574082605,"1,168.9489025942",417.7919939448,F,Chicago,9
"15,841",0,0,51,0,0.7774928885,"1,389.0011985875","1,079.9385540499",M,New York,6
"15,845",0,0,39,0,0.8534275271,"1,389.0011985875","1,185.4118580915",M,Chicago,22
"15,854",1,113,118,291.46,1.000044253,"1,191.343288476","1,191.3960090482",M,New York,44
"15,856",2,90,146,"1,204.99",1.3213798387,"1,332.837989849","1,761.1852480979",M,Chicago,4
"15,858",0,0,170,0,0.4172577546,"1,389.0011985875",579.5715212037,F,California,18
"15,860",0,0,187,0,0.3916386726,"1,389.0011985875",543.9865856364,F,New York,46
"15,862",0,0,249,0,0.3201736924,"1,389.0011985875",444.7216424628,F,California,24
"15,867",4,171,195,"2,037.375",2.3986026528,"1,692.2371141436","4,059.004431173",M,New York,11
"15,880",1,2,200,125.5,0.2243996574,"1,161.4552926501",260.6301697322,F,New York,33
"15,881",1,13,132,92.07,0.4905128012,"1,155.4348316929",566.7555758692,M,New York,34
"15,882",1,1,181,"1,453.99",0.2582093906,"1,400.7051334233",361.6752189711,F,New York,45
"15,889",0,0,193,0,0.3833407434,"1,389.0011985875",532.4607520686,F,California,21
"15,894",1,1,196,"2,383.6",0.2273985106,"1,568.1200514739",356.5881640823,M,Chicago,44
"15,898",1,17,188,"4,574.61",0.3171561651,"1,962.7024673238",622.4831877229,M,Chicago,27
"15,899",0,0,189,0,0.3888325667,"1,389.0011985875",540.0889012507,F,Washington DC,24
"15,916",3,148,159,"1,391.8766666667",2.1542189493,"1,390.1433555469","2,994.673158781",F,Chicago,37
"15,919",0,0,187,0,0.3916386726,"1,389.0011985875",543.9865856364,F,Washington DC,24
"15,922",1,12,242,129.27,0.1954861394,"1,162.1342378433",227.1811356779,M,Chicago,29
"15,923",0,0,231,0,0.338056352,"1,389.0011985875",469.5606781769,F,Chicago,34
"15,939",0,0,17,0,1.0423610498,"1,389.0011985875","1,447.8407475421",F,California,11
"15,945",0,0,146,0,0.4598199595,"1,389.0011985875",638.6904749463,F,New York,13
"15,950",0,0,95,0,0.5880451162,"1,389.0011985875",816.7953712217,M,Chicago,44
"15,953",1,174,192,257.48,0.7239905773,"1,185.223777159",858.0908466657,M,New Jersey,23
"15,955",0,0,233,0,0.3359703736,"1,389.0011985875",466.6632516697,F,California,49
"15,965",0,0,171,0,0.4156570169,"1,389.0011985875",577.348094663,F,Chicago,26
"15,973",1,112,164,195.48,0.7307932891,"1,174.0581002417",857.9937806561,M,Chicago,9
"15,983",3,141,247,"1,047.8466666667",1.1285359243,"1,253.4921224572","1,414.6108910344",M,New York,25
"15,984",1,131,180,151.79,0.7011191008,"1,166.1898998462",817.6380139528,F,California,25
"15,987",0,0,189,0,0.3888325667,"1,389.0011985875",540.0889012507,F,California,32
"15,996",1,1,154,"1,015.27",0.3295435799,"1,321.6953628236",435.556221368,F,Chicago,26
"15,998",0,0,123,0,0.5098222827,"1,389.0011985875",708.1437617473,F,New York,16
"16,003",0,0,94,0,0.59129625,"1,389.0011985875",821.3111999309,F,California,10
"16,010",0,0,125,0,0.5050383481,"1,389.0011985875",701.4988708464,M,California,5
"16,011",1,28,152,"2,474.33",0.4883762576,"1,584.4597590015",773.8125273603,M,New Jersey,10
"16,013",4,179,217,74.85,2.1483030912,774.3899341984,"1,663.6242894324",M,New York,31
"16,016",2,6,162,"1,679.45",0.3222622077,"1,477.6508937517",476.1910392803,M,California,19
"16,019",1,96,134,353.95,0.8491583186,"1,202.5972102593","1,021.1954250619",F,California,34
"16,029",5,239,250,459.162,2.593391937,902.3135687976,"2,340.0527339384",F,Washington DC,40
"16,033",2,162,211,"2,149.33",1.1325100791,"1,621.0659072109","1,835.8734787485",F,Chicago,48
"16,034",0,0,22,0,0.9920739694,"1,389.0011985875","1,377.9919326149",F,New York,26
"16,037",0,0,88,0,0.6116039627,"1,389.0011985875",849.5186371956,F,California,15
"16,042",2,209,230,146.49,1.146730921,"1,009.7665849231","1,157.930565922",F,Chicago,16
"16,048",0,0,239,0,0.3298655419,"1,389.0011985875",458.1836330239,M,New Jersey,12
"16,059",1,170,173,"1,317.67",0.7966629267,"1,376.1550515301","1,096.3317108903",M,Chicago,44
"16,062",0,0,135,0,0.4824274504,"1,389.0011985875",670.0923068697,F,New York,20
"16,065",1,1,148,"1,103.96",0.3489156225,"1,337.6676835623",466.7331524524,F,New York,41
"16,081",0,0,164,0,0.4271311286,"1,389.0011985875",593.2856496315,M,New York,14
"16,083",0,0,108,0,0.5488805602,"1,389.0011985875",762.3957559492,M,California,21
"16,086",0,0,171,0,0.4156570169,"1,389.0011985875",577.348094663,F,New York,47
"16,094",0,0,39,0,0.8534275271,"1,389.0011985875","1,185.4118580915",F,Chicago,16
"16,098",0,0,250,0,0.3192360226,"1,389.0011985875",443.4192179717,M,Chicago,49
"16,112",1,27,51,373.75,1.3390158484,"1,206.1630232103","1,615.0714037886",F,Chicago,16
"16,122",1,141,164,581.98,0.7908058045,"1,243.6634894119",983.4963062702,M,California,43
"16,125",0,0,167,0,0.4221358875,"1,389.0011985875",586.3472537578,M,California,22
"16,134",2,33,93,659.065,1.4364122502,"1,166.2128063495","1,675.1623614108",F,New York,5
"16,138",0,0,177,0,0.4063080935,"1,389.0011985875",564.3624288646,F,California,20
"16,140",0,0,214,0,0.3569035445,"1,389.0011985875",495.7394510609,F,California,34
"16,143",2,128,192,491.39,1.128993399,"1,115.0356709495","1,258.8679121806",F,California,9
"16,145",3,77,99,498.83,2.6682680918,"1,035.4186855861","2,762.7746403657",F,California,9
"16,150",1,182,221,240.39,0.6343091508,"1,182.1460123442",749.8460331675,F,Washington DC,34
"16,153",0,0,66,0,0.700166502,"1,389.0011985875",972.5321105058,M,Chicago,29
"16,161",5,176,189,"1,611.646",3.1180371265,"1,505.5358325856","4,694.3166212271",M,New York,10
"16,163",0,0,142,0,0.4677872528,"1,389.0011985875",649.7570548009,F,Chicago,22
"16,168",0,0,208,0,0.364073179,"1,389.0011985875",505.698081988,M,Washington DC,24
"16,186",0,0,227,0,0.3423078031,"1,389.0011985875",475.465948766,F,New York,18
"16,191",5,88,106,177.992,4.2327302011,755.1462294599,"3,196.3302516937",M,Chicago,19
"16,202",0,0,110,0,0.5433231639,"1,389.0011985875",754.6765259332,F,New York,44
"16,203",1,204,226,26.48,0.6450117251,"1,143.6226260637",737.6500028812,M,California,9
"16,206",0,0,4,0,1.2024837423,"1,389.0011985875","1,670.2513593841",F,California,28
"16,210",3,164,246,520.91,1.3031467726,"1,044.1890231341","1,360.7315555267",M,New York,49
"16,218",1,1,249,307.62,0.1511858897,"1,194.253568137",180.5542882712,M,Chicago,40
"16,221",0,0,172,0,0.4140686845,"1,389.0011985875",575.1418990212,F,California,9
"16,233",3,149,159,246.08,2.1596916582,935.024536345,"2,019.3646913734",F,New York,23
"16,235",1,14,19,185.99,1.9118156178,"1,172.3490313071","2,241.3151875347",M,California,34
"16,241",2,157,209,"3,156.515",1.1282932185,"1,928.4751400595","2,175.885422653",M,New York,34
"16,244",1,1,233,"4,357.71",0.1699707147,"1,923.6406072694",326.9625687841,F,New York,36
"16,250",0,0,250,0,0.3192360226,"1,389.0011985875",443.4192179717,F,California,30
"16,252",1,1,153,"1,610.05",0.3326700555,"1,428.8102227736",475.3223760593,F,Chicago,37
"16,255",1,90,144,"2,972.02",0.7739960754,"1,674.0895290822","1,295.7387254607",M,Chicago,7
"16,262",0,0,108,0,0.5488805602,"1,389.0011985875",762.3957559492,M,California,11
"16,265",0,0,138,0,0.4760404316,"1,389.0011985875",661.220730114,M,California,38
"16,270",0,0,59,0,0.7341789266,"1,389.0011985875","1,019.7754089991",F,Chicago,37
"16,271",0,0,81,0,0.6371834609,"1,389.0011985875",885.0485908798,M,New York,24
"16,274",0,0,239,0,0.3298655419,"1,389.0011985875",458.1836330239,F,California,43
"16,279",0,0,27,0,0.9466223549,"1,389.0011985875","1,314.8595855955",F,Chicago,40
"16,282",0,0,54,0,0.7606438601,"1,389.0011985875","1,056.53523339",F,California,20
"16,293",0,0,169,0,0.4188710451,"1,389.0011985875",581.8123837398,M,Chicago,13
"16,303",0,0,25,0,0.9642697567,"1,389.0011985875","1,339.3718478087",F,Chicago,12
"16,306",1,130,169,376.76,0.7466730818,"1,206.7050988155",901.0142149701,M,New York,13
"16,315",0,0,13,0,1.0866361848,"1,389.0011985875","1,509.3389630782",M,California,35
"16,316",1,33,82,29.98,0.9837175964,"1,144.2529465349","1,125.6217582169",F,Chicago,44
"16,326",1,1,32,499.84,1.4143366851,"1,228.8707684121","1,738.0370089689",M,Washington DC,6
"16,327",1,1,202,580.56,0.2164635363,"1,243.4077593922",269.152440671,M,California,44
"16,350",1,117,144,"1,021.49",0.8445654965,"1,322.8155323466","1,117.2043567929",F,Chicago,31
"16,351",0,0,23,0,0.982620813,"1,389.0011985875","1,364.8614869977",F,New York,20
"16,353",5,188,206,139.494,2.9107835063,734.9959707914,"2,139.4141490103",M,Washington DC,6
"16,359",1,13,18,14.1,1.9300497455,"1,141.3930925115","2,202.9454477123",F,New York,49
"16,365",1,74,166,67.59,0.61678727,"1,151.0261902262",709.9383016124,F,California,49
"16,367",0,0,126,0,0.5026805221,"1,389.0011985875",698.2238476988,M,California,20
"16,385",1,1,159,941.01,0.3144898181,"1,308.3217633416",411.4538733525,M,California,19
"16,393",3,72,198,356.82,0.8440792874,979.0112745724,826.363138983,F,Chicago,20
"16,395",0,0,12,0,1.0983328951,"1,389.0011985875","1,525.5857077642",M,Washington DC,18
"16,401",0,0,4,0,1.2024837423,"1,389.0011985875","1,670.2513593841",M,Chicago,40
"16,402",1,1,198,"4,659.53",0.2236722133,"1,977.9958428693",442.422708059,M,Chicago,31
"16,411",0,0,198,0,0.3766928827,"1,389.0011985875",523.2268655274,F,Chicago,40
"16,422",5,166,192,316.23,2.9672491863,827.5014546097,"2,455.4030178653",F,California,35
"16,424",0,0,43,0,0.8264575793,"1,389.0011985875","1,147.9505682605",M,New Jersey,29
"16,442",1,1,110,520.29,0.5154593421,"1,232.5536408792",635.3312887948,F,New York,46
"16,455",1,101,212,499.42,0.5225377599,"1,228.7951299556",642.0918545873,F,Chicago,23
"16,456",0,0,241,0,0.3278800684,"1,389.0011985875",455.4258079538,M,California,47
"16,458",0,0,108,0,0.5488805602,"1,389.0011985875",762.3957559492,M,Chicago,12
"16,470",0,0,87,0,0.6151284965,"1,389.0011985875",854.414218932,F,New York,13
"16,473",0,0,38,0,0.8604588021,"1,389.0011985875","1,195.1783075143",F,Chicago,36
"16,477",1,159,217,733.94,0.6150400422,"1,271.0302033533",781.734469963,F,Washington DC,50
"16,493",0,0,10,0,1.1225435646,"1,389.0011985875","1,559.2143566762",F,California,37
"16,497",0,0,25,0,0.9642697567,"1,389.0011985875","1,339.3718478087",F,California,16
"16,499",4,44,144,479.4425,1.0015831952,963.6125352618,965.1381219567,F,Chicago,31
"16,500",0,0,14,0,1.0751993197,"1,389.0011985875","1,493.4531437475",M,New Jersey,6
"16,503",2,89,101,"1,414.81",1.9115870901,"1,396.8784642765","2,670.254838685",F,Chicago,29
"16,510",1,1,229,816.41,0.1751574467,"1,285.882354569",225.231870014,F,California,39
"16,519",0,0,144,0,0.4637688199,"1,389.0011985875",644.1754466999,F,Chicago,45
"16,520",1,1,147,645.4,0.3522920303,"1,255.084896349",442.1564063261,F,Washington DC,37
"16,525",2,149,164,521.805,1.445321952,"1,124.3188233168","1,625.0026763379",F,California,47
"16,531",0,0,102,0,0.5662725991,"1,389.0011985875",786.5533188379,M,New Jersey,28
"16,532",0,0,50,0,0.7832824164,"1,389.0011985875","1,087.9802152389",F,New York,7
"16,539",1,158,239,790.62,0.5488829154,"1,281.2377931545",703.2495351704,M,California,2
"16,546",1,9,232,530.73,0.1994909327,"1,234.4337967988",246.2583495179,F,California,42
"16,549",0,0,30,0,0.9213818773,"1,389.0011985875","1,279.80053198",F,New Jersey,17
"16,550",1,1,180,"3,447.67",0.2604591906,"1,759.7500811102",458.3430818112,F,New York,34
"16,551",0,0,38,0,0.8604588021,"1,389.0011985875","1,195.1783075143",F,California,10
"16,552",0,0,245,0,0.3239806319,"1,389.0011985875",450.0094859817,F,California,27
"16,553",1,56,157,"6,636.81",0.5923528418,"2,334.08728892","1,382.6032386098",M,Chicago,39
"16,554",0,0,17,0,1.0423610498,"1,389.0011985875","1,447.8407475421",F,Chicago,4
"16,556",0,0,102,0,0.5662725991,"1,389.0011985875",786.5533188379,F,New York,19
"16,558",2,91,164,444.685,1.1479777169,"1,100.7805458035","1,263.6715377565",M,California,35
"16,560",0,0,82,0,0.633395531,"1,389.0011985875",879.7871516906,M,California,49
"16,565",0,0,131,0,0.4912199246,"1,389.0011985875",682.3050639712,F,Chicago,2
"16,567",0,0,39,0,0.8534275271,"1,389.0011985875","1,185.4118580915",F,California,20
"16,570",0,0,109,0,0.5460874205,"1,389.0011985875",758.5160816142,M,New York,15
"16,579",0,0,143,0,0.4657692238,"1,389.0011985875",646.9540100703,M,California,50
"16,583",0,0,247,0,0.3220658086,"1,389.0011985875",447.3497941543,F,California,27
"16,593",0,0,4,0,1.2024837423,"1,389.0011985875","1,670.2513593841",F,Chicago,4
"16,596",0,0,152,0,0.4483729742,"1,389.0011985875",622.7905986049,F,New York,18
"16,600",0,0,50,0,0.7832824164,"1,389.0011985875","1,087.9802152389",M,Chicago,32
"16,607",2,16,89,453.26,1.184887298,"1,103.3977751821","1,307.4020085033",F,California,31
"16,634",0,0,222,0,0.3477765081,"1,389.0011985875",483.0619865869,F,New York,33
"16,638",2,182,189,146.955,1.3435682088,"1,009.9085104813","1,356.8809684782",F,New York,34
"16,654",0,0,177,0,0.4063080935,"1,389.0011985875",564.3624288646,F,California,15
"16,655",0,0,18,0,1.0318787752,"1,389.0011985875","1,433.2808555108",M,Chicago,40
"16,656",2,97,136,57.87,1.4821501903,982.7183204881,"1,456.5361457361",F,Chicago,46
"16,658",0,0,179,0,0.4032857789,"1,389.0011985875",560.164430237,F,Chicago,40
"16,665",0,0,122,0,0.5122490643,"1,389.0011985875",711.5145642217,F,Chicago,31
"16,670",2,83,88,981.79,2.0957369411,"1,264.7137219421","2,650.5072669722",F,Chicago,48
"16,676",0,0,43,0,0.8264575793,"1,389.0011985875","1,147.9505682605",F,New York,4
"16,679",0,0,157,0,0.4392668015,"1,389.0011985875",610.1421138112,M,New York,28
"16,684",2,14,80,352.955,1.3101074903,"1,072.7830588183","1,405.4611207715",M,California,43
"16,686",1,1,68,"5,708.74",0.8506532261,"2,166.9497118767","1,843.3227632029",M,New York,31
"16,700",0,0,152,0,0.4483729742,"1,389.0011985875",622.7905986049,M,New York,7
"16,701",2,100,118,289.885,1.7284243887,"1,053.5330696745","1,820.9522519471",F,Washington DC,14
"16,705",2,48,87,68.35,1.7754891008,985.9169868306,"1,750.4848644133",F,California,18
"16,710",1,79,180,"1,093.07",0.5751908262,"1,335.7064864392",768.2861175593,F,New York,30
"16,711",0,0,74,0,0.6650615955,"1,389.0011985875",923.7713532767,F,Chicago,34
"16,713",2,100,164,"4,756.725",1.2087101931,"2,416.8852419739","2,921.3138276342",M,Chicago,5
"16,717",0,0,152,0,0.4483729742,"1,389.0011985875",622.7905986049,F,New York,42
"16,718",1,1,200,"1,268.33",0.2200279712,"1,367.2693338027",300.837497613,F,California,39
"16,719",3,137,187,"2,137.1833333333",1.7167875643,"1,686.1846165704","2,894.8207808444",F,New York,40
"16,722",2,73,181,652.19,0.8648193421,"1,164.1144446029","1,006.7486880821",F,New Jersey,45
"16,725",2,160,212,"3,305.02",1.1192150612,"1,973.8012798691","2,209.1081201731",F,Chicago,48
"16,726",0,0,116,0,0.5273194418,"1,389.0011985875",732.4473367585,F,California,19
"16,727",0,0,132,0,0.4889913538,"1,389.0011985875",679.2095765477,F,California,11
"16,735",1,1,31,"3,106.05",1.4363749358,"1,698.2272012956","2,439.2909872826",M,New Jersey,42
"16,743",0,0,86,0,0.618694945,"1,389.0011985875",859.3680202254,F,California,9
"16,746",2,83,87,"1,258.445",2.1143353522,"1,349.1533247099","2,852.5625700083",M,New York,16
"16,748",0,0,30,0,0.9213818773,"1,389.0011985875","1,279.80053198",M,Chicago,41
"16,752",0,0,231,0,0.338056352,"1,389.0011985875",469.5606781769,M,New York,42
"16,754",0,0,222,0,0.3477765081,"1,389.0011985875",483.0619865869,F,New Jersey,5
"16,770",1,144,225,690.77,0.5669059353,"1,263.2556505706",716.1471260504,F,Chicago,26
"16,771",0,0,47,0,0.8012000714,"1,389.0011985875","1,112.8678595184",M,Chicago,39
"16,775",1,158,169,"1,408.86",0.7965050391,"1,392.5776011768","1,109.1950766453",F,Chicago,19
"16,779",4,148,166,609.2425,2.6948706436,"1,024.3182913449","2,760.4052930872",M,Washington DC,11
"16,781",1,84,227,39.98,0.4392455169,"1,146.0538621667",503.3990210587,F,New York,38
"16,782",3,79,175,"2,880.14",1.2201221032,"1,981.2924404002","2,417.4186995309",F,New York,45
"16,791",0,0,19,0,1.0216158285,"1,389.0011985875","1,419.0256102324",F,Chicago,7
"16,795",1,1,145,"1,627.89",0.359177696,"1,432.0230562608",514.3507420242,F,California,20
"16,805",0,0,101,0,0.5692814725,"1,389.0011985875",790.732647688,F,Chicago,15
"16,810",0,0,109,0,0.5460874205,"1,389.0011985875",758.5160816142,F,New York,12
"16,812",0,0,106,0,0.5545553512,"1,389.0011985875",770.2780475624,F,New York,40
"16,814",3,195,207,895.31,1.8153502854,"1,192.9034424253","2,165.5376046757",M,California,22
"16,816",0,0,80,0,0.6410182117,"1,389.0011985875",890.3750643549,F,Chicago,31
"16,817",2,79,178,313.735,0.9364903043,"1,060.8124773339",993.4405996773,M,California,20
"16,833",0,0,30,0,0.9213818773,"1,389.0011985875","1,279.80053198",F,California,46
"16,835",0,0,236,0,0.3328896976,"1,389.0011985875",462.3841890216,M,Chicago,11
"16,839",2,203,208,337.185,1.2645291893,"1,067.9697984917","1,350.478983506",F,New York,10
"16,843",1,1,3,"1,130.98",2.3044295289,"1,342.5337575995","3,093.7744346174",M,New York,31
"16,850",0,0,26,0,0.9553607378,"1,389.0011985875","1,326.9972098834",M,California,22
"16,858",1,34,189,525.5,0.3867312784,"1,233.4919179234",477.0299063421,F,Chicago,47
"16,861",0,0,177,0,0.4063080935,"1,389.0011985875",564.3624288646,F,New York,41
"16,863",1,56,166,155,0.5536761391,"1,166.767993764",646.0115979693,F,Chicago,22
"16,873",1,68,130,24.22,0.7812216154,"1,143.2156191309",893.1047527333,M,California,6
"16,875",1,32,55,133.66,1.3150356825,"1,162.9248398057","1,529.2876604346",F,California,3
"16,883",0,0,220,0,0.3500137555,"1,389.0011985875",486.1695258797,F,Washington DC,37
"16,885",0,0,72,0,0.6734939268,"1,389.0011985875",935.4838715298,M,New York,27
"16,889",0,0,38,0,0.8604588021,"1,389.0011985875","1,195.1783075143",F,Chicago,23
"16,891",1,1,220,"8,533.7",0.1876381848,"2,675.7011742065",502.0637114022,M,Chicago,12
"16,893",1,1,164,"2,720.22",0.3003469536,"1,628.7424734726",489.1878400581,F,New York,50
"16,898",1,42,186,244,0.427471884,"1,182.7961428873",505.6120956234,M,Chicago,40
"16,899",0,0,102,0,0.5662725991,"1,389.0011985875",786.5533188379,F,Chicago,36
"16,904",0,0,171,0,0.4156570169,"1,389.0011985875",577.348094663,F,California,17
"16,905",0,0,220,0,0.3500137555,"1,389.0011985875",486.1695258797,F,New York,33
"16,907",0,0,142,0,0.4677872528,"1,389.0011985875",649.7570548009,F,California,16
"16,916",0,0,229,0,0.3401686598,"1,389.0011985875",472.4946761968,F,New York,7
"16,919",1,82,183,"3,696.9",0.5725401182,"1,804.6343014023","1,033.2255361956",F,New York,10
"16,923",2,96,129,"1,563.455",1.5602794045,"1,442.2473343617","2,250.3088120288",F,New York,23
"16,926",0,0,217,0,0.353424713,"1,389.0011985875",490.907349996,M,California,48
"16,927",0,0,117,0,0.5247451936,"1,389.0011985875",728.8717028507,F,Chicago,45
"16,928",0,0,239,0,0.3298655419,"1,389.0011985875",458.1836330239,F,California,19
"16,931",2,134,208,"1,774.26",1.0432112105,"1,506.5884467995","1,571.6899573358",F,New Jersey,37
"16,945",0,0,79,0,0.6449006757,"1,389.0011985875",895.7678115864,F,Chicago,9
"16,950",0,0,169,0,0.4188710451,"1,389.0011985875",581.8123837398,F,Chicago,26
"16,954",0,0,98,0,0.5785076359,"1,389.0011985875",803.5477996015,F,California,6
"16,955",3,208,242,240.4066666667,1.5578069526,932.7710468362,"1,453.0772219352",F,New York,15
"16,983",0,0,204,0,0.3690170265,"1,389.0011985875",512.5650920837,F,New York,21
"16,985",0,0,88,0,0.6116039627,"1,389.0011985875",849.5186371956,F,Chicago,5
"16,995",0,0,222,0,0.3477765081,"1,389.0011985875",483.0619865869,F,California,50
"16,996",2,30,88,72.95,1.4780350335,987.3209815993,"1,459.2950000846",F,New York,13
"17,001",0,0,88,0,0.6116039627,"1,389.0011985875",849.5186371956,F,California,18
"17,007",1,15,74,14.16,0.9275901702,"1,141.4038980053","1,058.7550360187",F,Chicago,3
"17,017",4,135,235,"1,346.9975",1.4178893639,"1,369.3566201511","1,941.5961870958",M,California,40
"17,019",2,169,182,"3,225.315",1.3601752478,"1,949.474018339","2,651.6263059372",M,New York,25
"17,025",1,1,239,890.33,0.1625738256,"1,299.1947229195",211.2150562576,F,Chicago,45
"17,026",0,0,201,0,0.3728149844,"1,389.0011985875",517.8404602055,M,California,23
"17,033",0,0,94,0,0.59129625,"1,389.0011985875",821.3111999309,M,California,47
"17,041",0,0,108,0,0.5488805602,"1,389.0011985875",762.3957559492,F,New York,15
"17,044",0,0,89,0,0.6081205944,"1,389.0011985875",844.6802345201,F,Washington DC,29
"17,048",0,0,15,0,1.0640134227,"1,389.0011985875","1,477.9159194336",F,Chicago,39
"17,059",1,1,204,"5,057.62",0.2129767338,"2,049.6884932569",436.5359605824,M,California,24
"17,062",3,120,206,573.84,1.3428632524,"1,065.2132063955","1,430.4356708455",M,Chicago,44
"17,064",0,0,2,0,1.2318953086,"1,389.0011985875","1,711.1040601787",M,Chicago,7
"17,068",2,165,179,126.84,1.3716685477,"1,003.7690855308","1,376.8384837808",F,Washington DC,31
"17,069",2,180,237,754.165,1.0339621519,"1,195.2388721109","1,235.8317562424",F,California,10
"17,076",0,0,139,0,0.4739494854,"1,389.0011985875",658.3164032357,M,New York,46
"17,085",2,60,125,"2,489.47",1.3064580286,"1,724.882163868","2,253.486151358",F,California,19
"17,090",0,0,63,0,0.7143370932,"1,389.0011985875",992.2150786418,F,New Jersey,23
"17,091",0,0,174,0,0.4109286563,"1,389.0011985875",570.7803961623,F,California,37
"17,095",1,15,33,721.08,1.5668340412,"1,268.7142258507","1,987.8646376233",M,California,35
"17,097",1,1,144,"1,639.98",0.362688404,"1,434.2003632597",520.1678407089,M,California,33
"17,114",0,0,32,0,0.9053212842,"1,389.0011985875","1,257.492348797",M,California,19
"17,126",1,1,128,"4,251.56",0.4257038004,"1,904.5238878375",810.7630569551,F,Chicago,32
"17,128",0,0,31,0,0.9132778488,"1,389.0011985875","1,268.5440266715",F,New York,47
"17,135",0,0,221,0,0.3488915074,"1,389.0011985875",484.6107219438,F,California,45
"17,146",0,0,86,0,0.618694945,"1,389.0011985875",859.3680202254,M,California,5
"17,158",1,1,104,"1,799.81",0.5509695097,"1,462.9843978033",806.0597963862,M,California,17
"17,179",0,0,115,0,0.5299195925,"1,389.0011985875",736.0589491648,F,New Jersey,31
"17,181",0,0,245,0,0.3239806319,"1,389.0011985875",450.0094859817,F,New York,49
"17,188",2,70,124,283.45,1.4204603983,"1,051.5690030796","1,493.712124916",M,Chicago,8
"17,189",0,0,89,0,0.6081205944,"1,389.0011985875",844.6802345201,F,New York,42
"17,191",1,1,178,"2,979.41",0.2650387528,"1,675.4204057341",444.0513348345,M,Chicago,13
"17,194",1,1,108,"1,390.94",0.5269469249,"1,389.3503603646",732.113900014,F,New Jersey,19
"17,198",2,69,214,"1,167.59",0.6184876149,"1,321.422901947",817.2836988844,F,New York,18
"17,204",0,0,65,0,0.704825195,"1,389.0011985875",979.0030406166,F,Chicago,29
"17,211",2,142,201,"1,205.395",1.1254441329,"1,332.9616024318","1,500.1738148167",F,Chicago,29
"17,213",3,111,158,397.6366666667,1.8869196567,995.2239532068,"1,877.9076400832",M,Chicago,25
"17,214",0,0,90,0,0.6046776607,"1,389.0011985875",839.8979954358,F,California,28
"17,218",3,147,176,"1,749.18",1.923644917,"1,532.0668537506","2,947.1526157537",F,Chicago,31
"17,220",0,0,131,0,0.4912199246,"1,389.0011985875",682.3050639712,F,New York,19
"17,223",0,0,178,0,0.404791219,"1,389.0011985875",562.2554883825,F,California,10
"17,227",0,0,188,0,0.3902305112,"1,389.0011985875",542.0306477677,F,New Jersey,19
"17,228",3,52,225,714.0166666667,0.3937952017,"1,120.8924039957",441.4020502942,M,Chicago,42
"17,230",2,57,96,"1,030.49",1.7165437482,"1,279.5777535149","2,196.4511931835",M,California,29
"17,231",1,1,116,"2,762.77",0.4829440237,"1,636.4053694861",790.292193564,F,California,5
"17,235",0,0,229,0,0.3401686598,"1,389.0011985875",472.4946761968,M,California,12
"17,236",0,0,127,0,0.5003450192,"1,389.0011985875",694.979831443,F,California,28
"17,238",1,1,214,"4,800.39",0.196635876,"2,003.3635404593",393.9331447425,F,Chicago,20
"17,239",0,0,58,0,0.7393186428,"1,389.0011985875","1,026.9144809555",F,California,28
"17,243",3,178,211,"1,042.71",1.7040667105,"1,251.4518008749","2,132.5573536114",M,Chicago,9
"17,251",0,0,129,0,0.4957397079,"1,389.0011985875",688.5830484277,M,California,46
"17,259",1,1,183,"3,424.66",0.2537878283,"1,755.6061742414",445.5514782435,M,Chicago,8
"17,262",0,0,157,0,0.4392668015,"1,389.0011985875",610.1421138112,F,California,22
"17,284",1,1,36,"5,626.94",1.3306024296,"2,152.2182220083","2,863.7467952875",F,New York,38
"17,287",1,59,231,874.37,0.362787455,"1,296.3204615711",470.2888011295,F,Washington DC,45
"17,288",0,0,83,0,0.6296535521,"1,389.0011985875",874.5895385264,M,California,3
"17,293",0,0,114,0,0.5325460452,"1,389.0011985875",739.7070950306,M,Chicago,16
"17,303",0,0,116,0,0.5273194418,"1,389.0011985875",732.4473367585,F,Chicago,39
"17,306",0,0,59,0,0.7341789266,"1,389.0011985875","1,019.7754089991",F,California,9
"17,307",0,0,143,0,0.4657692238,"1,389.0011985875",646.9540100703,F,New York,17
"17,315",3,21,75,423.3933333333,2.0165331419,"1,005.454689655","2,027.5327043371",F,New York,10
"17,320",0,0,175,0,0.4093766767,"1,389.0011985875",568.6246946754,F,California,40
"17,324",1,142,160,"1,405.78",0.8119039954,"1,392.0229191622","1,130.1889697277",M,New Jersey,49
"17,338",2,101,117,"1,464.59",1.7479498311,"1,412.0721294037","2,468.2312400971",F,New Jersey,40
"17,339",0,0,144,0,0.4637688199,"1,389.0011985875",644.1754466999,F,California,21
"17,340",3,95,155,"3,263.1233333333",1.7512814863,"2,133.4162224913","3,736.212332998",F,California,36
"17,341",1,1,160,"8,866.56",0.311590631,"2,735.6464519276",852.4018041999,F,New York,13
"17,343",0,0,66,0,0.700166502,"1,389.0011985875",972.5321105058,M,New York,32
"17,346",2,145,241,818.52,0.8913039239,"1,214.8810641412","1,082.8282595679",F,New Jersey,12
"17,358",1,1,69,"2,010.77",0.8397045546,"1,500.9765139724","1,260.3768151504",F,Chicago,6
"17,364",0,0,15,0,1.0640134227,"1,389.0011985875","1,477.9159194336",M,New York,39
"17,365",0,0,22,0,0.9920739694,"1,389.0011985875","1,377.9919326149",F,New York,11
"17,368",1,30,44,289.68,1.4837760327,"1,191.0227254935","1,767.2109744692",M,Chicago,8
"17,371",0,0,113,0,0.5351992077,"1,389.0011985875",743.392340947,M,New Jersey,24
"17,372",2,25,126,"1,987.345",0.8335483552,"1,571.6254522965","1,310.0258107941",F,New York,4
"17,375",0,0,113,0,0.5351992077,"1,389.0011985875",743.392340947,M,New Jersey,21
"17,377",4,174,246,734.27,1.7334050127,"1,082.7920118277","1,876.9171009888",M,Chicago,34
"17,381",2,204,230,221.32,1.1354555453,"1,032.6059172147","1,172.4781148162",M,New Jersey,17
"17,389",2,42,52,384.08,2.5585913077,"1,082.282914726","2,769.1196581223",F,New York,2
"17,392",0,0,79,0,0.6449006757,"1,389.0011985875",895.7678115864,M,Chicago,6
"17,396",0,0,221,0,0.3488915074,"1,389.0011985875",484.6107219438,F,California,13
"17,400",0,0,58,0,0.7393186428,"1,389.0011985875","1,026.9144809555",F,California,45
"17,402",2,190,197,"1,173.92",1.3070859886,"1,323.3549208352","1,729.7386749548",F,California,37
"17,404",2,27,102,"1,045.49",1.1812116715,"1,284.1559973259","1,516.8600520843",F,New Jersey,11
"17,406",3,153,165,"2,047.4933333333",2.1003956408,"1,650.559092355","3,466.8271223901",F,Chicago,3
"17,411",0,0,149,0,0.4540231639,"1,389.0011985875",630.6387188485,F,Chicago,16
"17,412",1,145,224,"1,657.59",0.5715218975,"1,437.3717756874",821.4894446623,F,California,19
"17,419",0,0,169,0,0.4188710451,"1,389.0011985875",581.8123837398,F,New York,48
"17,420",0,0,250,0,0.3192360226,"1,389.0011985875",443.4192179717,F,New York,19
"17,428",4,166,189,557.975,2.4526996427,"1,000.3411545961","2,453.5363924504",F,California,14
"17,430",0,0,147,0,0.4578710493,"1,389.0011985875",635.983436253,F,Chicago,36
"17,442",0,0,143,0,0.4657692238,"1,389.0011985875",646.9540100703,M,California,34
"17,449",1,1,97,"1,770.95",0.5966541278,"1,457.7869552898",869.7946042575,F,Chicago,24
"17,450",2,151,174,"1,571.53",1.3662392773,"1,444.7119556133","1,973.8222181485",F,California,17
"17,454",0,0,97,0,0.5816514212,"1,389.0011985875",807.9145212285,M,New Jersey,15
"17,456",0,0,143,0,0.4657692238,"1,389.0011985875",646.9540100703,F,New Jersey,34
"17,457",0,0,53,0,0.7661756189,"1,389.0011985875","1,064.2188529248",F,Chicago,47
"17,460",1,11,237,64.68,0.1991740401,"1,150.5021237773",229.1501561275,F,California,35
"17,470",0,0,174,0,0.4109286563,"1,389.0011985875",570.7803961623,F,California,48
"17,491",0,0,172,0,0.4140686845,"1,389.0011985875",575.1418990212,F,New Jersey,31
"17,496",0,0,89,0,0.6081205944,"1,389.0011985875",844.6802345201,F,Chicago,7
"17,511",7,204,249,"1,232.6814285714",3.2092165171,"1,294.2843395934","4,153.638680462",F,Chicago,25
"17,519",1,66,176,85,0.5495162366,"1,154.1615843412",634.2305303034,F,New Jersey,46
"17,524",0,0,115,0,0.5299195925,"1,389.0011985875",736.0589491648,F,California,4
"17,525",0,0,95,0,0.5880451162,"1,389.0011985875",816.7953712217,M,New York,11
"17,526",1,40,149,55.98,0.5602246012,"1,148.9353271776",643.6618354837,M,California,22
"17,530",1,1,141,"3,387.33",0.3735010288,"1,748.8833561877",653.2097327981,F,Chicago,28
"17,547",0,0,227,0,0.3423078031,"1,389.0011985875",475.465948766,M,Chicago,41
"17,548",0,0,249,0,0.3201736924,"1,389.0011985875",444.7216424628,M,Chicago,50
"17,551",0,0,92,0,0.5979102593,"1,389.0011985875",830.4980667826,M,Chicago,32
"17,552",0,0,221,0,0.3488915074,"1,389.0011985875",484.6107219438,F,New York,44
"17,555",0,0,31,0,0.9132778488,"1,389.0011985875","1,268.5440266715",F,Chicago,27
"17,567",0,0,226,0,0.3433875998,"1,389.0011985875",476.9657876873,F,California,9
"17,569",1,1,20,826.43,1.7126494206,"1,287.6868720321","2,205.3561752801",F,California,41
"17,572",0,0,243,0,0.3259185768,"1,389.0011985875",452.7012938697,F,Chicago,49
"17,576",2,31,142,"1,373.775",0.7581371433,"1,384.353915291","1,049.5301227093",F,California,23
"17,580",0,0,81,0,0.6371834609,"1,389.0011985875",885.0485908798,M,Chicago,30
"17,581",3,218,227,850.4966666667,1.71479126,"1,175.1032585493","2,015.0567973722",M,California,25
"17,585",0,0,47,0,0.8012000714,"1,389.0011985875","1,112.8678595184",F,California,26
"17,591",1,1,169,"4,414.96",0.2870472616,"1,933.9508492616",555.1352954117,F,New York,25
"17,593",0,0,58,0,0.7393186428,"1,389.0011985875","1,026.9144809555",F,New York,22
"17,596",0,0,185,0,0.3944861025,"1,389.0011985875",547.941669243,F,California,38
"17,609",0,0,2,0,1.2318953086,"1,389.0011985875","1,711.1040601787",M,New York,21
"17,611",0,0,115,0,0.5299195925,"1,389.0011985875",736.0589491648,M,New York,26
"17,616",0,0,174,0,0.4109286563,"1,389.0011985875",570.7803961623,F,New York,6
"17,618",0,0,121,0,0.5146995152,"1,389.0011985875",714.9182434912,F,Chicago,17
"17,621",0,0,63,0,0.7143370932,"1,389.0011985875",992.2150786418,M,California,25
"17,629",1,75,98,22.99,1.0438375514,"1,142.9941065082","1,193.1001693522",F,New York,11
"17,633",0,0,89,0,0.6081205944,"1,389.0011985875",844.6802345201,F,Chicago,17
"17,634",0,0,43,0,0.8264575793,"1,389.0011985875","1,147.9505682605",F,Chicago,32
"17,643",0,0,240,0,0.3288697797,"1,389.0011985875",456.8005182313,F,California,33
"17,646",0,0,144,0,0.4637688199,"1,389.0011985875",644.1754466999,M,New Jersey,13
"17,655",1,71,152,34.94,0.6713143543,"1,145.1462006883",768.7530822678,F,New York,2
"17,659",1,143,223,100.55,0.5712176299,"1,156.9620081487",660.8770962174,F,California,33
"17,671",0,0,144,0,0.4637688199,"1,389.0011985875",644.1754466999,F,New York,34
"17,674",0,0,189,0,0.3888325667,"1,389.0011985875",540.0889012507,M,Chicago,2
"17,675",3,120,171,358.0466666667,1.7827645175,979.4985155472,"1,746.2151984609",F,New York,17
"17,676",0,0,157,0,0.4392668015,"1,389.0011985875",610.1421138112,M,New York,15
"17,677",2,80,189,456.305,0.8597521305,"1,104.3271586757",949.4476274581,M,New York,3
"17,682",0,0,180,0,0.4017916429,"1,389.0011985875",558.0890735048,M,Chicago,39
"17,685",2,219,227,654.655,1.1844633309,"1,164.8668026691","1,379.7420131784",M,Washington DC,37
"17,690",2,103,238,744.28,0.7071185265,"1,192.2218094395",843.042129148,F,Chicago,6
"17,691",1,108,188,190.9,0.620669055,"1,173.2332808823",728.1895916854,F,Chicago,48
"17,692",0,0,93,0,0.5945844147,"1,389.0011985875",825.8784647326,F,New Jersey,11
"17,696",1,100,139,125,0.8305796204,"1,161.3652468685",964.6063059084,F,California,2
"17,700",0,0,143,0,0.4657692238,"1,389.0011985875",646.9540100703,F,New York,21
"17,702",0,0,145,0,0.4617858081,"1,389.0011985875",641.4210409799,F,Chicago,28
"17,706",0,0,164,0,0.4271311286,"1,389.0011985875",593.2856496315,M,New Jersey,29
"17,707",0,0,36,0,0.8748897023,"1,389.0011985875","1,215.2228451081",F,Chicago,4
"17,720",0,0,173,0,0.412492612,"1,389.0011985875",572.9527324175,F,Chicago,28
"17,722",2,53,161,740.045,0.8444281874,"1,190.9292186036","1,005.6542013894",F,Chicago,12
"17,732",0,0,235,0,0.3339102312,"1,389.0011985875",463.8017113378,F,Chicago,8
"17,735",0,0,173,0,0.412492612,"1,389.0011985875",572.9527324175,M,New Jersey,49
"17,739",1,77,101,138.23,1.0252693712,"1,163.7478582494","1,193.1550349078",F,California,7
"17,742",0,0,23,0,0.982620813,"1,389.0011985875","1,364.8614869977",F,Chicago,35
"17,744",2,72,83,239.395,2.1085650564,"1,038.1227010069","2,188.9492515704",F,New York,42
"17,752",0,0,89,0,0.6081205944,"1,389.0011985875",844.6802345201,F,California,38
"17,757",5,193,222,"1,024.926",2.6869021229,"1,198.4404051353","3,220.0920687726",F,New York,45
"17,760",0,0,239,0,0.3298655419,"1,389.0011985875",458.1836330239,F,New Jersey,45
"17,787",1,1,217,"1,536.68",0.1920657046,"1,415.5969047829",271.8876168818,M,California,8
"17,790",2,62,138,765.435,1.1683523339,"1,198.6786592942","1,400.4790092048",F,Washington DC,34
"17,796",2,173,205,"1,645.125",1.2069139894,"1,467.174345831","1,770.7532428367",F,Washington DC,5
"17,799",0,0,116,0,0.5273194418,"1,389.0011985875",732.4473367585,F,Chicago,14
"17,800",0,0,30,0,0.9213818773,"1,389.0011985875","1,279.80053198",F,Chicago,12
"17,802",0,0,228,0,0.3412348449,"1,389.0011985875",473.9756085159,F,California,13
"17,809",1,33,250,885.04,0.249298096,"1,298.2420385502",323.6492683856,F,New Jersey,24
"17,811",0,0,26,0,0.9553607378,"1,389.0011985875","1,326.9972098834",M,California,35
"17,812",1,1,176,"1,213.55",0.2697275776,"1,357.4039179715",366.1292706066,M,Chicago,20
"17,816",0,0,144,0,0.4637688199,"1,389.0011985875",644.1754466999,F,Chicago,29
"17,819",1,91,215,38.62,0.4898087641,"1,145.8089376408",561.2272596403,M,Chicago,13
"17,820",0,0,89,0,0.6081205944,"1,389.0011985875",844.6802345201,F,Chicago,35
"17,827",3,3,139,"2,535.69",0.2852586797,"1,844.4743802376",526.1523264105,M,California,32
"17,838",2,83,225,311.675,0.6553948714,"1,060.1837318505",694.8389805785,F,California,14
"17,841",13,238,241,"3,083.8492307692",6.8712326257,"2,644.248855392","18,169.2490057445",M,California,21
"17,848",1,66,79,166.03,1.1954081811,"1,168.7544037059","1,397.1385758523",M,Chicago,25
"17,849",0,0,26,0,0.9553607378,"1,389.0011985875","1,326.9972098834",M,California,8
"17,850",9,25,251,"3,604.0244444444",0.0004122945,"2,859.9378872502",1.1791367191,M,Chicago,12
"17,855",0,0,235,0,0.3339102312,"1,389.0011985875",463.8017113378,F,New York,13
"17,857",1,69,150,257.99,0.6741963635,"1,185.3156238562",799.1354831883,M,Chicago,47
"17,858",2,106,199,995.345,0.961328821,"1,268.8509282659","1,219.7829668706",M,Chicago,34
"17,860",0,0,184,0,0.3959256035,"1,389.0011985875",549.9411378637,F,New Jersey,49
"17,863",0,0,198,0,0.3766928827,"1,389.0011985875",523.2268655274,F,Chicago,50
"17,865",1,58,131,589.5,0.735090795,"1,245.0177779671",915.2011082352,M,Chicago,12
"17,869",0,0,174,0,0.4109286563,"1,389.0011985875",570.7803961623,M,California,50
"17,870",0,0,166,0,0.4237877468,"1,389.0011985875",588.6416882099,M,New Jersey,40
"17,873",0,0,240,0,0.3288697797,"1,389.0011985875",456.8005182313,M,California,26
"17,880",0,0,138,0,0.4760404316,"1,389.0011985875",661.220730114,M,California,12
"17,884",2,43,219,"1,244.205",0.4023825536,"1,344.807045252",541.1268930191,F,Chicago,37
"17,888",0,0,74,0,0.6650615955,"1,389.0011985875",923.7713532767,M,New York,37
"17,890",1,1,114,"3,323.4",0.4934695186,"1,737.3701025534",857.339188161,F,Chicago,27
"17,894",3,97,155,"2,290.2966666667",1.7766422485,"1,747.0023528215","3,103.7981882258",F,California,37
"17,897",2,79,246,"1,693.19",0.5294520906,"1,481.8445650826",784.565702878,M,Washington DC,19
"17,905",1,186,243,139.99,0.5754308302,"1,164.0648194006",669.8387854326,M,New York,42
"17,908",0,0,248,0,0.3211169376,"1,389.0011985875",446.0318112435,F,California,15
"17,912",4,48,137,423.58,1.2891810752,937.4863773328,"1,208.5896959373",M,New Jersey,7
"17,913",0,0,71,0,0.6777931762,"1,389.0011985875",941.4555341147,F,New York,29
"17,917",1,1,126,"2,258.85",0.4345879862,"1,545.6536289668",671.7224979829,F,California,40
"17,920",2,73,248,"2,855.275",0.4849403918,"1,836.5317956855",890.608448497,F,California,18
"17,924",2,185,249,30.56,0.9847655749,974.3828645896,959.5387018206,M,New Jersey,26
"17,925",0,0,235,0,0.3339102312,"1,389.0011985875",463.8017113378,M,New York,12
"17,937",2,8,122,262.195,0.604024913,"1,045.0816315995",631.2553416117,M,New York,38
"17,949",1,172,217,51.29,0.6337019325,"1,148.0906977463",727.5472938039,F,New Jersey,15
"17,950",0,0,143,0,0.4657692238,"1,389.0011985875",646.9540100703,F,New York,39
"17,951",2,182,245,141.29,0.9968773979,"1,008.179460402","1,005.0313171471",F,Chicago,36
"17,954",2,209,215,"2,597.505",1.2340252113,"1,757.8562018757","2,169.2388708832",F,New York,22
"17,961",4,216,221,"1,723.29",2.3085623087,"1,545.3436827157","3,567.5221798625",F,California,10
"17,964",0,0,229,0,0.3401686598,"1,389.0011985875",472.4946761968,M,New Jersey,5
"17,965",2,173,191,"1,863.795",1.3043687945,"1,533.915984107","2,000.7921430219",F,Chicago,7
"17,967",0,0,220,0,0.3500137555,"1,389.0011985875",486.1695258797,F,Chicago,6
"17,968",0,0,246,0,0.3230203562,"1,389.0011985875",448.6756618837,M,New York,33
"17,969",0,0,113,0,0.5351992077,"1,389.0011985875",743.392340947,F,California,11
"17,975",2,111,164,"4,989.415",1.2747337144,"2,487.9060121318","3,171.4176718995",M,Chicago,6
"17,976",0,0,228,0,0.3412348449,"1,389.0011985875",473.9756085159,M,Washington DC,12
"17,978",0,0,145,0,0.4617858081,"1,389.0011985875",641.4210409799,F,Chicago,15
"17,980",0,0,90,0,0.6046776607,"1,389.0011985875",839.8979954358,M,New York,47
"17,990",1,58,117,637.18,0.8250250198,"1,253.6045436997","1,034.25511354",F,New York,20
"17,999",0,0,155,0,0.4428638278,"1,389.0011985875",615.1383876167,F,New Jersey,30
"18,004",1,1,123,421.99,0.4483861157,"1,214.8506402183",544.7221596742,F,Chicago,30
"18,011",0,0,236,0,0.3328896976,"1,389.0011985875",462.3841890216,M,California,7
"18,016",0,0,130,0,0.4934692771,"1,389.0011985875",685.4294173133,F,Chicago,16
"18,032",0,0,29,0,0.9296376443,"1,389.0011985875","1,291.2678021499",F,Chicago,37
"18,037",0,0,120,0,0.5171739891,"1,389.0011985875",718.3552907226,M,New Jersey,46
"18,041",3,193,233,"1,352.0633333333",1.5710483885,"1,374.3292082533","2,159.137687953",M,Washington DC,30
"18,043",0,0,162,0,0.4305284752,"1,389.0011985875",598.0045680418,F,New York,18
"18,044",0,0,107,0,0.551703046,"1,389.0011985875",766.3161921778,F,California,9
"18,050",0,0,92,0,0.5979102593,"1,389.0011985875",830.4980667826,F,California,48
"18,055",3,124,210,"2,122.1966666667",1.3374741958,"1,680.2318029207","2,247.2666793726",F,Washington DC,18
"18,061",0,0,158,0,0.4374904427,"1,389.0011985875",607.6747493296,M,Washington DC,4
"18,062",0,0,45,0,0.8136254165,"1,389.0011985875","1,130.1266787255",F,California,25
"18,065",2,53,134,144.55,1.1168671296,"1,009.1744653902","1,127.1137883758",F,Chicago,47
"18,069",0,0,3,0,1.2170005625,"1,389.0011985875","1,690.415240042",F,Chicago,10
"18,071",0,0,150,0,0.4521237585,"1,389.0011985875",628.0004424294,M,Chicago,24
"18,074",0,0,250,0,0.3192360226,"1,389.0011985875",443.4192179717,F,California,10
"18,075",1,28,109,31.02,0.7214243577,"1,144.4402417606",825.6270663667,F,New York,12
"18,077",2,95,166,"1,283.515",1.1573067103,"1,356.8050961993","1,570.2396423664",M,Chicago,34
"18,085",1,236,247,"1,925.21",0.6169106192,"1,485.5678798264",916.4626006487,M,Chicago,34
"18,092",3,140,151,298.8166666667,2.2225914658,955.971926192,"2,124.7350447026",M,California,34
"18,095",0,0,22,0,0.9920739694,"1,389.0011985875","1,377.9919326149",F,Chicago,14
"18,097",1,6,61,552.92,0.9909016323,"1,238.4300285858","1,227.1623368739",F,New York,6
"18,102",2,22,167,107.655,0.4657027241,997.9135116966,464.7310408323,F,Chicago,48
"18,106",0,0,9,0,1.1350775674,"1,389.0011985875","1,576.6241015538",F,California,49
"18,109",3,192,209,549.8966666667,1.7846589716,"1,055.7027392145","1,884.0693648551",F,New York,9
"18,113",0,0,185,0,0.3944861025,"1,389.0011985875",547.941669243,M,New York,3
"18,116",5,80,135,"2,263.524",2.7439166604,"1,846.7356434928","5,067.2886995325",F,Chicago,38
"18,118",2,72,206,"5,032.515",0.6864782594,"2,501.0608326819","1,716.9238871932",M,Chicago,24
"18,119",1,1,173,"1,215.53",0.2769728774,"1,357.7604992666",376.0628323183,F,California,20
"18,141",0,0,109,0,0.5460874205,"1,389.0011985875",758.5160816142,M,California,28
"18,144",1,138,242,37.96,0.5096683005,"1,145.6900772091",583.9219145644,F,California,26
"18,156",0,0,204,0,0.3690170265,"1,389.0011985875",512.5650920837,F,California,26
"18,168",2,126,222,483.17,0.9167739892,"1,112.5267933411","1,019.935626393",F,Chicago,5
"18,171",0,0,27,0,0.9466223549,"1,389.0011985875","1,314.8595855955",M,New York,21
"18,176",1,22,81,32.22,0.913598775,"1,144.6563516364","1,045.7566406827",M,New York,19
"18,178",0,0,134,0,0.4845953995,"1,389.0011985875",673.1035907638,F,New York,33
"18,179",0,0,36,0,0.8748897023,"1,389.0011985875","1,215.2228451081",F,New York,6
"18,190",0,0,14,0,1.0751993197,"1,389.0011985875","1,493.4531437475",M,California,8
"18,193",0,0,156,0,0.4410578679,"1,389.0011985875",612.6299072093,F,California,31
"18,198",0,0,36,0,0.8748897023,"1,389.0011985875","1,215.2228451081",F,Chicago,29
"18,219",1,83,189,762.82,0.5533113369,"1,276.231247698",706.1532177989,F,New York,32
"18,223",2,81,81,"1,549.99",2.2164233322,"1,438.1375975007","3,187.5217260444",M,Washington DC,44
"18,225",1,78,221,101.69,0.4399138338,"1,157.1673125307",509.0539088582,F,New Jersey,28
"18,226",1,28,45,14,1.449615256,"1,141.3750833552","1,654.5547336535",F,New Jersey,40
"18,229",2,227,237,637.3,1.1454705605,"1,159.5697745799","1,328.2530396645",M,New York,16
"18,230",1,55,144,21.99,0.650744515,"1,142.814014945",743.6799518863,F,California,36
"18,239",0,0,222,0,0.3477765081,"1,389.0011985875",483.0619865869,M,New York,20
"18,245",1,1,67,"2,539.44",0.8617930712,"1,596.1855206804","1,375.5816220794",F,Washington DC,5
"18,256",0,0,66,0,0.700166502,"1,389.0011985875",972.5321105058,M,California,45
"18,259",0,0,157,0,0.4392668015,"1,389.0011985875",610.1421138112,F,California,5
"18,260",1,50,79,"1,384.14",1.1181224516,"1,388.1257377349","1,552.0945530319",M,New York,43
"18,269",1,76,157,20.69,0.6640337252,"1,142.5798959129",758.7115846676,M,Chicago,25
"18,283",0,0,42,0,0.8330326979,"1,389.0011985875","1,157.0834157903",F,New Jersey,36
