"customer_id","frequency","recency","T","monetary_value","expected_purchases_180d","expected_avg_order_value","predicted_clv_180d","profit_margin_5pct","segment_name"
12347,2.0,223.0,282.0,1425.2600000000002,1.3236352391969233,2510.5203022675096,36630.93593330995,1831.5467966654976,Mid-Low
12348,1.0,119.0,192.0,760.24,1.133269367371874,5605.795771190303,67918.31946391094,3395.9159731955474,Mid-Low
12370,1.0,30.0,219.0,691.79,0.5586219065900928,5101.628025487284,30784.604840223594,1539.2302420111798,Low
12377,1.0,139.0,179.0,6814.8099999999995,1.231271431661245,50200.66659808768,657236.4252505751,32861.821262528756,Mid-High
12383,3.0,72.0,171.0,890.11,1.6228537855687568,1250.6878117101496,21506.177898738137,1075.3088949369069,Mid-Low
12386,1.0,123.0,279.0,57.94,0.8318839912328458,433.0126038092942,3967.373608750425,198.36868043752125,Low
12393,1.0,14.0,136.0,483.92,0.7376192031457045,3570.5637552274375,27432.769116546224,1371.6384558273112,Low
12395,2.0,161.0,325.0,393.25,1.0126218916471035,693.2306386222511,7827.985473523328,391.39927367616644,Low
12413,1.0,22.0,153.0,22.79,0.7611980472271195,174.11565331314944,1392.568920523882,69.62844602619411,Low
12414,1.0,1.0,18.0,589.03,1.3774467233019652,4344.7503403383835,56126.94146436953,2806.3470732184765,Mid-Low
12415,2.0,18.0,158.0,15.075,0.751532339836043,27.29375957161662,216.04322205496533,10.802161102748267,Low
12417,2.0,114.0,188.0,642.37,1.49436804011634,1131.911660131061,18054.096660741867,902.7048330370934,Mid-Low
12422,1.0,1.0,103.0,866.61,0.6029355468157366,6389.262872876645,39347.29392551957,1967.3646962759785,Low
12427,1.0,163.0,333.0,897.5600000000001,0.7793720610492559,6617.224768121472,57624.3752380264,2881.2187619013202,Low
12431,4.0,323.0,363.0,1165.56,1.7615921352614499,1487.0643919678328,29476.45537455719,1473.8227687278595,Mid-Low
12433,2.0,91.0,356.0,8742.285,0.5506787929113344,15395.23450187211,95243.4558546689,4762.172792733445,Low
12437,2.0,112.0,129.0,1164.34,1.8829022461250922,2051.0603948651383,40072.169274301996,2003.6084637150998,Mid-Low
12441,1.0,1.0,278.0,155.5,0.12949109414295104,1151.5897443613248,1641.91719574685,82.0958597873425,Low
12471,10.0,332.0,347.0,1488.307,3.6623573267722094,1629.191863344095,66892.36899255677,3344.618449627839,Mid-Low
12472,2.0,292.0,354.0,6092.92,1.1765938060643928,10729.907974296293,141766.4641965848,7088.32320982924,Mid-Low
12474,5.0,240.0,300.0,1341.106,2.2177856865911467,1621.5558738604893,39842.61304117709,1992.1306520588544,Mid-Low
12476,1.0,194.0,227.0,3148.84,1.1306507836109474,23199.003621975262,284146.2583549434,14207.312917747171,Mid-High
12481,3.0,113.0,264.0,2610.357100000025,1.2406205327499744,3667.0273037848806,49883.08483802512,2494.1542419012562,Mid-Low
12494,3.0,99.0,263.0,101.79,1.1186390082008297,143.37668856259486,1758.0684104264933,87.90342052132468,Low
12501,2.0,110.0,151.0,4702.38,1.7197121848534163,8281.274754768114,149488.27771203144,7474.4138856015725,Mid-Low
12524,1.0,1.0,140.0,421.38,0.4235757721476023,3109.92605155663,13750.018480947865,687.5009240473933,Low
12539,3.0,88.0,141.0,5263.746666666667,2.095851461179376,7394.102325620738,161843.4892139355,8092.174460696776,Mid-Low
12540,3.0,212.0,233.0,1056.7166666666667,1.8748142362221145,1484.711323977423,30216.706401543615,1510.8353200771808,Mid-Low
12553,2.0,54.0,123.0,831.02,1.5995592492609725,1464.1096960480365,24217.470191188942,1210.8735095594473,Mid-Low
12557,2.0,196.0,332.0,124.07,1.0915798060924586,219.2255110943876,2673.1642242428097,133.6582112121405,Low
12559,1.0,60.0,80.0,286.18,1.5613678653223182,2114.1118920380304,33163.54723539338,1658.177361769669,Mid-Low
12567,2.0,310.0,320.0,4175.635,1.288144361489478,7353.717614937276,105498.91647974872,5274.945823987437,Mid-Low
12578,3.0,108.0,164.0,2059.7133333333336,2.0100334965556947,2893.567328493255,61431.31855595935,3071.5659277979676,Mid-Low
12583,1.0,213.0,364.0,1685.62,0.7904348793556001,12421.672301776998,110505.45394328315,5525.272697164158,Mid-Low
12585,1.0,10.0,170.0,1024.17,0.5065509865861922,7549.769374161782,40503.93566913754,2025.1967834568773,Low
12600,3.0,315.0,330.0,283.1933333333333,1.576198429302369,398.1842905212457,7007.453305121913,350.3726652560957,Mid-Low
12621,2.0,76.0,263.0,774.485,0.824103932143494,1364.555940624945,12326.523159401791,616.3261579700896,Low
12625,2.0,63.0,78.0,2047.645,2.11330342241735,3606.492073188192,76452.01453610121,3822.6007268050607,Mid-Low
12626,4.0,88.0,115.0,1273.6,2.8341615200117762,1624.8806966306042,47395.67525770854,2369.783762885427,Mid-Low
12637,1.0,40.0,96.0,210.53,1.3170720545989383,1556.9126230470388,20845.577446315314,1042.2788723157657,Mid-Low
12647,3.0,121.0,309.0,626.2733333333334,1.0129920139276016,880.0904962872586,9900.870527439105,495.0435263719553,Low
12652,2.0,42.0,129.0,764.705,1.405499623581328,1347.334118248756,19649.100419710896,982.4550209855448,Mid-Low
12662,1.0,344.0,356.0,1497.15,0.9102328524914798,11033.498524820858,112827.82917627216,5641.391458813609,Mid-Low
12665,1.0,28.0,131.0,115.52999999999999,0.9605008987686852,857.1911352196206,8552.526194038008,427.6263097019004,Low
12668,1.0,153.0,184.0,5341.35,1.2341821675557394,39347.912666990975,517467.2344682288,25873.361723411443,Mid-High
12681,6.0,258.0,286.0,2272.35,2.689945099368507,2654.8996330650684,78813.96875406321,3940.698437703161,Mid-Low
12682,5.0,309.0,329.0,2260.15,2.1998110589260795,2732.648097048878,67100.67418967951,3355.033709483976,Mid-Low
12683,4.0,171.0,263.0,2447.4174999999996,1.885647831010066,3122.207521866561,64534.15335124892,3226.707667562446,Mid-Low
12691,3.0,121.0,186.0,186.01999999999998,1.8970242039647034,261.69008401459223,5294.263526520866,264.7131763260433,Mid-Low
12708,2.0,179.0,302.0,1306.4950000000001,1.157790545103609,2301.384337593883,29535.88461583244,1476.794230791622,Mid-Low
12709,3.0,226.0,279.0,959.93,1.6673324844477322,1348.7602475460567,24768.332232315133,1238.4166116157567,Mid-Low
12712,6.0,318.0,328.0,495.135,2.5320954749594407,578.6202201621196,16350.225695741063,817.5112847870532,Mid-Low
12720,2.0,271.0,305.0,2804.575,1.3022705759573903,4939.387166358805,71359.88055258674,3567.994027629337,Mid-Low
12721,1.0,85.0,263.0,2080.8,0.7484817240088742,15332.366381352149,125793.3416756115,6289.667083780576,Mid-Low
12725,1.0,1.0,326.0,3469.24,0.0903464600808578,25558.906408290048,25756.51241415448,1287.825620707724,Low
12726,1.0,143.0,187.0,1320.52,1.2052376328083803,9732.532141716047,125148.1617930654,6257.4080896532705,Mid-Low
12731,1.0,217.0,251.0,11311.2,1.079293057337448,83318.77923653321,982012.3008342524,49100.61504171262,Mid-High
12735,1.0,114.0,155.0,2318.2,1.2876415129024752,17080.933551986138,231318.5153287726,11565.925766438631,Mid-Low
12744,1.0,1.0,69.0,9028.6,0.8403479365785927,66506.31325637674,556454.6133575684,27822.730667878423,Mid-High
12747,2.0,211.0,305.0,649.8000000000001,1.2198536055521532,1144.9953145538711,15494.987886302186,774.7493943151094,Mid-Low
12748,33.0,250.0,357.0,2248.541896969701,0.8705339102287172,2309.0386787709567,22587.425447944646,1129.3712723972324,Low
12753,1.0,88.0,240.0,165.66,0.8415652873022227,1226.4231161121309,11230.58017647743,561.5290088238715,Low
12763,1.0,1.0,305.0,102.12,0.10542380668692419,758.4199230957714,887.0094449711581,44.35047224855791,Low
12766,2.0,128.0,270.0,1159.1999999999998,1.113258514326866,2042.0092530437055,24971.338170877993,1248.5669085438997,Low
12775,1.0,10.0,23.0,249.1,1.6262909790024984,1840.9995471049706,28306.420539799157,1415.321026989958,Mid-Low
12779,2.0,323.0,330.0,1173.695,1.2680428354881441,2067.533825164652,29271.95630470671,1463.5978152353355,Mid-Low
12782,3.0,124.0,188.0,922.4233333333335,1.8970299469359033,1296.0766302432007,26242.82144253131,1312.1410721265656,Mid-Low
12793,1.0,182.0,326.0,1449.9,0.8315670766078516,10685.479153243536,99111.70238475793,4955.585119237897,Mid-Low
12797,1.0,51.0,263.0,54.96,0.5689050286910505,411.0634455595499,2563.3971433692413,128.16985716846207,Low
12826,2.0,203.0,256.0,3833.775,1.393046288752022,6751.728637685343,102873.61019959449,5143.680509979725,Mid-Low
12829,2.0,124.0,213.0,204.135,1.3893363732630477,360.2137737272667,5394.113824550247,269.7056912275124,Mid-Low
12836,1.0,1.0,26.0,2986.98,1.2770663211889435,22006.825516504254,266899.55153612484,13344.977576806243,Mid-High
12839,2.0,96.0,281.0,1179.8149999999998,0.8820114730895743,2078.3106710687703,20201.131331154367,1010.0565665577184,Low
12841,4.0,299.0,333.0,2334.405,1.8567031090677186,2978.0482740814687,61781.67919994167,3089.0839599970836,Mid-Low
12853,1.0,16.0,44.0,634.1,1.5047358905736585,4676.7129451424025,68374.61777869856,3418.7308889349283,Mid-Low
12854,1.0,3.0,71.0,4632.15,0.9136765591938847,34124.30762312566,310960.34231283976,15548.01711564199,Mid-High
12867,1.0,1.0,213.0,3909.21,0.2200003157630917,28799.50075565246,68290.55604645432,3414.5278023227165,Low
12868,2.0,307.0,356.0,2102.91,1.1847259452512722,3703.8094569939253,49296.606098776974,2464.8303049388487,Mid-Low
12872,1.0,142.0,257.0,1800.34,0.9492254237911965,13266.641239498698,137781.2365354917,6889.061826774586,Mid-Low
12877,1.0,77.0,199.0,222.95999999999998,0.956569701920131,1648.4656556122472,16905.46781836132,845.2733909180661,Low
12916,1.0,1.0,87.0,2717.0299999999997,0.704509565939461,20018.511667672552,142449.47571625782,7122.473785812891,Mid-Low
12921,2.0,189.0,353.0,2223.49,1.000781132527292,3916.1414960655866,43999.55137694028,2199.977568847014,Low
12931,1.0,4.0,189.0,8.39,0.33465029083983855,68.05260673720394,243.1759034416317,12.158795172081586,Low
12944,1.0,1.0,179.0,1026.87,0.2962210901682977,7569.65619539477,23842.427383029724,1192.1213691514863,Low
12947,4.0,286.0,351.0,1066.095,1.7545208126851766,1360.1863954546657,26779.748014801484,1338.9874007400742,Mid-Low
12951,1.0,47.0,127.0,784.5699999999999,1.1591211245750925,5784.998126967576,69499.33162091459,3474.9665810457295,Mid-Low
12957,1.0,15.0,167.0,29.4,0.5971170627010157,222.80153788724664,1407.1120845754008,70.35560422877005,Low
12963,1.0,1.0,265.0,200.22,0.1433941854806193,1480.9744278944002,2329.226696608472,116.46133483042361,Low
12967,2.0,143.0,334.0,185.095,0.9072624664832571,326.68580869223246,3312.4921936835094,165.62460968417548,Low
12971,14.0,324.0,336.0,305.06857142857143,4.978908368713925,325.20437998126965,18104.790949467962,905.2395474733981,Mid-Low
12980,2.0,70.0,200.0,166.09,1.1396051630483264,293.21947594586555,3583.8377625950598,179.191888129753,Low
12989,1.0,129.0,246.0,20.59,0.9547922402627712,157.91157675293553,1643.8266415254343,82.19133207627172,Low
12997,1.0,18.0,58.0,331.89,1.3960193799113103,2450.788410023202,33726.582050483565,1686.3291025241783,Mid-Low
13001,1.0,46.0,111.0,67.65,1.256473587306648,504.5315053546019,6508.23720669212,325.411860334606,Mid-Low
13004,2.0,139.0,190.0,2019.05,1.5704626095591039,3556.138493346973,59658.034294040735,2982.9017147020368,Mid-Low
13008,1.0,129.0,223.0,1949.55,1.0362484321653174,14365.645904748477,161034.68967678113,8051.734483839056,Mid-Low
13021,1.0,56.0,257.0,565.91,0.6190155946222957,4174.460226669226,28272.33310693378,1413.6166553466892,Low
13047,2.0,351.0,364.0,1160.58,1.1946635048940646,2044.4393261397324,27488.900686050743,1374.4450343025374,Mid-Low
13050,8.0,275.0,279.0,1081.43125,3.4654207269082695,1212.5252695799134,46279.2766684383,2313.9638334219153,Mid-Low
13065,1.0,1.0,350.0,662.54,0.07617262074219032,4886.187462129895,4175.586787077598,208.77933935387992,Low
13069,4.0,319.0,322.0,1662.705,1.9281774278744448,2121.22476573286,45575.4082947648,2278.77041473824,Mid-Low
13078,7.0,228.0,279.0,354.42,2.967665062522512,404.47899331941227,13220.58433327629,661.0292166638146,Mid-Low
13081,5.0,203.0,325.0,2950.024,1.8420921593220356,3566.681762879748,73265.6935757837,3663.2846787891854,Mid-Low
13089,19.0,304.0,324.0,1599.8347368421053,6.614587223971225,1676.1191958736806,123601.45189831455,6180.072594915728,Mid-Low
13090,4.0,257.0,349.0,196.755,1.6960698973662525,251.25242381884723,4779.705812443425,238.98529062217128,Mid-Low
13093,6.0,334.0,353.0,1986.7533333333333,2.4156175111968485,2321.243615423024,62950.568365652936,3147.528418282647,Mid-Low
13094,2.0,149.0,302.0,82.49,1.0597921463319917,146.00635215758484,1715.2336112904873,85.76168056452437,Low
13097,1.0,55.0,213.0,2209.6099999999997,0.7748106608681558,16281.11506395267,135966.56278886923,6798.328139443462,Mid-Low
13098,1.0,2.0,60.0,474.99,0.9677433675515315,3504.7899353716602,33498.07821051058,1674.9039105255292,Low
13102,7.0,251.0,258.0,951.9914285714285,3.2408331041542704,1086.219207818073,38527.39676999923,1926.3698384999616,Mid-Low
13107,1.0,21.0,139.0,93.39,0.8255974356843717,694.1192011091044,5978.5527819633035,298.9276390981652,Low
13113,5.0,264.0,271.0,2009.954260000015,2.460925035407298,2430.170151500191,65713.23975964561,3285.661987982281,Mid-Low
13115,1.0,116.0,268.0,125.0,0.845692802424762,926.9423193219959,8605.8272796842,430.29136398420997,Low
13117,2.0,267.0,342.0,523.445,1.1839982926892172,922.4939478520982,12230.501458732673,611.5250729366337,Low
13124,1.0,1.0,205.0,4471.28,0.235656693934975,32939.42135210674,83413.86645951087,4170.693322975544,Low
13126,2.0,141.0,277.0,730.5600000000001,1.1365978320997716,1287.2074183474303,16104.315072971867,805.2157536485934,Low
13138,1.0,1.0,340.0,289.48,0.08172660205512401,2138.418006878351,1956.0413596739477,97.80206798369738,Low
13141,2.0,20.0,41.0,390.065,2.1114884675871277,687.622100353523,14058.770478601971,702.9385239300987,Mid-Low
13148,4.0,210.0,246.0,4580.362499999999,2.1573001419798006,5843.0016531969495,137429.4300073009,6871.471500365045,Mid-Low
13155,2.0,183.0,297.0,2034.72,1.1877952782421732,3583.732149444609,47121.47392578405,2356.0736962892024,Mid-Low
13162,1.0,15.0,146.0,203.98000000000002,0.699369038483275,1508.6686678336748,11047.572638235493,552.3786319117747,Low
13174,3.0,256.0,304.0,7293.7733333333335,1.607467226647944,10245.572678124992,182659.48218605143,9132.974109302571,Mid-Low
13198,2.0,165.0,233.0,2165.57,1.4169146200316578,3814.1488629338023,58666.23018036564,2933.311509018282,Mid-Low
13199,5.0,259.0,277.0,329.04599999999994,2.414765273547417,398.0105426249441,10579.286999282644,528.9643499641322,Mid-Low
13209,2.0,123.0,233.0,114.25,1.2762038587941633,201.9332518168647,2797.5300074534107,139.87650037267053,Mid-Low
13225,1.0,75.0,233.0,477.15,0.8086773695131152,3520.6993923580517,30906.590381868187,1545.3295190934095,Low
13230,2.0,243.0,254.0,4937.58,1.4532315341782625,8695.443734612654,138126.17580902556,6906.308790451279,Mid-Low
13233,1.0,1.0,148.0,255.7,0.3930889074837561,1889.6117767856122,7785.176896470204,389.25884482351023,Low
13246,1.0,16.0,125.0,213.12,0.8357817971060801,1575.989240452018,13636.435143972061,681.8217571986031,Low
13267,5.0,149.0,279.0,1275.802260000015,1.773546951067806,1542.6059240658115,30132.660635595043,1506.6330317797522,Mid-Low
13269,1.0,93.0,320.0,1959.2599999999998,0.612234940759768,14437.164806293784,98441.11843501407,4922.055921750703,Low
13280,2.0,106.0,152.0,3080.05,1.697265161430166,5424.477301234124,96688.72842316143,4834.436421158071,Mid-Low
13284,1.0,36.0,128.0,125.0,1.0618825134498195,926.9423193219959,10207.573345387636,510.3786672693818,Low
13295,1.0,126.0,335.0,799.4200000000001,0.6844720053846391,5894.375643749022,45101.4991312859,2255.074956564295,Low
13310,2.0,30.0,99.0,489.88999999999993,1.5372712421876664,863.4061922454501,13520.667933047616,676.0333966523808,Mid-Low
13319,4.0,119.0,286.0,1610.1075,1.2318982555453397,2054.1311607300822,27926.382657999136,1396.319132899957,Mid-Low
13324,1.0,190.0,224.0,1890.94,1.1360796645237399,13933.954574205689,171304.16248659746,8565.208124329873,Mid-Low
13329,2.0,103.0,279.0,18.11,0.9361615670201171,32.638159460341875,336.52417110268823,16.82620855513441,Low
13369,1.0,87.0,263.0,536.99,0.7570830661837812,3961.45027479587,32874.94284452805,1643.7471422264025,Low
13370,2.0,67.0,334.0,1601.6,0.4665949054554903,2821.041381798914,14710.962874203411,735.5481437101706,Low
13396,1.0,43.0,77.0,204.5,1.4867288660516214,1512.4987222933617,22538.330710297952,1126.9165355148978,Mid-Low
13408,10.0,330.0,362.0,769.951,3.528379899585769,842.880328222393,33456.744400688745,1672.8372200344375,Mid-Low
13418,2.0,141.0,347.0,920.92,0.8495615792162622,1622.4166317964387,15452.575798403726,772.6287899201864,Low
13426,1.0,56.0,207.0,655.27,0.8062755866697136,4832.640354587733,41902.70693133581,2095.1353465667903,Low
13448,2.0,138.0,362.0,618.81,0.7819392129185949,1090.4243252452727,9592.03920339022,479.6019601695111,Low
13455,1.0,152.0,270.0,237.63,0.9298129732806296,1756.5173843114917,17940.56593807144,897.028296903572,Low
13458,4.0,104.0,208.0,552.5775,1.8405375165667854,705.141187849475,13962.384762616959,698.119238130848,Mid-Low
13468,6.0,334.0,353.0,1422.5466666666664,2.4156175111968485,1662.0939421293615,45074.87177948968,2253.7435889744843,Mid-Low
13473,1.0,12.0,137.0,125.0,0.6973477897519009,926.9423193219959,6736.5120916131245,336.82560458065626,Low
13488,4.0,274.0,285.0,2168.41,2.051102247981732,2766.304313580758,62600.18636812806,3130.009318406403,Mid-Low
13491,5.0,321.0,340.0,698.0380000000001,2.1608903041639076,844.1090336860142,20415.182049677234,1020.7591024838617,Mid-Low
13495,2.0,80.0,289.0,199.94,0.732351378045939,352.8267036998524,2854.040453360091,142.70202266800456,Low
13496,1.0,18.0,211.0,64.78999999999999,0.46520970477968526,483.46620582632374,2422.3889665773354,121.11944832886678,Low
13506,2.0,289.0,318.0,702.925,1.2780433634704091,1238.54432413823,17620.24489915106,881.0122449575531,Mid-Low
13520,1.0,233.0,333.0,3641.02,0.8824538283576564,26824.150168068933,264486.4779330329,13224.323896651646,Mid-High
13534,5.0,147.0,194.0,704.232,2.7069431454461927,851.5973642016681,24664.97425220647,1233.2487126103235,Mid-Low
13564,1.0,114.0,287.0,3889.0,0.7804232500433689,28650.64421597886,246830.69661966385,12341.534830983193,Mid-High
13576,3.0,332.0,349.0,450.99666666666667,1.5251294995003317,633.8886967284164,10843.435231813199,542.1717615906599,Mid-Low
13584,1.0,1.0,3.0,2734.66,1.5781517003018746,20148.36524483463,288871.7468291812,14443.58734145906,Mid-High
13593,1.0,1.0,147.0,1724.75,0.39676216828666944,12709.88389986844,52827.28340326026,2641.364170163013,Low
13599,4.0,161.0,279.0,222.66,1.6964010460527652,284.29695706846866,5311.785614716175,265.58928073580876,Mid-Low
13615,2.0,41.0,75.0,853.175,1.9655405769331324,1503.122934774464,29564.35062717773,1478.2175313588866,Mid-Low
13629,1.0,142.0,163.0,1072.58,1.3062011792500778,7906.332713379942,109027.67892882158,5451.383946441079,Mid-Low
13649,1.0,1.0,269.0,705.59,0.1389351581766418,5203.271778455898,7938.648613980824,396.9324306990412,Low
13659,1.0,1.0,86.0,896.5600000000001,0.711427217719522,6609.859278775921,47461.562042996324,2373.0781021498165,Low
13668,2.0,225.0,237.0,2008.125,1.5015009534375017,3536.900414670096,57727.88171839392,2886.394085919696,Mid-Low
13672,1.0,5.0,139.0,184.56,0.5415653599959794,1365.6308647430594,7715.745172901953,385.78725864509767,Low
13680,2.0,15.0,166.0,1587.85,0.6370761726422468,2796.828696965315,18836.919401781543,941.8459700890771,Low
13694,7.0,349.0,360.0,844.0414285714286,2.6975622261991563,963.0642967289235,29212.785007930022,1460.6392503965012,Mid-Low
13700,1.0,1.0,117.0,65.08,0.5268348827246309,485.6021977365338,2636.1678755327353,131.80839377663676,Low
13715,4.0,196.0,348.0,1478.5725,1.4366991386606263,1886.3445295396189,30390.11816000189,1519.5059080000947,Mid-Low
13725,1.0,1.0,9.0,58.83,1.496636351788214,439.56788932683526,6064.911148366306,303.24555741831534,Mid-Low
13742,1.0,1.0,82.0,255.5,0.7398106221828592,1888.138678916502,14055.83819110437,702.7919095552186,Low
13756,2.0,85.0,286.0,867.2149999999999,0.7826091325953097,1527.846287142735,13195.81591111815,659.7907955559076,Low
13758,2.0,215.0,360.0,317.8,1.0429979121061466,560.3690334807945,6572.0941287833775,328.6047064391689,Low
13764,1.0,1.0,155.0,3748.48,0.3684195033375091,27615.645653141928,107004.40034559603,5350.220017279802,Low
13767,8.0,225.0,362.0,618.9925,2.1303961336424755,694.0793444669607,16634.582546457605,831.7291273228802,Mid-Low
13769,3.0,197.0,284.0,658.4866666666667,1.571037659895679,925.338850145666,16034.37483379906,801.718741689953,Mid-Low
13777,9.0,333.0,351.0,598.1566666666666,3.329776900182533,661.8009738645384,24728.17543378764,1236.408771689382,Mid-Low
13784,2.0,109.0,132.0,121.94,1.851295869264271,215.4747460983465,4146.0090132348405,207.30045066174205,Mid-Low
13798,6.0,254.0,335.0,1811.8366666666668,2.3095086561978446,2116.892496411758,54653.23524936687,2732.661762468344,Mid-Low
13802,1.0,199.0,224.0,1103.27,1.145986093650986,8132.379581394926,100851.3528252388,5042.5676412619405,Mid-Low
13815,1.0,1.0,71.0,658.0,0.8240208552109267,4852.748140501089,39881.78882742988,1994.089441371494,Low
13819,1.0,68.0,80.0,1201.3500000000001,1.5956971739709893,8854.786776406645,141956.8503774618,7097.84251887309,Mid-Low
13838,1.0,1.0,324.0,2322.85,0.09166543803446663,17115.183077442955,17490.534918181318,874.526745909066,Low
13842,3.0,266.0,278.0,691.4166666666666,1.732057680388707,971.5938675056834,18529.371036410448,926.4685518205224,Mid-Low
13854,7.0,242.0,263.0,436.0942857142857,3.173776372521004,497.65721838113217,17313.06245203704,865.653122601852,Mid-Low
13859,1.0,1.0,109.0,624.76,0.5689622354505199,4607.919274654949,26882.15073027627,1344.1075365138136,Low
13862,1.0,14.0,132.0,369.0,0.7605012487229177,2724.121719636628,21532.00502649249,1076.6002513246247,Low
13869,1.0,152.0,186.0,8128.5,1.224497881330244,59876.63629644559,781917.3487750804,39095.86743875402,Mid-High
13890,1.0,143.0,201.0,25.99,1.149434865162152,197.68521921891508,2437.9758739076997,121.898793695385,Low
13911,1.0,1.0,5.0,2084.16,1.5509804067150896,15357.1144255532,217542.22098232174,10877.111049116087,Mid-Low
13929,1.0,22.0,109.0,11.99,1.0316986761430667,94.56836838119031,1000.4018306392683,50.020091531963416,Low
13939,1.0,6.0,25.0,167.54,1.4981716128637816,1240.2702360817682,17620.51320710314,881.025660355157,Mid-Low
13941,1.0,23.0,348.0,28.03,0.21088994719942614,212.7108174838407,503.0266509288885,25.151332546444426,Low
13963,3.0,282.0,287.0,1522.4533333333336,1.7107068634037281,2138.9068175050074,40392.62155382698,2019.6310776913492,Mid-Low
13969,1.0,166.0,254.0,1411.87,1.0051751517289154,10405.3695934322,114326.96654359344,5716.348327179672,Mid-Low
13982,1.0,147.0,258.0,2486.14,0.9568268987429938,18317.893832678103,191824.65877712428,9591.232938856214,Mid-Low
13983,2.0,169.0,278.0,3856.0106500000375,1.226897309265309,6790.883894814151,91737.74942483162,4586.887471241581,Mid-Low
13984,1.0,163.0,267.0,66.46,0.9599336836566639,495.7665730333952,5222.935597307333,261.1467798653667,Low
13999,2.0,143.0,232.0,1375.75,1.3585436124449652,2423.33702764122,35726.071515601325,1786.3035757800662,Mid-Low
14030,1.0,1.0,266.0,26.49,0.14226368644319984,201.36796389169098,314.3034118696901,15.715170593484505,Low
14031,4.0,239.0,336.0,470.0675,1.7088330897864863,599.8910647679749,11462.38609605482,573.1193048027411,Mid-Low
14032,4.0,107.0,277.0,330.345,1.1625005411867437,421.66042215186883,5395.63923880464,269.781961940232,Low
14040,2.0,90.0,129.0,3469.8250000000003,1.7981705650237048,6110.840881671649,114016.70622917697,5700.835311458849,Mid-Low
14044,1.0,1.0,15.0,6650.639999999999,1.4165264553787151,48991.474212228444,647420.0716040063,32371.00358020032,Mid-High
14045,1.0,203.0,361.0,150.72,0.7829976831900528,1116.3827052895874,9831.46025431195,491.57301271559754,Low
14047,2.0,196.0,348.0,58.010000000000005,1.0366607027324901,102.89896854111223,1196.1708028184914,59.80854014092458,Low
14049,1.0,1.0,64.0,6685.89,0.8825986185166701,49251.10771165915,430897.65422067954,21544.882711033977,Mid-High
14051,3.0,232.0,272.0,1056.46,1.7116831397606835,1484.350797979172,27925.889581400614,1396.2944790700308,Mid-Low
14057,1.0,6.0,220.0,693.47,0.288564742023144,5114.002047587811,15946.58985919545,797.3294929597726,Low
14060,4.0,280.0,344.0,964.345,1.7749620775955437,1230.3936427756857,24466.35621926839,1223.3178109634196,Mid-Low
14062,3.0,149.0,243.0,1287.2266666666667,1.6251122980283983,1808.4964454975454,32011.57558716534,1600.578779358267,Mid-Low
14083,1.0,157.0,331.0,2055.57,0.7718693913913868,15146.535085163878,130565.79012113933,6528.289506056967,Mid-Low
14085,5.0,284.0,297.0,2375.95,2.336631939726227,2872.646268458751,74304.34140236971,3715.217070118486,Mid-Low
14092,3.0,260.0,348.0,1046.4566666666667,1.4358130288766793,1470.299648359027,23672.78117429572,1183.639058714786,Mid-Low
14099,1.0,60.0,178.0,2707.27,0.9630537387319045,19946.624491659968,204169.552178796,10208.4776089398,Mid-Low
14107,1.0,68.0,245.0,17.990000000000002,0.7286322322896518,138.76130445450096,1101.9656633301202,55.09828316650601,Low
14113,3.0,152.0,178.0,132.90666666666667,2.084150391021828,187.08461315574834,4144.175770152498,207.20878850762494,Mid-Low
14133,1.0,31.0,44.0,107.41,1.685017978162419,797.3833617337402,13054.661828496299,652.733091424815,Mid-Low
14135,7.0,235.0,348.0,777.5757142857143,2.293648454042796,887.2367920199474,22819.80546774508,1140.9902733872539,Mid-Low
14146,1.0,141.0,186.0,4608.23,1.2057106992700297,33948.12511798005,436520.1795069251,21826.008975346256,Mid-High
14156,5.0,323.0,336.0,1801.4180000000001,2.183096904904719,2178.0570679712105,53167.38045385679,2658.3690226928397,Mid-Low
14175,2.0,35.0,122.0,517.895,1.3742705322846476,912.7208277919909,12963.217264727757,648.1608632363879,Mid-Low
14176,2.0,173.0,286.0,183.285,1.2049712557228465,323.49853890686416,4301.903698396086,215.0951849198043,Low
14180,9.0,327.0,342.0,1125.9212555555637,3.3862178864367958,1245.6279859235387,47231.628351859086,2361.5814175929545,Mid-Low
14189,2.0,234.0,300.0,2251.955,1.2753948129923465,3966.2661559774697,56043.186454000075,2802.159322700004,Mid-Low
14210,1.0,164.0,330.0,2673.19,0.7888226105331727,19695.60861476356,173465.83710601204,8673.291855300602,Mid-Low
14215,4.0,248.0,288.0,795.4125,1.9929001002288511,1014.902594206233,22334.023515568115,1116.7011757784057,Mid-Low
14217,4.0,248.0,270.0,169.41500000000002,2.092024871065557,216.37739818500634,4972.408757961513,248.6204378980757,Mid-Low
14224,1.0,1.0,83.0,64.93,0.7326066041076826,484.49737433470114,3574.3555520312766,178.71777760156385,Low
14229,2.0,98.0,139.0,172.55,1.757665974537499,304.5950355113236,5585.381476750878,279.26907383754394,Mid-Low
14233,1.0,41.0,61.0,1511.94,1.6066131991451311,11142.434112241568,176967.81169028656,8848.390584514329,Mid-Low
14243,2.0,204.0,265.0,1668.2,1.3583881058684857,2938.3188225202,43777.95248518788,2188.897624259394,Mid-Low
14290,1.0,184.0,233.0,38.910000000000004,1.0989457789690886,292.84734156344405,3493.529480026363,174.67647400131818,Low
14298,7.0,187.0,219.0,2391.902857142857,3.402804874138762,2728.944209781619,100308.68430700661,5015.434215350331,Mid-Low
14299,8.0,220.0,270.0,338.38625,3.339507867991506,379.4881323902773,13920.946195741712,696.0473097870856,Mid-Low
14307,1.0,262.0,361.0,3163.4700000000003,0.8495495077680613,23306.760731100687,222697.35617584476,11134.867808792238,Mid-High
14309,2.0,181.0,197.0,420.66499999999996,1.6241847480386198,741.5063298741137,12901.429614859437,645.0714807429719,Mid-Low
14312,1.0,134.0,153.0,1145.46,1.3384939073727853,8443.129576883755,118741.10038163768,5937.055019081884,Mid-Low
14320,2.0,46.0,137.0,630.915,1.3820367622704943,1111.7402925115064,16012.380296306745,800.6190148153373,Mid-Low
14329,1.0,1.0,121.0,97.46,0.5070511498298755,724.0967427455001,3792.2521038411883,189.61260519205942,Low
14334,1.0,114.0,193.0,2180.92,1.1159666665985197,16069.799174628792,191802.35096375796,9590.117548187898,Mid-Low
14341,1.0,8.0,66.0,204.0,1.1187722209051594,1508.8159776205857,16762.881790972995,838.1440895486498,Low
14344,2.0,108.0,300.0,26.14,0.8701780492835995,46.77836740316358,450.9719228160327,22.548596140801635,Low
14388,1.0,81.0,347.0,172.99,0.49700773423900285,1280.4121530150255,7134.385363022946,356.71926815114733,Low
14395,1.0,193.0,335.0,1596.86,0.8272815884197193,11767.911467465823,108830.40092276275,5441.520046138138,Mid-Low
14401,1.0,172.0,212.0,595.1700000000001,1.1550118968382594,4389.9744449200725,54631.04044691161,2731.5520223455806,Mid-Low
14404,1.0,188.0,304.0,1124.67,0.896884806728717,8290.001053389735,82462.23651083889,4123.111825541945,Mid-Low
14409,1.0,217.0,290.0,1924.99,0.9705438347561288,14184.749486421726,152102.97055712662,7605.148527856331,Mid-Low
14415,2.0,112.0,216.0,5626.165,1.3187225646224108,9907.988577241282,140984.52870764656,7049.226435382328,Mid-Low
14419,1.0,1.0,251.0,1457.62,0.16039642676840543,10742.340730991195,18816.041348371025,940.8020674185514,Low
14426,2.0,173.0,207.0,1973.52,1.5602743835819006,3475.9636904034273,58324.403114440036,2916.220155722002,Mid-Low
14438,1.0,1.0,1.0,384.8,1.6050429749747839,2840.496451296346,41171.868899967005,2058.59344499835,Mid-Low
14440,1.0,206.0,261.0,4646.78,1.0386445221509093,34232.06473225108,389493.3305591919,19474.666527959595,Mid-High
14441,1.0,167.0,256.0,30.88,1.0005924534215715,233.70246211866325,2557.6667953103656,127.88333976551829,Low
14442,2.0,29.0,57.0,610.345,2.0377079293220346,1075.5181160004427,21583.262940612378,1079.163147030619,Mid-Low
14443,2.0,319.0,336.0,1057.955,1.2486263558825585,1863.7246511544176,26020.59612947307,1301.0298064736535,Mid-Low
14449,1.0,1.0,341.0,5257.54,0.0811496976728268,38730.61100494028,35185.783829589374,1759.2891914794689,Low
14462,1.0,161.0,167.0,8571.54,1.3165861528782727,63139.84269609885,879232.6476767954,43961.63238383977,Mid-High
14466,1.0,332.0,342.0,980.0,0.9325325928458926,7224.43570976876,75439.29347926965,3771.9646739634827,Mid-Low
14472,2.0,38.0,183.0,1709.0,0.9035939908376168,3010.1644618809873,28970.929969731355,1448.5464984865678,Low
14487,1.0,1.0,294.0,1757.08,0.114521979519142,12948.010170410129,16401.198204381373,820.0599102190687,Low
14491,1.0,1.0,345.0,398.48,0.07889065075412147,2941.2563455434943,2600.1436669989776,130.0071833499489,Low
14496,1.0,325.0,352.0,725.25,0.9092107713455594,5348.077298989446,54577.361975713786,2728.8680987856897,Low
14502,2.0,5.0,35.0,866.46,1.753975179787799,1526.5167906300542,25738.442211041645,1286.9221105520824,Mid-Low
14505,3.0,85.0,234.0,1555.1033333333332,1.1926504401840956,2184.7685337760236,28295.273396305005,1414.7636698152503,Mid-Low
14525,1.0,113.0,224.0,383.53999999999996,0.9897112346643824,2831.2159347209504,30322.585793584218,1516.129289679211,Low
14527,10.0,331.0,363.0,1731.484,3.5228536775357333,1895.3730884974868,75132.77593898529,3756.6387969492644,Mid-Low
14532,1.0,132.0,171.0,1768.98,1.2525976963022307,13035.659493622195,173013.3199206906,8650.665996034531,Mid-Low
14534,2.0,3.0,72.0,2600.995,1.0906304749270714,4580.898557018874,49870.36168660426,2493.5180843302132,Mid-Low
14541,1.0,29.0,76.0,9768.130000000001,1.37370153385505,71953.31359209264,989892.5765328043,49494.62882664022,Mid-High
14543,1.0,176.0,248.0,2128.5699999999997,1.0397444671553813,15684.215807389153,177911.79117496315,8895.589558748157,Mid-Low
14560,3.0,180.0,190.0,405.74333333333334,2.0697355187344004,570.323749296531,12609.532395839024,630.4766197919512,Mid-Low
14587,1.0,106.0,130.0,4529.94,1.396725527290622,33371.48095711681,483910.51083261456,24195.52554163073,Mid-High
14594,1.0,1.0,355.0,3115.88,0.07356688757598098,22956.237093145875,18968.54168113654,948.427084056827,Low
14606,26.0,349.0,349.0,2180.7862538461595,8.574667923034243,2255.8010282486293,216952.80063633883,10847.640031816942,Mid-Low
14618,1.0,111.0,268.0,555.61,0.8299604705479093,4098.5956864100435,37343.90828469309,1867.1954142346547,Low
14625,1.0,109.0,335.0,2824.37,0.6314891568966918,20809.123294024077,146898.43157416233,7344.921578708117,Mid-Low
14639,2.0,35.0,229.0,1268.1899999999998,0.5922873879875504,2233.9321999538097,14343.325461050266,717.1662730525134,Low
14643,1.0,20.0,192.0,47.61,0.557309484234681,356.9270988697444,2126.632594287978,106.3316297143989,Low
14646,8.0,89.0,179.0,2825.9525,2.706407302319387,3168.330083375155,91176.28974924225,4558.814487462113,Mid-Low
14667,6.0,183.0,293.0,3255.3354333333587,2.185324848807059,3803.298908568335,91905.19134456772,4595.259567228386,Mid-Low
14669,1.0,1.0,135.0,3421.94,0.44396355334772836,25210.51876224545,116518.82820563937,5825.941410281968,Low
14680,6.0,262.0,332.0,1035.355,2.3670306631187725,1209.7468224237657,31987.288707711574,1599.3644353855789,Mid-Low
14688,5.0,332.0,364.0,1464.192,2.0609223664852614,1770.362565796203,41064.01401326128,2053.2007006630643,Mid-Low
14692,1.0,10.0,88.0,8.39,0.98030609305046,68.05260673720394,674.3245820271856,33.71622910135928,Low
14696,2.0,245.0,352.0,792.895,1.1238577381232988,1396.974524463967,17621.79394263098,881.089697131549,Low
14702,3.0,209.0,254.0,2003.64,1.7576096310099152,2814.804103264971,54077.92569052616,2703.896284526308,Mid-Low
14708,1.0,78.0,299.0,85.0,0.6063005843504518,632.3227454999251,4246.247384323487,212.31236921617435,Low
14709,2.0,156.0,196.0,1117.675,1.5812482369886682,1968.8869448462374,33337.70485176619,1666.8852425883097,Mid-Low
14713,2.0,162.0,254.0,2653.49,1.3118002618229672,4673.338185407221,67010.7299296072,3350.5364964803603,Mid-Low
14723,1.0,137.0,328.0,3936.42,0.732379015251674,28999.915720744928,237018.746198888,11850.9373099444,Mid-High
14729,1.0,1.0,358.0,4001.73,0.07205512225314838,29480.955829902912,23875.65634106947,1193.7828170534735,Low
14733,6.0,228.0,286.0,1415.1299999999999,2.587541804614696,1653.4292210278836,47215.50697198816,2360.775348599408,Mid-Low
14735,2.0,177.0,194.0,1396.025,1.6328493229262528,2459.039732004945,42961.44496535429,2148.0722482677147,Mid-Low
14739,2.0,121.0,282.0,242.035,1.0231430383212985,426.95273774133176,4815.397165430327,240.76985827151634,Low
14741,1.0,117.0,348.0,626.35,0.6253404978971367,4619.630402714376,32394.35418771637,1619.7177093858186,Low
14744,3.0,250.0,278.0,530.7266666666667,1.7119173043871152,745.8811818214682,14059.374336892442,702.9687168446221,Mid-Low
14748,1.0,172.0,302.0,97.67,0.8762182224671885,725.643495508066,7048.008489452381,352.4004244726191,Low
14766,2.0,90.0,347.0,329.03,0.5745362850906274,580.1441935303446,3736.775795044093,186.83878975220466,Low
14769,2.0,86.0,188.0,1807.585,1.343643980202469,3183.7650098315576,45659.47094365153,2282.9735471825766,Mid-Low
14770,1.0,1.0,94.0,1354.68,0.6580124338093427,9984.137257760096,66692.8217773562,3334.6410888678106,Low
14779,1.0,6.0,95.0,796.29,0.8266384551366244,5871.321662097444,49304.877494787695,2465.243874739385,Low
14796,4.0,199.0,279.0,3790.0275,1.9051072491116923,4834.84681104912,101447.63883862535,5072.381941931268,Mid-Low
14800,3.0,176.0,321.0,2249.9500000000003,1.2962181475307994,3160.782643378725,45641.46707030869,2282.0733535154345,Mid-Low
14810,2.0,316.0,319.0,1995.9,1.2950610478194107,3515.37313669986,50690.607413277154,2534.530370663858,Mid-Low
14813,1.0,1.0,320.0,125.5,0.0943735560334043,930.6250639947718,978.1412590767496,48.90706295383748,Low
14825,2.0,98.0,298.0,640.7950000000001,0.8174056890885937,1129.1382071410308,10219.862772510587,510.99313862552935,Low
14829,3.0,135.0,337.0,127.73000000000002,0.9608455365152886,179.8132251650502,1932.3394053287514,96.61697026643758,Low
14849,4.0,302.0,360.0,1246.5275000000001,1.7434097932814183,1590.3468951868533,31177.232003280256,1558.861600164013,Mid-Low
14850,1.0,262.0,287.0,1591.75,1.017386477437772,11730.273816910054,131743.34583027207,6587.167291513604,Mid-Low
14867,1.0,154.0,300.0,933.8000000000001,0.8469897286224769,6884.150102004269,64598.85113969344,3229.942556984672,Low
14896,1.0,1.0,262.0,727.0699999999999,0.14685022907442238,5361.48248959835,8627.667246284791,431.38336231423955,Low
14898,3.0,216.0,326.0,436.06333333333333,1.4233315367150208,612.9126386483599,9730.570353853771,486.5285176926886,Mid-Low
14901,4.0,126.0,347.0,628.8074999999999,0.8378012890970672,802.380514991673,7536.4188525758045,376.82094262879025,Low
14907,2.0,65.0,286.0,1246.81,0.6276056457485167,2196.2836761907306,15212.022145796305,760.6011072898153,Low
14911,25.0,344.0,354.0,2128.4480000000003,8.153906379749921,2204.6967271055273,201867.09385464573,10093.354692732288,Mid-Low
14952,1.0,31.0,277.0,311.59,0.39324075301918987,2301.2689763085004,9961.226222318424,498.0613111159212,Low
14961,1.0,69.0,221.0,670.6800000000001,0.8245819800447671,4946.142545402687,44087.99310351926,2204.399655175963,Low
14978,3.0,65.0,126.0,1315.3766666666668,2.047552800316107,1848.0372514096164,39196.58307351844,1959.8291536759223,Mid-Low
14985,1.0,1.0,191.0,1187.6100000000001,0.2662773015474475,8753.584952798763,24909.217393599054,1245.4608696799528,Low
15002,2.0,121.0,285.0,1471.075,1.0093264594077058,2591.1969681330606,28854.958023012656,1442.747901150633,Low
15005,5.0,251.0,269.0,1918.5199999999998,2.4508489957279522,2319.629312085536,62429.959153211465,3121.4979576605733,Mid-Low
15012,1.0,1.0,357.0,1596.75,0.07255483456808338,11767.101263637813,9593.689940304726,479.68449701523633,Low
15021,2.0,11.0,287.0,2071.325,0.16528197068505618,3648.190718777982,6656.372145500745,332.81860727503727,Low
15023,2.0,206.0,310.0,2855.0,1.1920590041568464,5028.181685103113,66582.92926420948,3329.1464632104744,Mid-Low
15024,1.0,5.0,284.0,12.5,0.16666353724921484,98.32476794742172,180.7457794011352,9.03728897005676,Low
15032,1.0,1.0,271.0,13.690000000000001,0.1367675150735673,107.08970026862833,160.93424673956818,8.046712336978409,Low
15034,1.0,14.0,173.0,3677.54,0.5564331800166978,27093.137838968483,159879.78323845562,7993.989161922782,Mid-Low
15038,1.0,1.0,323.0,989.17,0.09233360918669627,7291.977247067469,7504.32590617592,375.216295308796,Low
15039,7.0,275.0,301.0,4348.694285714286,2.950008202398401,4961.352495151924,162194.8534071585,8109.742670357925,Mid-Low
15044,3.0,98.0,235.0,2066.1266666666666,1.3217171982045537,2902.5757962937073,41674.00692849981,2083.7003464249906,Mid-Low
15046,2.0,141.0,160.0,942.525,1.7526160637311037,1660.4613631295226,30680.12107592016,1534.006053796008,Mid-Low
15058,1.0,1.0,29.0,4274.61,1.240956377206914,31490.850562517076,372702.7822108353,18635.139110541768,Mid-High
15059,1.0,59.0,145.0,8.99,1.130340097434623,72.471900344535,857.2832544511775,42.86416272255888,Low
15061,9.0,274.0,339.0,832.9866666666667,3.2008690734007743,921.5760708077644,33007.81660584334,1650.3908302921673,Mid-Low
15078,5.0,222.0,298.0,994.9720000000001,2.163380865260867,1203.0919095877346,28819.875188569047,1440.9937594284524,Mid-Low
15079,1.0,223.0,264.0,4435.98,1.0473400252282707,32679.419578208766,375285.884733293,18764.29423666465,Mid-High
15090,1.0,1.0,6.0,127.8,1.5373677564192438,947.5656894895409,13337.978798523276,666.8989399261638,Mid-Low
15093,2.0,174.0,335.0,921.1750000000001,1.018997072001041,1622.8656670424439,18486.42726028604,924.321363014302,Low
15100,5.0,241.0,364.0,189.578,1.7872958509498218,229.39858260601343,4614.500808611078,230.72504043055392,Mid-Low
15101,1.0,55.0,207.0,12.0,0.7998241824119274,94.64202327464582,814.0529234752353,40.702646173761764,Low
15107,6.0,319.0,341.0,97.49166666666667,2.459106314464977,114.0626586526202,3140.123802079178,157.00619010395891,Mid-Low
15157,1.0,10.0,196.0,47.98,0.4125435336859973,359.65232992759854,1588.793762419615,79.43968812098075,Low
15159,2.0,182.0,225.0,2616.695,1.490925497694246,4608.545040792512,74380.35550499104,3719.017775249552,Mid-Low
15167,1.0,1.0,85.0,361.15,0.7184155261459558,2666.302628274046,19318.75443807517,965.9377219037586,Low
15171,1.0,28.0,128.0,71.97999999999999,0.979325953919048,536.424074220841,5447.8965786153985,272.39482893076996,Low
15179,2.0,167.0,243.0,1966.775,1.3752866755838051,3464.086267915964,51890.51109374462,2594.5255546872313,Mid-Low
15181,1.0,38.0,259.0,25.99,0.4930773594913964,197.68521921891508,1067.136774292299,53.35683871461495,Low
15189,3.0,103.0,135.0,324.8666666666667,2.2508241669568148,456.7206026009034,10701.857895076391,535.0928947538196,Mid-Low
15194,6.0,261.0,290.0,2437.0285500000123,2.6684776298066755,2847.2897958263184,83945.24647460016,4197.262323730009,Mid-Low
15197,1.0,61.0,192.0,13.6,0.9031475576508822,106.42680622752866,1027.6051008539084,51.380255042695424,Low
15213,1.0,52.0,122.0,173.98,1.2251719449821619,1287.7039874671216,16304.807981349693,815.2403990674848,Mid-Low
15218,1.0,1.0,73.0,2206.9700000000003,0.808013918697929,16261.670172080416,131268.50499183268,6563.425249591634,Mid-Low
15221,1.0,47.0,317.0,135.45,0.4011343158257273,1003.9116829830118,4481.555247465927,224.07776237329637,Low
15224,3.0,47.0,241.0,123.02666666666669,0.6465661432168998,173.20670330099668,1218.979031142132,60.948951557106604,Low
15235,5.0,337.0,349.0,1439.06,2.1372900687749516,1739.9788521185437,41711.38382211936,2085.569191105968,Mid-Low
15240,1.0,307.0,334.0,1887.96,0.9365893242018953,13912.005415955944,145623.20702533954,7281.160351266977,Mid-Low
15271,1.0,100.0,258.0,954.5300000000001,0.8251589687469338,7036.836696137557,63549.27755579141,3177.4638777895707,Low
15279,1.0,78.0,256.0,1794.0900000000001,0.7403891615465806,13220.606931089,107061.88859590667,5353.094429795334,Mid-Low
15281,1.0,50.0,137.0,440.28000000000003,1.1192586016614754,3249.1338001875583,37899.28279315993,1894.9641396579966,Mid-Low
15290,2.0,85.0,203.0,108.6,1.2381801266950285,191.98403950342225,2552.44890516413,127.6224452582065,Low
15291,5.0,286.0,364.0,206.294,1.967383784748655,249.60764506963554,5526.9370684400865,276.34685342200436,Mid-Low
15296,1.0,1.0,113.0,6032.84,0.5474604343549939,44441.07489454657,250090.922515906,12504.5461257953,Mid-High
15298,3.0,167.0,269.0,324.31333333333333,1.5453201312500986,455.94336473454416,7737.261425590299,386.863071279515,Mid-Low
15311,23.0,351.0,363.0,2553.321473913053,7.430728672522441,2653.0474334241067,221828.08928161065,11091.404464080533,Mid-Low
15312,1.0,1.0,178.0,625.47,0.2988862573034731,4613.148772090291,14654.61624379874,732.7308121899371,Low
15332,1.0,50.0,319.0,155.5,0.4132494495634392,1151.5897443613248,5298.780103141404,264.9390051570702,Low
15351,1.0,3.0,323.0,9452.261300000075,0.10969702669736787,69626.7860476499,85129.04769761035,4256.4523848805175,Mid-High
15356,3.0,71.0,292.0,3186.3433333333337,0.6352295195877746,4476.08449242634,31432.00024777039,1571.6000123885196,Low
15358,5.0,236.0,264.0,1780.6439999999998,2.4518968281825257,2152.9420246821887,57880.826201980715,2894.041310099036,Mid-Low
15373,3.0,265.0,327.0,368.5033333333333,1.527352425093808,518.0147044593899,8827.208138277452,441.3604069138726,Mid-Low
15379,5.0,104.0,198.0,1112.086,2.1962741043921117,1344.6786612845901,31649.33096175291,1582.4665480876456,Mid-Low
15384,1.0,126.0,335.0,1847.71,0.6844720053846391,13615.544469797485,104180.91825005895,5209.045912502948,Low
15392,2.0,20.0,213.0,332.46500000000003,0.47259586263481534,586.192962432411,2985.9525425437578,149.2976271271879,Low
15415,1.0,1.0,37.0,290.69,1.1488897612691196,2147.3302489864686,23774.629946884223,1188.7314973442112,Low
15422,1.0,2.0,94.0,34.49,0.7005312046392067,260.29187865610515,1851.0687674193703,92.55343837096852,Low
15426,2.0,19.0,310.0,466.51,0.18811572348437264,822.2358234156655,1718.20775507257,85.91038775362851,Low
15460,1.0,1.0,174.0,5636.26,0.3098248473327931,41520.06912988765,136485.74864057437,6824.287432028719,Mid-High
15464,1.0,1.0,160.0,12080.67,0.35186568423803993,88986.30232325493,330097.003291175,16504.85016455875,Mid-High
15465,3.0,237.0,324.0,362.2,1.4865312725420656,509.1607478010447,8438.104321744728,421.9052160872364,Mid-Low
15485,1.0,210.0,356.0,1157.25,0.803735264579128,8529.96869626781,77021.31799509414,3851.065899754707,Low
15497,1.0,46.0,80.0,27.68,1.4833585010409942,210.13289621289758,3131.6119562960234,156.5805978148012,Mid-Low
15498,6.0,207.0,285.0,2113.1833333333334,2.480655772998515,2468.948876842335,67572.02945884729,3378.6014729423646,Mid-Low
15502,1.0,15.0,305.0,2263.43,0.22083180000205171,16677.525700530266,40857.61844204423,2042.8809221022116,Low
15513,4.0,309.0,362.0,998.9375,1.746079036455921,1274.5199896754166,25035.309840359736,1251.7654920179868,Mid-Low
15514,2.0,25.0,245.0,3617.8,0.40733485794937085,6371.413393544506,28286.46459511981,1414.3232297559907,Low
15518,1.0,65.0,134.0,2016.56,1.2267628191661455,14859.207345793902,189665.47602080568,9483.273801040285,Mid-Low
15527,1.0,132.0,175.0,2218.0,1.235059845020879,16342.91151956185,214250.22339323314,10712.511169661659,Mid-Low
15529,3.0,181.0,276.0,2713.6466666666665,1.5606087462504132,3812.1126575435865,65466.56792060289,3273.3283960301446,Mid-Low
15532,1.0,1.0,194.0,6432.63,0.2593459615526675,47385.723880004705,131490.45637517376,6574.522818758688,Mid-High
15535,2.0,139.0,256.0,2078.875,1.2263537231051684,3661.4856839047948,49113.00967274274,2455.650483637137,Mid-Low
15547,3.0,195.0,237.0,2730.2999999999997,1.8189963250952825,3835.5047080275062,75838.81165302286,3791.940582651143,Mid-Low
15549,2.0,9.0,48.0,3878.39,1.7109286456948107,6830.29219651087,114041.33533689211,5702.066766844606,Mid-Low
15555,2.0,76.0,306.0,2439.84,0.6310064277579011,4297.117086156431,30088.90502509385,1504.4452512546925,Low
15570,6.0,193.0,314.0,2111.060216666679,2.0530154975261428,2466.4684884671715,56308.644035657715,2815.432201782886,Mid-Low
15574,2.0,140.0,338.0,853.615,0.8788180898895656,1503.8977406891395,14785.308751019822,739.2654375509911,Low
15579,1.0,1.0,39.0,1274.09,1.126837030508664,9390.552471402078,102220.6763940197,5111.033819700985,Mid-Low
15581,2.0,96.0,269.0,1241.295,0.9401390607470647,2186.572188419291,22574.275751360008,1128.7137875680005,Low
15596,2.0,202.0,255.0,1318.075,1.3954684601238265,2321.7758205301066,35426.397892442204,1771.3198946221103,Mid-Low
15601,4.0,300.0,347.0,3424.697825000019,1.7964475191150238,4368.830652291727,87987.98544315137,4399.399272157569,Mid-Low
15602,5.0,258.0,288.0,269.942,2.343682103707525,326.5558628062124,8451.10050277289,422.5550251386445,Mid-Low
15615,1.0,79.0,202.0,2539.9,0.9528474566712489,18713.86253989497,191393.262390074,9569.6631195037,Mid-Low
15640,5.0,203.0,339.0,2054.0299999999997,1.725923210768235,2483.456187800147,47961.821651678554,2398.091082583928,Mid-Low
15649,1.0,138.0,287.0,9.85,0.8476163696503799,78.80622118170952,737.3852001756384,36.86926000878192,Low
15658,3.0,334.0,347.0,713.8933333333334,1.5334221299520505,1003.1656442096615,17245.587986963554,862.2793993481778,Mid-Low
15661,1.0,103.0,163.0,920.0,1.2198667288658338,6782.506349035653,87348.24912038667,4367.412456019333,Mid-Low
15687,1.0,100.0,124.0,3058.11,1.4147439245342346,22530.73277365335,329806.0899253691,16490.304496268454,Mid-High
15694,4.0,324.0,349.0,490.9375,1.8197392792027545,626.5129296172163,12787.521246219878,639.3760623109939,Mid-Low
15696,4.0,74.0,114.0,618.7125,2.7149177241626066,789.5032880796897,22046.421523191933,1102.3210761595967,Mid-Low
15708,3.0,288.0,324.0,3129.7466666666664,1.57066772965135,4396.586168734089,76986.7231831763,3849.3361591588155,Mid-Low
15713,1.0,47.0,268.0,62.0,0.5280861907604931,462.9164905522344,2683.704805793642,134.18524028968213,Low
15716,1.0,1.0,318.0,2348.71,0.0957636488599157,17305.654631918926,18447.754699100566,922.3877349550283,Low
15719,2.0,144.0,157.0,6590.89,1.7777485239023483,11606.794568229907,217222.45034209342,10861.122517104672,Mid-Low
15727,1.0,75.0,203.0,3429.56,0.9297034454436067,25266.643791058556,252231.95198046815,12611.597599023407,Mid-High
15738,3.0,310.0,343.0,660.9233333333333,1.5254694592119158,928.7615060511395,15868.678926834458,793.433946341723,Mid-Low
15750,2.0,21.0,278.0,54.06,0.26824980661229975,95.9433245343693,283.3790518602563,14.168952593012817,Low
15769,2.0,179.0,326.0,408.53000000000003,1.0671513419786722,720.1375349318796,8571.860816192539,428.5930408096269,Low
15777,2.0,160.0,224.0,18.09,1.4477855635238481,32.60294100967483,510.79396723683135,25.53969836184157,Mid-Low
15808,6.0,311.0,312.0,2454.2133333333336,2.6163250679679533,2867.3663829866637,83378.9306726203,4168.946533631016,Mid-Low
15811,1.0,70.0,256.0,436.94,0.7008195240222644,3224.5330657734153,24717.041197723276,1235.852059886164,Low
15820,1.0,1.0,79.0,842.0,0.7618641030086614,6207.998180082615,47480.517391027235,2374.0258695513617,Low
15823,1.0,183.0,339.0,685.59,0.8017813749890327,5055.961991544863,45360.46122117269,2268.0230610586345,Low
15827,4.0,309.0,343.0,742.935,1.8265741939855307,947.962061737327,19393.729023850472,969.6864511925237,Mid-Low
15831,1.0,1.0,99.0,1065.4,0.626784725503577,7853.448499878881,50143.112625414105,2507.1556312707053,Low
15838,2.0,319.0,340.0,211.35500000000002,1.2375475290274398,372.92763441807284,5165.453326799512,258.2726663399756,Low
15854,2.0,208.0,231.0,739.8050000000001,1.5056648226618567,1303.4871471682754,21290.376399069806,1064.5188199534903,Mid-Low
15856,2.0,90.0,259.0,1204.99,0.9499312755570284,2122.641895845923,22074.950812567313,1103.7475406283656,Low
15864,1.0,19.0,46.0,717.74,1.5300798180993826,5292.762474004352,78858.82966023538,3942.9414830117694,Mid-Low
15867,5.0,250.0,308.0,1978.318,2.1964317703434824,2391.9230137605587,58329.792409209615,2916.489620460481,Mid-Low
15880,1.0,2.0,313.0,125.5,0.10889851456737037,930.6250639947718,1126.6557182281301,56.33278591140651,Low
15881,3.0,218.0,245.0,1448.3133333333335,1.8216165620598912,2034.7663077245124,40398.27427792719,2019.9137138963595,Mid-Low
15882,1.0,1.0,294.0,1453.99,0.114521979519142,10715.604004666842,13573.417293248614,678.6708646624307,Low
15894,1.0,1.0,309.0,2383.6,0.102331801646575,17562.636555185225,19959.072830897927,997.9536415448964,Low
15898,1.0,17.0,301.0,492.68,0.24168537124626358,3635.085441894471,9735.959296068606,486.7979648034303,Low
15916,3.0,148.0,272.0,1391.8766666666668,1.4331871445318076,1955.4927275116916,30803.93529499023,1540.1967647495117,Mid-Low
15922,1.0,12.0,355.0,129.26999999999998,0.14183801853416675,958.3929588275018,1526.8174999900164,76.34087499950083,Low
15939,3.0,106.0,130.0,260.34,2.3135345314119347,366.0834302094449,8792.949173875868,439.6474586937934,Mid-Low
15953,1.0,174.0,305.0,257.47999999999996,0.8717046586041334,1902.7223478206943,18400.28727138236,920.014363569118,Low
15973,1.0,112.0,277.0,195.48,0.8046417087912984,1446.0620083964845,12807.853702841678,640.3926851420839,Low
15983,3.0,141.0,360.0,1047.8466666666666,0.8835648941935624,1472.2521073365679,14627.390138851384,731.3695069425693,Low
15984,1.0,131.0,293.0,151.79,0.8122127174037517,1124.2637788893278,10097.214562639214,504.86072813196074,Low
15996,1.0,1.0,267.0,1015.27,0.14114375627033587,7484.216518986371,11593.223612359314,579.6611806179657,Low
16011,2.0,243.0,265.0,1741.9099999999999,1.4118042065232626,3068.1164224536224,47509.336475901175,2375.4668237950586,Mid-Low
16013,4.0,179.0,330.0,74.85,1.444448302118028,95.74986347161322,1544.2064648485946,77.21032324242974,Mid-Low
16016,2.0,6.0,275.0,1679.45,0.13987361645376445,2958.129201020417,4551.821567167049,227.59107835835243,Low
16019,2.0,206.0,247.0,406.975,1.4349530826732548,717.3993003925162,11227.243581439316,561.3621790719658,Mid-Low
16029,8.0,358.0,363.0,560.765,2.9905965708257027,628.799758566094,21159.739526893056,1057.986976344653,Mid-Low
16033,3.0,216.0,324.0,2193.03,1.4325211370097726,3080.830150571795,49202.2223505452,2460.11111752726,Mid-Low
16042,2.0,209.0,343.0,146.49,1.0847231443042533,258.7053942921538,3143.09450746264,157.154725373132,Low
16059,1.0,170.0,286.0,1317.67,0.916752165414945,9711.540497081225,98254.34018491191,4912.717009245595,Mid-Low
16065,1.0,1.0,261.0,1103.96,0.14802414339592998,8137.461769043357,13195.368211412726,659.7684105706363,Low
16109,1.0,1.0,8.0,735.4200000000001,1.5101826030647298,5422.984325633708,75334.41727520364,3766.720863760182,Mid-Low
16110,1.0,1.0,23.0,7243.360000000001,1.314025539236111,53357.1470571239,662871.6211880218,33143.58105940109,Mid-High
16112,1.0,27.0,164.0,373.75,0.7637034132638016,2759.107794027999,22255.960903412953,1112.7980451706478,Low
16122,1.0,141.0,277.0,581.98,0.8845722965277185,4292.823640452244,41798.748830120436,2089.937441506022,Low
16124,1.0,12.0,59.0,443.78999999999996,1.2789149731850944,3274.9866677904447,41327.55032365182,2066.377516182591,Mid-Low
16133,1.0,19.0,65.0,86.56,1.3452430096363188,643.8129088789859,8593.005010740575,429.6502505370288,Mid-Low
16134,2.0,33.0,206.0,659.065,0.6887287892532333,1161.3102618253833,8598.152622977535,429.9076311488768,Low
16143,2.0,128.0,305.0,491.39,0.9557984180664694,866.0475760454792,9183.06958597023,459.1534792985115,Low
16145,3.0,77.0,212.0,498.8299999999999,1.2860059625782982,701.0776327660974,9714.045107653214,485.7022553826607,Mid-Low
16150,1.0,182.0,334.0,240.39000000000001,0.8120568157660342,1776.8461349052147,16126.045756415731,806.3022878207867,Low
16161,6.0,281.0,302.0,1993.3066666666666,2.630312208696008,2328.8997240457234,67902.99359469907,3395.1496797349537,Mid-Low
16168,1.0,245.0,321.0,167.96,0.9216470805333846,1243.3637416069,12765.849396852569,638.2924698426285,Low
16191,8.0,191.0,219.0,194.05125,3.7987701507191365,217.67234035040607,8932.090079824422,446.6045039912211,Mid-Low
16203,1.0,204.0,339.0,26.48,0.8338463588609469,201.29430899823546,1878.1714349553345,93.90857174776673,Low
16210,5.0,343.0,359.0,607.492,2.097985255510774,734.6420697095168,17327.10144601361,866.3550723006806,Mid-Low
16218,1.0,1.0,362.0,307.61999999999995,0.07009743092574118,2272.0279836066597,1791.6707288303778,89.5835364415189,Low
16222,1.0,1.0,67.0,944.06,0.8570001080275348,6959.720022689628,59282.41405616621,2964.120702808311,Low
16233,3.0,149.0,272.0,246.08,1.438796703164614,346.0531676053196,5472.545187664932,273.6272593832466,Mid-Low
16235,1.0,14.0,132.0,185.99,0.7605012487229177,1376.1635145071984,10877.472727465758,543.8736363732879,Low
16241,2.0,157.0,322.0,3156.515,1.00968969532933,5559.126242746933,62544.81973412526,3127.2409867062634,Mid-Low
16244,1.0,1.0,346.0,4357.71,0.07833779545496265,32102.92272713243,28187.551013571225,1409.3775506785614,Low
16252,1.0,1.0,266.0,127.52,0.14226368644319984,945.5033524727863,1475.7805753861967,73.78902876930984,Low
16255,1.0,90.0,257.0,2972.02,0.7898362942730565,21896.6377958948,189223.14319692535,9461.157159846267,Mid-Low
16306,1.0,130.0,282.0,376.76,0.8420654191403284,2781.2779169581095,25817.02389522731,1290.8511947613656,Low
16316,1.0,33.0,195.0,29.979999999999997,0.6804646920625158,227.07352170766663,1653.9162556515003,82.69581278257502,Low
16326,2.0,106.0,145.0,849.345,1.746631471389113,1496.3786014717236,27351.952113329877,1367.597605666494,Mid-Low
16327,2.0,271.0,315.0,2383.385,1.2705952923944046,4197.704204536008,59325.13603326734,2966.2568016633672,Mid-Low
16350,1.0,117.0,257.0,1021.49,0.8846865258194682,7530.029862715703,72886.28967131353,3644.3144835656767,Low
16353,6.0,308.0,319.0,139.63166666666666,2.570298710154609,163.29385153571553,4673.252591578701,233.66262957893505,Mid-Low
16359,1.0,13.0,131.0,14.1,0.7489686243986892,110.10955090030454,856.6582118825412,42.832910594127064,Low
16365,1.0,74.0,279.0,67.59,0.6464677116760256,504.0895759938688,3589.172660355389,179.45863301776944,Low
16385,1.0,1.0,272.0,941.01,0.13569878327184803,6937.255280185696,10346.91123022674,517.345561511337,Low
16393,3.0,72.0,311.0,356.82,0.5492133773750711,501.60374830523864,3061.046050024035,153.05230250120175,Low
16395,1.0,29.0,125.0,3968.9,1.0097453292483025,29239.146814688447,305654.8165243607,15282.740826218034,Mid-High
16402,1.0,1.0,311.0,4659.530000000001,0.1008266273148846,34325.97472140687,38456.1764190848,1922.80882095424,Low
16409,1.0,1.0,59.0,1270.24,0.92695684038027,9362.195337421705,85629.94535629512,4281.497267814756,Mid-Low
16422,8.0,281.0,305.0,439.03999999999996,3.258353239098557,492.3323231827613,17796.57099385159,889.8285496925796,Mid-Low
16442,1.0,1.0,223.0,520.29,0.20210443281291504,3838.446602725155,8391.927812267442,419.59639061337214,Low
16455,1.0,101.0,325.0,499.42,0.6292179399534451,3684.72884008349,25854.22834268281,1292.7114171341407,Low
16456,1.0,351.0,354.0,7357.33,0.9170336231357644,54196.59187783643,558095.0738715166,27904.753693575833,Mid-High
16477,2.0,249.0,330.0,1633.0,1.1975230924065525,2876.3343493461866,38458.15670638094,1922.907835319047,Mid-Low
16497,1.0,73.0,138.0,2228.95,1.2420021352939516,16423.563627895644,212693.24673177078,10634.662336588539,Mid-Low
16499,4.0,44.0,257.0,479.4425,0.43005472354461205,611.849856476726,2878.91150978238,143.94557548911902,Low
16503,2.0,89.0,214.0,1414.81,1.1969742779180172,2492.118661793974,32163.745859584807,1608.1872929792405,Mid-Low
16510,1.0,1.0,342.0,816.41,0.08057769811351558,6019.515307729946,5431.328138304831,271.56640691524154,Low
16520,1.0,1.0,260.0,645.4,0.14920920307999708,4759.942974747137,7777.911738772639,388.895586938632,Low
16523,1.0,1.0,44.0,653.67,1.0733794822210856,4820.85557163485,50277.22832768835,2513.8614163844177,Mid-Low
16525,4.0,275.0,277.0,779.7175,2.0932496847711213,994.8819823802222,22923.424751313858,1146.171237565693,Mid-Low
16531,1.0,146.0,215.0,1197.4,1.102135380505918,8825.693093491715,104919.66518431417,5245.983259215709,Mid-Low
16539,1.0,158.0,352.0,790.62,0.7231536328970952,5829.559337508165,47316.93354149182,2365.846677074591,Low
16546,1.0,9.0,345.0,530.73,0.13327725478517294,3915.342311492716,5847.425611411542,292.37128057057714,Low
16550,1.0,1.0,293.0,3447.67,0.115394802220206,25400.0328031065,32410.378685162395,1620.5189342581198,Low
16553,1.0,56.0,270.0,4914.7513000000745,0.5777170004780359,36205.80448731528,229763.70970094702,11488.185485047352,Mid-High
16558,3.0,197.0,277.0,878.3033333333333,1.6074855162470962,1234.1036157906049,21836.628953512616,1091.831447675631,Mid-Low
16570,2.0,195.0,222.0,989.4399999999999,1.526734785885635,1743.0750437817617,28777.636664458976,1438.881833222949,Mid-Low
16607,2.0,16.0,202.0,453.26000000000005,0.46203269496754246,798.9035998487432,3961.9310930949828,198.09655465474916,Low
16618,1.0,1.0,90.0,931.99,0.6841743477018485,6870.818566288819,47585.12095596985,2379.2560477984925,Low
16638,2.0,182.0,302.0,146.95499999999998,1.165841183766332,259.52422327016274,3353.8846646955913,167.69423323477957,Low
16656,3.0,191.0,249.0,44.910000000000004,1.7419619674432838,63.48038162552247,1206.7958150046143,60.33979075023072,Mid-Low
16670,3.0,93.0,201.0,668.1933333333333,1.5608418382129488,938.9732878977027,15724.721919742484,786.2360959871243,Mid-Low
16684,3.0,179.0,193.0,1718.3666666666666,2.0483776088032237,2414.0958437543914,52887.95593071269,2644.397796535635,Mid-Low
16686,1.0,1.0,181.0,5708.74,0.2909720255376562,42053.91979765324,130223.10326113144,6511.155163056573,Mid-High
16700,2.0,213.0,265.0,1614.76,1.373076471447042,2844.2151223378346,42834.11759688673,2141.705879844337,Mid-Low
16701,2.0,100.0,231.0,289.885,1.1675256190288998,511.21288096225555,6474.652874648201,323.73264373241005,Low
16705,3.0,177.0,200.0,689.5799999999999,1.9992172053319044,969.0139996480693,20777.397669962702,1038.869883498135,Mid-Low
16710,1.0,79.0,293.0,1093.0700000000002,0.6280841274055639,8057.251590070299,55958.791125003496,2797.939556250175,Low
16713,2.0,100.0,277.0,4756.725,0.9269726910341745,8376.972089843162,85475.3543105076,4273.76771552538,Mid-Low
16717,1.0,247.0,265.0,525.03,1.0645541231245403,3873.3590222230705,45225.99789713499,2261.2998948567497,Mid-Low
16718,1.0,1.0,313.0,1268.33,0.09934794155575154,9348.127252771701,10324.713596079993,516.2356798039997,Low
16719,3.0,137.0,300.0,2137.1833333333334,1.1893371639542036,3002.3853119393693,39561.04328335142,1978.0521641675712,Mid-Low
16722,2.0,73.0,294.0,652.1899999999999,0.6575559115191598,1149.2039194085837,8358.21395110772,417.91069755538604,Low
16725,4.0,320.0,325.0,2826.77,1.9162137795489158,3606.1112585805936,77056.27853051714,3852.8139265258574,Mid-Low
16735,1.0,1.0,144.0,381.61,0.4080144687140453,2817.0005402840357,12022.251656837336,601.1125828418668,Low
16745,1.0,24.0,25.0,1991.32,1.8136100583488821,14673.302394712175,252355.31223483782,12617.765611741892,Mid-Low
16746,2.0,83.0,200.0,1258.445,1.2432785892559208,2216.7720098662885,29559.05895535747,1477.9529477678734,Mid-Low
16748,1.0,131.0,143.0,72.97999999999999,1.3814321904046252,543.7895635663928,7853.446868909244,392.6723434454622,Mid-Low
16770,2.0,301.0,338.0,4042.01,1.2295002947287819,7118.41434141803,97909.53853767664,4895.476926883832,Mid-Low
16771,1.0,142.0,160.0,8493.64,1.3197170382823598,62566.071076080356,870484.8441659674,43524.242208298376,Mid-High
16775,1.0,158.0,282.0,1408.8600000000001,0.9061097293177575,10383.199470502092,103711.74640439963,5185.587320219982,Mid-Low
16779,6.0,258.0,279.0,863.235,2.740995813550617,1008.6629847626748,30450.48760894705,1522.5243804473525,Mid-Low
16781,1.0,84.0,340.0,39.980000000000004,0.5257722196477157,300.7284151631844,1769.677336466129,88.48386682330646,Low
16782,6.0,233.0,288.0,1822.8266666666666,2.5924104052783017,2129.731860668645,60965.72760873036,3048.2863804365184,Mid-Low
16795,1.0,1.0,258.0,1627.8899999999999,0.1516132371252183,11996.462601858295,19906.084618297326,995.3042309148664,Low
16814,6.0,305.0,320.0,1162.565,2.559601255040538,1358.3633399049845,38722.624090388315,1936.1312045194159,Mid-Low
16816,2.0,158.0,193.0,1198.695,1.6017515079032374,2111.556888498468,36173.47090747468,1808.673545373734,Mid-Low
16817,2.0,79.0,291.0,313.735,0.7160556527355023,553.210883382716,4377.83774967669,218.8918874838345,Low
16839,4.0,287.0,321.0,329.7125,1.8940959258689831,420.85360233791835,8880.141482040162,444.0070741020081,Mid-Low
16843,1.0,1.0,116.0,1130.98,0.5319110217217597,8336.477291160165,45664.39007288228,2283.219503644114,Low
16858,1.0,34.0,302.0,525.5,0.3561237668012508,3876.82080221548,15304.090192124839,765.204509606242,Low
16863,1.0,56.0,279.0,155.0,0.5507401713024682,1147.9069996885491,6962.949654263772,348.1474827131886,Low
16873,1.0,68.0,243.0,24.220000000000002,0.73580614787248,184.6483030772885,1479.8399484562347,73.99199742281174,Low
16875,1.0,32.0,168.0,133.66,0.7960367255353501,990.7274570544743,8345.180568214528,417.2590284107264,Low
16891,1.0,1.0,333.0,8533.7,0.08590641425737719,62861.13257926317,60338.332438316276,3016.916621915814,Mid-High
16893,1.0,1.0,277.0,2720.2200000000003,0.13050184823672076,20042.007578684865,28790.206892358714,1439.5103446179357,Low
16898,1.0,42.0,299.0,244.0,0.4133668717458521,1803.4355514426566,8256.85763010811,412.84288150540556,Low
16904,1.0,183.0,284.0,3594.56,0.9433636931042447,26481.949533074596,275545.77166004764,13777.288583002382,Mid-High
16918,1.0,1.0,58.0,644.25,0.9360878703640391,4751.472661999753,43844.98423173871,2192.2492115869354,Low
16919,1.0,82.0,296.0,3696.9,0.6328417203613598,27235.733712698366,190746.66464949958,9537.333232474979,Mid-High
16923,4.0,203.0,242.0,2893.3475,2.165250844370225,3691.0378137794614,87020.03970809189,4351.001985404595,Mid-Low
16928,1.0,263.0,352.0,1063.0,0.8689847188886793,7835.771325449557,76426.53759101538,3821.3268795507693,Low
16931,3.0,236.0,321.0,2691.193333333333,1.497276460882707,3780.5736559303587,63058.92561384515,3152.946280692258,Mid-Low
16938,1.0,1.0,11.0,195.14999999999998,1.469684761292931,1443.6313969124524,19641.896735219892,982.0948367609947,Mid-Low
16955,3.0,208.0,355.0,240.40666666666667,1.2645738005281209,338.08413839722664,4801.974337743765,240.0987168871883,Mid-Low
16983,1.0,236.0,317.0,810.7,0.9226194125846434,5977.458363566845,61373.73843410564,3068.686921705282,Low
16985,2.0,182.0,201.0,1212.055,1.6058525917315087,2135.0828135440597,36786.734706930365,1839.3367353465183,Mid-Low
16996,2.0,30.0,201.0,72.95,0.6761963981311941,129.20715118940066,937.4114262171948,46.870571310859745,Low
16997,1.0,95.0,107.0,251.14,1.5015183686539288,1856.025145369896,28538.879944262055,1426.9439972131029,Mid-Low
17001,1.0,126.0,201.0,950.6800000000001,1.1135455336585314,7008.479562157182,83734.15273062351,4186.707636531176,Mid-Low
17007,1.0,15.0,187.0,14.16,0.5140941683641063,110.55148026103765,606.3636856469899,30.318184282349495,Low
17017,4.0,135.0,348.0,1346.9975,0.9241504887173501,1718.5068741711982,17808.99908295877,890.4499541479386,Low
17019,2.0,169.0,295.0,3225.315,1.156858730483958,5680.277713041595,72703.16639665917,3635.158319832959,Mid-Low
17025,1.0,1.0,352.0,890.3299999999999,0.07511715664391051,6563.972280153132,5534.216833027178,276.7108416513589,Low
17035,1.0,1.0,25.0,617.23,1.2892925519278675,4552.457139882944,55659.334246583276,2782.966712329164,Mid-Low
17048,1.0,41.0,128.0,155.0,1.1060336887883222,1147.9069996885491,13166.44075735513,658.3220378677565,Low
17059,1.0,1.0,317.0,5057.62,0.0964679174215233,37258.10237497756,39998.80944092351,1999.9404720461757,Low
17062,4.0,280.0,319.0,1230.5549999999998,1.8926351205547962,1569.9723031262631,33084.51024816336,1654.225512408168,Mid-Low
17068,4.0,260.0,292.0,1102.6599999999999,1.9939186235925208,1406.8288721299175,31009.286528712943,1550.4643264356473,Mid-Low
17069,2.0,180.0,350.0,754.1650000000001,0.9844877665271562,1328.7739947472194,14676.075445541657,733.8037722770829,Low
17082,1.0,1.0,66.0,394.78999999999996,0.8654496365274755,2914.0776898584077,25044.574617399165,1252.2287308699583,Low
17085,2.0,60.0,238.0,2489.4700000000003,0.814660957548096,4384.511671486722,38840.2027165825,1942.010135829125,Low
17091,2.0,218.0,287.0,1492.8349999999998,1.297477577920297,2629.5146424588133,37662.57703599346,1883.1288517996732,Mid-Low
17094,1.0,23.0,88.0,363.0,1.2034865265705113,2679.928783563317,32600.706379324918,1630.035318966246,Mid-Low
17095,1.0,15.0,146.0,36.0,0.699369038483275,271.4137675678883,1987.4896166094316,99.37448083047158,Low
17097,3.0,158.0,257.0,1715.3966666666668,1.578100969302095,2409.9240429174874,41610.015009362876,2080.500750468144,Mid-Low
17126,1.0,1.0,241.0,4251.5599999999995,0.17401017134346022,31321.07603310211,59323.926508831726,2966.1963254415864,Low
17158,1.0,1.0,217.0,1799.81,0.212628358661303,13262.737530145556,30440.06868048641,1522.0034340243205,Low
17180,1.0,1.0,46.0,3794.7200000000003,1.0526600311403673,27956.22588048024,286563.2608519893,14328.163042599466,Mid-High
17188,4.0,196.0,237.0,733.1600000000001,2.17936421241716,935.4930282490026,22161.928414280337,1108.0964207140169,Mid-Low
17191,1.0,1.0,291.0,2979.41,0.11716442468762397,21951.068762158426,28423.241388176317,1421.162069408816,Low
17194,1.0,1.0,221.0,1390.94,0.20554326117894536,10251.209901429804,22777.089637554313,1138.8544818777157,Low
17198,2.0,69.0,327.0,1167.5900000000001,0.503299728231173,2056.783393098535,11549.342834464822,577.4671417232411,Low
17211,2.0,142.0,314.0,1205.395,0.9820172220856275,2123.355069471931,23187.23683213461,1159.3618416067306,Low
17213,4.0,221.0,271.0,681.8675000000001,2.0284602124836186,870.0640870520828,19392.578087073838,969.628904353692,Mid-Low
17214,1.0,191.0,203.0,1333.1,1.2101846100751752,9825.189997683088,127673.47697048205,6383.673848524103,Mid-Low
17218,3.0,147.0,289.0,1749.18,1.3219059442063132,2457.3776921677936,35879.93446263007,1793.9967231315038,Mid-Low
17220,2.0,211.0,244.0,3033.495,1.4547735177734848,5342.4975526938915,84681.52019321901,4234.076009660951,Mid-Low
17223,1.0,274.0,291.0,1460.65,1.015335042824166,10764.658163708218,120790.22423881174,6039.511211940588,Mid-Low
17228,4.0,313.0,338.0,786.895,1.852989529298982,1004.0376333124422,20813.06591813023,1040.6532959065114,Mid-Low
17230,3.0,190.0,209.0,1464.2833333333335,1.9711067499332966,2057.198516265037,43640.453527682446,2182.0226763841224,Mid-Low
17231,3.0,133.0,229.0,2461.7133333333336,1.6364326969889083,3458.235320559062,61347.95218958064,3067.3976094790323,Mid-Low
17236,1.0,171.0,240.0,1443.83,1.0579307249571837,10640.770632916036,122491.05175391908,6124.552587695955,Mid-Low
17238,2.0,239.0,327.0,3971.375,1.1926246403907874,6994.031578274666,93062.21542305841,4653.110771152921,Mid-Low
17239,1.0,137.0,171.0,2759.4700000000003,1.2620701657518036,20331.10303549777,271881.31720981956,13594.065860490979,Mid-High
17243,4.0,237.0,324.0,1100.0275,1.768044544185118,1403.4708434181002,27663.843680673355,1383.192184033668,Mid-Low
17259,1.0,1.0,296.0,3424.66,0.11279990138423816,25230.55289326535,31496.207170844882,1574.810358542244,Low
17284,1.0,1.0,149.0,5626.9400000000005,0.3894537136948816,41451.422769187106,169284.77695438027,8464.238847719014,Mid-High
17287,1.0,59.0,344.0,874.37,0.40493081491506555,6446.419070198126,29243.914105023145,1462.1957052511573,Low
17288,1.0,85.0,196.0,669.55,1.0050288544298556,4937.819542442212,53140.86366496424,2657.0431832482122,Low
17293,1.0,223.0,227.0,1372.0900000000001,1.1584378254646481,10112.370427266154,126902.39557801663,6345.119778900832,Mid-Low
17306,2.0,114.0,172.0,99.285,1.5950459791657912,175.58104610524242,2968.789304393037,148.43946521965185,Mid-Low
17314,1.0,7.0,34.0,2913.75,1.4215920710701009,21467.450731729496,292995.7977997481,14649.789889987405,Mid-High
17315,7.0,183.0,188.0,928.0785714285713,3.749883425605176,1058.9381907238987,42383.22864817821,2119.1614324089105,Mid-Low
17324,1.0,142.0,273.0,1405.78,0.8990382872256442,10360.513763317791,102408.35979052626,5120.417989526313,Mid-Low
17337,1.0,1.0,17.0,24723.791300000074,1.3903918191229392,182109.07755292414,2370580.101188496,118529.00505942482,High
17338,2.0,101.0,230.0,1464.59,1.1791823035861506,2579.7773855042683,32988.40425398676,1649.420212699338,Mid-Low
17340,3.0,95.0,268.0,3263.123333333333,1.0427524059235322,4583.933269617416,52474.313816510345,2623.7156908255174,Mid-Low
17341,1.0,1.0,273.0,8866.56,0.13463997060264124,65312.80936282352,96682.5962273691,4834.129811368455,Mid-High
17346,2.0,145.0,354.0,818.5200000000001,0.8415467927991851,1442.0981643811285,13627.746487992945,681.3873243996472,Low
17358,1.0,1.0,182.0,2010.77,0.2883875388072509,14816.561162483156,45492.40878548707,2274.6204392743534,Low
17364,1.0,36.0,128.0,626.99,1.0618825134498195,4624.34431589553,50923.70128635026,2546.185064317513,Mid-Low
17368,2.0,92.0,157.0,793.71,1.5964923878850665,1398.4096763286495,23503.00302159405,1175.1501510797025,Mid-Low
17372,3.0,181.0,239.0,1750.6533333333334,1.7714090237003326,2459.447205040871,47389.85005378564,2369.492502689282,Mid-Low
17375,1.0,198.0,226.0,3044.3999999999996,1.1383181472869954,22429.75191472583,276490.189799667,13824.50948998335,Mid-High
17377,4.0,174.0,359.0,734.27,1.2071407035209296,936.9089491873185,12714.60793672125,635.7303968360625,Low
17381,3.0,334.0,343.0,628.5233333333334,1.5468380861821434,883.2509514667313,15302.48700653616,765.124350326808,Mid-Low
17389,6.0,137.0,165.0,440.73333333333335,3.3933511380092667,515.064004100693,18468.99636792807,923.4498183964035,Mid-Low
17392,1.0,189.0,192.0,2241.04,1.2486151481630694,16512.612394083364,220425.02369174996,11021.251184587498,Mid-Low
17402,2.0,190.0,310.0,1173.92,1.1559819689582989,2067.930032734657,26554.680712208316,1327.734035610416,Mid-Low
17404,4.0,171.0,215.0,1157.595,2.2582210325703587,1476.9042025320778,35974.26296463853,1798.7131482319267,Mid-Low
17406,3.0,153.0,278.0,2047.493333333333,1.4236058577921784,2876.402545251851,45087.171688135815,2254.3585844067907,Mid-Low
17412,1.0,145.0,337.0,1657.5900000000001,0.7296307196627442,12215.217635421184,99681.03129578628,4984.051564789314,Low
17419,1.0,180.0,282.0,1086.56,0.9444026042858474,8009.302254430756,83381.13755806789,4169.056877903395,Mid-Low
17428,4.0,166.0,302.0,557.975,1.5539629728151663,712.0262628625934,12264.998802017164,613.2499401008582,Mid-Low
17449,1.0,1.0,210.0,1770.9499999999998,0.22572522753624677,13050.16950763293,31714.841146905932,1585.7420573452966,Low
17450,2.0,151.0,287.0,1571.5300000000002,1.1306541748781693,2768.090441221,34549.7289319351,1727.4864465967548,Mid-Low
17457,1.0,155.0,166.0,449.51,1.3127815340211972,3317.117266847001,46036.88543677319,2301.8442718386596,Mid-Low
17460,2.0,284.0,350.0,110.26,1.1797612918573994,194.90717090878766,2579.7074169621196,128.985370848106,Low
17491,1.0,178.0,285.0,278.11,0.9328414119894195,2054.6723930194275,21146.51306174155,1057.3256530870774,Low
17507,1.0,1.0,12.0,3268.98,1.456293944872503,24083.893511949853,325347.9389343035,16267.396946715176,Mid-High
17511,10.0,341.0,362.0,1770.6290000000001,3.559652463514889,1938.2211541395072,77616.37387508932,3880.8186937544665,Mid-Low
17517,1.0,1.0,10.0,925.03,1.4831344355362384,6819.554760443779,93442.30652179722,4672.115326089861,Mid-Low
17519,1.0,66.0,289.0,85.0,0.5764740946059946,632.3227454999251,4026.2225258200815,201.3111262910041,Low
17526,1.0,40.0,262.0,55.98,0.4985388601820014,418.5762446920127,2286.6908832574186,114.33454416287094,Low
17530,1.0,1.0,254.0,3387.33,0.15656039174075984,24955.599175995903,42707.02571238094,2135.3512856190473,Low
17569,1.0,1.0,133.0,826.4300000000001,0.45242138820453004,6093.317510972375,28667.687022290338,1433.384351114517,Low
17576,4.0,152.0,255.0,1542.9325,1.828810894539557,1968.4424318729766,39362.09500814029,1968.1047504070148,Mid-Low
17580,1.0,163.0,194.0,4828.56,1.2094097652387206,35570.963385485484,460295.06860348146,23014.753430174074,Mid-High
17581,3.0,218.0,340.0,850.4966666666668,1.3659483705764939,1195.0450719281428,18270.0845756134,913.50422878067,Mid-Low
17591,3.0,224.0,282.0,1996.7766666666666,1.648996633627699,2805.1635444286235,50991.04492506755,2549.5522462533777,Mid-Low
17604,1.0,1.0,30.0,1793.6799999999998,1.229110835571737,13217.587080457322,155152.88807329172,7757.644403664586,Mid-Low
17611,3.0,145.0,228.0,5356.866666666666,1.706484576561191,7524.903030648517,139155.1623257552,6957.7581162877605,Mid-Low
17621,1.0,144.0,176.0,1829.03,1.2528296701154678,13477.957128822578,179312.22860174716,8965.611430087358,Mid-Low
17629,1.0,75.0,211.0,22.99,0.8958975235892207,175.58875118225978,1694.2754481821694,84.71377240910847,Low
17655,1.0,71.0,265.0,34.94,0.6759509654318223,263.60634886160346,1954.3561811909963,97.71780905954982,Low
17659,1.0,143.0,336.0,100.55000000000001,0.7272491694506052,746.8561048232552,6073.278038891267,303.66390194456335,Low
17673,1.0,1.0,82.0,5462.76,0.7398106221828592,40242.15672843441,299573.9930292219,14978.699651461095,Mid-High
17675,4.0,257.0,284.0,1200.5225,2.0309948304783982,1531.662712513669,34311.25452999906,1715.562726499953,Mid-Low
17677,4.0,233.0,302.0,644.1325,1.879135971943914,821.9291531715785,17120.775086095382,856.0387543047691,Mid-Low
17685,3.0,336.0,340.0,1076.9066666666665,1.5584686026907846,1513.0711417878922,26392.43092532761,1319.6215462663806,Mid-Low
17690,3.0,240.0,351.0,2101.75,1.3798447344860418,2952.6139955574495,45717.91646600824,2285.895823300412,Mid-Low
17691,1.0,108.0,301.0,190.9,0.7195643983334801,1412.3280671938576,11262.09067612069,563.1045338060345,Low
17696,1.0,100.0,252.0,125.0,0.8456573392407821,926.9423193219959,8562.893470667377,428.14467353336886,Low
17722,5.0,216.0,274.0,944.1,2.3180624694712972,1141.5894313842539,29103.11015122155,1455.1555075610777,Mid-Low
17730,1.0,41.0,110.0,23.5,1.2249511430043103,179.3451507484912,2254.0213089632407,112.70106544816204,Low
17735,1.0,224.0,286.0,4688.73,0.9883101238776002,34541.04701029697,376738.8567192614,18836.94283596307,Mid-High
17739,1.0,77.0,214.0,138.23000000000002,0.8931554766531649,1024.387743363646,9865.16891645222,493.258445822611,Low
17744,4.0,104.0,196.0,244.5975,1.9784364316352314,312.2805296669465,6615.792444096368,330.78962220481844,Mid-Low
17757,6.0,288.0,335.0,1024.2166666666667,2.4309850352026467,1196.7341637448492,32522.015485635708,1626.1007742817856,Mid-Low
17787,2.0,235.0,330.0,3062.96,1.1767106860788492,5394.383135139127,70872.32602675131,3543.616301337566,Mid-Low
17790,2.0,62.0,251.0,765.4350000000001,0.7646114545728051,1348.6195916981037,11260.687610315474,563.0343805157737,Low
17796,3.0,280.0,318.0,2619.0666666666666,1.5840512500685282,3679.2611682660145,64876.086283667515,3243.804314183376,Mid-Low
17799,3.0,151.0,229.0,2359.14,1.7270118173540239,3314.1560216216735,62046.264402832145,3102.3132201416074,Mid-Low
17809,1.0,33.0,363.0,885.04,0.24268172116039835,6525.008841515163,17817.972771160956,890.8986385580479,Low
17811,4.0,119.0,139.0,2677.9350000000004,2.7383974629717907,3416.256670423582,97597.93989047443,4879.896994523721,Mid-Low
17812,1.0,1.0,289.0,1213.55,0.11896657389790222,8944.645746422375,11753.501678963807,587.6750839481904,Low
17819,1.0,91.0,328.0,38.620000000000005,0.583615642933332,290.71134965323404,1893.3852084946138,94.6692604247307,Low
17827,3.0,3.0,252.0,2535.69,0.09479180018336628,3562.146404704306,3688.5522903509545,184.42761451754774,Low
17838,2.0,83.0,338.0,311.67499999999995,0.5607928194264369,549.5833829640095,3447.8561678021324,172.39280839010664,Low
17841,19.0,337.0,354.0,2830.6973684210525,6.312600396041505,2965.6366625388455,210221.53017512173,10511.076508756087,Mid-Low
17848,2.0,176.0,192.0,117.23,1.6414383732793474,207.18080096625556,3635.721427708113,181.78607138540565,Mid-Low
17850,9.0,25.0,364.0,3604.0244444444447,0.0019687983516462923,3986.970642862288,88.34496926507963,4.417248463253982,Low
17857,1.0,69.0,263.0,257.99,0.6722221574119179,1906.478747386926,14047.921018287389,702.3960509143694,Low
17858,3.0,230.0,312.0,1045.82,1.5233991020099573,1469.4053565971317,24879.219020289685,1243.9609510144844,Mid-Low
17863,1.0,291.0,311.0,3778.6,0.9781109033268277,27837.494192229944,302542.38249263034,15127.119124631517,Mid-High
17865,1.0,58.0,244.0,589.5,0.6754079608292043,4348.212120330793,31998.220347027454,1599.9110173513727,Low
17884,3.0,306.0,332.0,1988.1366666666665,1.5605755541610264,2793.027396539448,48689.91893093464,2434.4959465467323,Mid-Low
17888,1.0,126.0,187.0,804.26,1.1709779537335108,5930.024612181492,74085.14905460272,3704.2574527301363,Mid-Low
17890,2.0,137.0,227.0,3762.9449999999997,1.3634163070786436,6627.002494647974,97879.04853032208,4893.952426516104,Mid-Low
17894,5.0,237.0,268.0,2071.0,2.426764100288826,2503.9723274273106,66708.99034154968,3335.4495170774844,Mid-Low
17897,2.0,79.0,359.0,1693.1899999999998,0.4679841150568255,2982.3242766286817,15690.387424465545,784.5193712232773,Low
17905,1.0,186.0,356.0,139.99,0.7675083023877638,1037.351004611817,8944.566532181938,447.22832660909694,Low
17912,5.0,232.0,250.0,397.452,2.540671462595701,480.7110168344759,13333.002543675044,666.6501271837523,Mid-Low
17917,1.0,1.0,239.0,2258.85,0.1768940190925252,16643.791759327643,32025.388016610137,1601.269400830507,Low
17920,3.0,321.0,361.0,2578.6133333333332,1.4751302445726822,3622.438525217004,60100.18963426608,3005.009481713304,Mid-Low
17924,2.0,185.0,362.0,30.560000000000002,0.9588617403751688,54.56164500058225,588.5533917164131,29.427669585820656,Low
17937,2.0,8.0,235.0,262.195,0.2351754764531757,462.452936013721,1181.415658246881,59.07078291234406,Low
17949,1.0,172.0,330.0,51.290000000000006,0.8041728902511616,384.03209966137496,3448.1182832245254,172.4059141612263,Low
17951,2.0,182.0,358.0,141.29,0.9632116084328883,249.54859711872007,2701.6291925154073,135.08145962577038,Low
17954,2.0,209.0,328.0,2597.505,1.1352708900739952,4574.752937377474,57958.51044127481,2897.9255220637406,Mid-Low
17961,6.0,316.0,334.0,1058.980216666679,2.4944782754755543,1237.3476197332625,34495.55233837273,1724.7776169186363,Mid-Low
17965,3.0,262.0,304.0,1667.72,1.616403905572413,2342.955168203414,42002.75008076474,2100.137504038237,Mid-Low
17975,3.0,258.0,277.0,3442.543766666691,1.7269533039144278,4835.955597542601,91928.421005945,4596.42105029725,Mid-Low
17988,1.0,1.0,112.0,728.62,0.5527523701588808,5372.898998083956,30509.236747967167,1525.4618373983585,Low
17990,1.0,58.0,230.0,637.1800000000001,0.7266345209488955,4699.398652326702,37030.232436732775,1851.5116218366388,Low
18004,1.0,1.0,236.0,2905.95,0.18132602295748906,21409.999914834192,42185.8928742928,2109.2946437146397,Low
18016,1.0,203.0,243.0,2149.82,1.0893728849405462,15840.732455982132,187956.7098632138,9397.83549316069,Mid-Low
18037,1.0,145.0,233.0,24.78,1.0358218213087727,188.77297711079746,2122.6175086007443,106.13087543003722,Low
18041,5.0,328.0,346.0,1192.676,2.1407518888579684,1442.1091676224282,34602.37430378952,1730.118715189476,Mid-Low
18055,4.0,297.0,323.0,2012.94,1.898923094570828,2567.9860899050723,54350.88416126188,2717.544208063094,Mid-Low
18061,1.0,180.0,271.0,934.0,0.9759385280838123,6885.623199873378,73838.61278105517,3691.9306390527586,Mid-Low
18065,2.0,53.0,247.0,144.55,0.6987627132026293,255.28920457744968,1945.5243342782283,97.27621671391142,Low
18075,3.0,177.0,222.0,883.5033333333334,1.8619430351207826,1241.4077788720533,24995.181316813243,1249.7590658406623,Mid-Low
18077,4.0,206.0,279.0,1391.045,1.931802636051483,1774.6940611355951,37759.48356941898,1887.9741784709493,Mid-Low
18085,1.0,236.0,360.0,1925.21,0.8265462208855572,14186.369894077749,131851.36558830464,6592.568279415233,Mid-Low
18092,3.0,140.0,264.0,298.81666666666666,1.4376473164396644,420.1295548563405,6622.7107384944175,331.1355369247209,Mid-Low
18095,1.0,103.0,135.0,436.25,1.3620869985748367,3219.4508781249847,45651.35346570616,2282.567673285308,Mid-Low
18097,1.0,6.0,174.0,552.92,0.42035434621974554,4078.7825200705092,18191.10520421186,909.5552602105931,Low
18102,2.0,22.0,280.0,107.655,0.2722940092320788,190.31996770940404,570.9368122278986,28.54684061139493,Low
18109,5.0,217.0,322.0,585.016,1.95728432930292,707.4693676317249,15429.734168944953,771.4867084472477,Mid-Low
18116,5.0,80.0,248.0,2263.5240000000003,1.006405610406784,2736.727145670095,30048.296353711736,1502.414817685587,Low
18118,4.0,213.0,319.0,4747.8675,1.7083966672083446,6056.671776415551,115209.57619410475,5760.478809705238,Mid-Low
18119,1.0,1.0,286.0,1215.53,0.1217322818866524,8959.229415326567,12036.163929897279,601.808196494864,Low
18125,1.0,1.0,49.0,5859.72,1.0222826091942472,43165.961379044646,431086.0958987233,21554.304794936164,Mid-High
18144,2.0,284.0,355.0,39.230000000000004,1.1656853296823613,69.82884336474964,914.2543565649717,45.712717828248586,Low
18168,2.0,126.0,335.0,483.17,0.8239014610383768,851.5727928213206,7843.222369679222,392.1611184839611,Low
18176,1.0,22.0,194.0,32.22,0.5724056528377183,243.5722178417026,1491.7597609015193,74.58798804507596,Low
18178,1.0,235.0,247.0,2206.66,1.1066401098998904,16259.386870383292,196238.88441648893,9811.944220824447,Mid-Low
18179,1.0,39.0,149.0,1419.37,0.9632452686964084,10460.610763523839,105661.44393687764,5283.072196843882,Mid-Low
18190,1.0,23.0,127.0,22.939999999999998,0.9247706474357779,175.22047671498217,1679.451546915404,83.9725773457702,Low
18198,1.0,129.0,149.0,799.94,1.348501247700587,5898.205698208708,83405.34466765415,4170.267233382708,Mid-Low
18219,1.0,83.0,302.0,762.8199999999999,0.6201215879604891,5624.798733701826,38664.70211657268,1933.235105828634,Low
18223,4.0,107.0,194.0,893.2275,2.034486218526371,1139.67584337866,24808.66067199519,1240.4330335997595,Mid-Low
18225,1.0,78.0,334.0,101.69,0.5147958626112428,755.2527626771841,4345.292544460724,217.2646272230362,Low
18226,1.0,28.0,158.0,14.0,0.8056898403637168,109.37300196574937,928.1274768269968,46.40637384134985,Low
18229,2.0,227.0,350.0,637.3,1.0990393189120733,1122.983782886963,13846.346845496448,692.3173422748224,Low
18230,1.0,55.0,257.0,21.990000000000002,0.6129370947550719,168.22326183670802,1128.1365930317559,56.4068296515878,Low
18239,2.0,301.0,335.0,1395.2150000000001,1.2380368197775544,2457.6133847529295,34012.97362251853,1700.6486811259267,Mid-Low
18245,2.0,147.0,180.0,3430.125,1.648381938237706,6040.932257097549,105926.97599941744,5296.348799970872,Mid-Low
18260,2.0,105.0,192.0,836.1899999999999,1.427967511763468,1473.2136655454694,22490.57585926273,1124.5287929631365,Mid-Low
18269,1.0,76.0,270.0,20.689999999999998,0.6844239791745272,158.6481256874907,1192.746765477083,59.637338273854155,Low
18283,1.0,73.0,155.0,4726.4,1.149069418175362,34818.504993943905,420784.96088504465,21039.248044252236,Mid-High
