"product_category","tenure_segment","customer_location","i_arpu_w","treated_cust","coupon_budget","i_revenue","i_gross_profit","i_net_profit_after_coupons","i_roas_on_coupons","go_flag"
Accessories,Tenure_Q1,California,-7.021666666666668,3.0,3.6920000000000006,-21.065000000000005,-10.532500000000002,-14.224500000000003,-2.852789815817985,NO-GO
Accessories,Tenure_Q1,Illinois,64.41111111111111,6.0,94.568,386.4666666666667,193.23333333333335,98.66533333333335,2.0433268477004205,GO
Accessories,Tenure_Q1,New Jersey,0.0,0.0,0.0,0.0,0.0,0.0,,NO-GO
Accessories,Tenure_Q1,New York,-12.66,2.0,1.455,-25.32,-12.66,-14.115,-8.70103092783505,NO-GO
Accessories,Tenure_Q1,Washington DC,0.0,0.0,0.0,0.0,0.0,0.0,,NO-GO
Accessories,Tenure_Q2,California,39.230000000000004,6.0,32.775,235.38000000000002,117.69000000000001,84.91500000000002,3.5908466819221974,GO
Accessories,Tenure_Q2,Illinois,2.822499999999998,7.0,18.065,19.757499999999986,9.878749999999993,-8.186250000000008,0.5468447273733735,NO-GO
Accessories,Tenure_Q2,New Jersey,0.0,1.0,4.884,0.0,0.0,-4.884,0.0,NO-GO
Accessories,Tenure_Q2,New York,22.673333333333346,4.0,27.151000000000003,90.69333333333338,45.34666666666669,18.19566666666669,1.6701656169815728,GO
Accessories,Tenure_Q2,Washington DC,0.0,0.0,0.0,0.0,0.0,0.0,,NO-GO
Accessories,Tenure_Q3,California,161.8675,5.0,221.62300000000002,809.3375000000001,404.66875000000005,183.04575000000003,1.825933003343516,GO
Accessories,Tenure_Q3,Illinois,95.0425,4.0,28.055,380.17,190.085,162.03,6.775441097843522,GO
Accessories,Tenure_Q3,New Jersey,0.0,3.0,13.795000000000002,0.0,0.0,-13.795000000000002,0.0,NO-GO
Accessories,Tenure_Q3,New York,74.7,3.0,39.830999999999996,224.10000000000002,112.05000000000001,72.21900000000002,2.81313549747684,GO
Accessories,Tenure_Q3,Washington DC,0.0,0.0,0.0,0.0,0.0,0.0,,NO-GO
Accessories,Tenure_Q4,California,58.723333333333336,4.0,38.952,234.89333333333335,117.44666666666667,78.49466666666667,3.015163962483741,GO
Accessories,Tenure_Q4,Illinois,-11.589583333333332,6.0,18.46,-69.5375,-34.76875,-53.22875,-1.883464247020585,NO-GO
Accessories,Tenure_Q4,New Jersey,0.0,1.0,1.037,0.0,0.0,-1.037,0.0,NO-GO
Accessories,Tenure_Q4,New York,1.8066666666666658,6.0,12.539000000000001,10.839999999999995,5.419999999999997,-7.119000000000004,0.43225137570779143,NO-GO
Accessories,Tenure_Q4,Washington DC,-6.790000000000001,1.0,0.798,-6.790000000000001,-3.3950000000000005,-4.1930000000000005,-4.254385964912281,NO-GO
Android,Tenure_Q1,California,0.0,0.0,0.0,0.0,0.0,0.0,,NO-GO
Android,Tenure_Q1,Illinois,0.0,1.0,2.238,0.0,0.0,-2.238,0.0,NO-GO
Android,Tenure_Q1,New Jersey,3.9999999999999964,1.0,5.996999999999999,3.9999999999999964,1.9999999999999982,-3.9970000000000008,0.33350008337502063,NO-GO
Android,Tenure_Q1,New York,0.0,0.0,0.0,0.0,0.0,0.0,,NO-GO
Android,Tenure_Q1,Washington DC,0.0,0.0,0.0,0.0,0.0,0.0,,NO-GO
Android,Tenure_Q2,California,0.0,3.0,5.4190000000000005,0.0,0.0,-5.4190000000000005,0.0,NO-GO
Android,Tenure_Q2,Illinois,0.0,1.0,1.9989999999999999,0.0,0.0,-1.9989999999999999,0.0,NO-GO
Android,Tenure_Q2,New Jersey,0.0,0.0,0.0,0.0,0.0,0.0,,NO-GO
Android,Tenure_Q2,New York,0.0,0.0,0.0,0.0,0.0,0.0,,NO-GO
Android,Tenure_Q2,Washington DC,0.0,0.0,0.0,0.0,0.0,0.0,,NO-GO
Android,Tenure_Q3,California,0.0,0.0,0.0,0.0,0.0,0.0,,NO-GO
Android,Tenure_Q3,Illinois,43.23,1.0,4.797,43.23,21.615,16.817999999999998,4.505941213258287,GO
Android,Tenure_Q3,New Jersey,0.0,0.0,0.0,0.0,0.0,0.0,,NO-GO
Android,Tenure_Q3,New York,0.0,0.0,0.0,0.0,0.0,0.0,,NO-GO
Android,Tenure_Q3,Washington DC,0.0,0.0,0.0,0.0,0.0,0.0,,NO-GO
Android,Tenure_Q4,California,0.0,1.0,4.797,0.0,0.0,-4.797,0.0,NO-GO
Android,Tenure_Q4,Illinois,0.0,0.0,0.0,0.0,0.0,0.0,,NO-GO
Android,Tenure_Q4,New Jersey,0.0,0.0,0.0,0.0,0.0,0.0,,NO-GO
Android,Tenure_Q4,New York,-2.8000000000000043,2.0,4.300000000000001,-5.6000000000000085,-2.8000000000000043,-7.100000000000005,-0.6511627906976754,NO-GO
Android,Tenure_Q4,Washington DC,0.0,0.0,0.0,0.0,0.0,0.0,,NO-GO
Apparel,Tenure_Q1,California,299.94265005646525,86.0,2492.0919999999996,25795.067904856012,12897.533952428006,10405.441952428006,5.175384356768533,GO
Apparel,Tenure_Q1,Illinois,284.3637109557109,93.0,2963.7709999999997,26445.825118881115,13222.912559440558,10259.141559440559,4.461516277553346,GO
Apparel,Tenure_Q1,New Jersey,219.1321439393939,38.0,663.5859999999999,8327.021469696969,4163.510734848484,3499.9247348484846,6.274259455215278,GO
Apparel,Tenure_Q1,New York,314.9154747157604,78.0,2689.9610000000002,24563.40702782931,12281.703513914656,9591.742513914654,4.565755233594336,GO
Apparel,Tenure_Q1,Washington DC,56.05694444444446,19.0,322.66900000000004,1065.0819444444448,532.5409722222224,209.87197222222238,1.650424962491663,GO
Apparel,Tenure_Q2,California,328.623625980501,90.0,2523.123,29576.12633824509,14788.063169122544,12264.940169122545,5.861015562508266,GO
Apparel,Tenure_Q2,Illinois,315.7306002629849,91.0,3740.0950000000003,28731.48462393163,14365.742311965814,10625.647311965815,3.8410100042821944,GO
Apparel,Tenure_Q2,New Jersey,289.5235158730159,21.0,683.355,6079.993833333335,3039.9969166666674,2356.6419166666674,4.448634921331764,GO
Apparel,Tenure_Q2,New York,371.29441305916305,58.0,1905.5970000000002,21535.075957431458,10767.537978715729,8861.94097871573,5.650480127076044,GO
Apparel,Tenure_Q2,Washington DC,-112.56611111111106,12.0,661.223,-1350.7933333333326,-675.3966666666663,-1336.6196666666663,-1.0214355318351998,NO-GO
Apparel,Tenure_Q3,California,363.2312313982314,82.0,3634.512,29784.960974654972,14892.480487327486,11257.968487327485,4.097518590481331,GO
Apparel,Tenure_Q3,Illinois,381.3123881962482,78.0,4285.917,29742.36627930736,14871.18313965368,10585.266139653679,3.469778612057508,GO
Apparel,Tenure_Q3,New Jersey,1236.402222222222,19.0,1674.194,23491.642222222217,11745.821111111109,10071.62711111111,7.015806478288125,GO
Apparel,Tenure_Q3,New York,298.41660476190475,46.0,1778.5149999999999,13727.163819047619,6863.581909523809,5085.06690952381,3.859164476838154,GO
Apparel,Tenure_Q3,Washington DC,115.23500000000003,16.0,550.9010000000001,1843.7600000000004,921.8800000000002,370.97900000000016,1.6734041143508545,GO
Apparel,Tenure_Q4,California,361.71169215751564,85.0,2491.143,30745.49383338883,15372.746916694416,12881.603916694416,6.170961248187846,GO
Apparel,Tenure_Q4,Illinois,351.4234198477449,90.0,3245.5539999999996,31628.10778629704,15814.05389314852,12568.49989314852,4.872528355143228,GO
Apparel,Tenure_Q4,New Jersey,628.0639833333333,32.0,887.9990000000001,20098.047466666667,10049.023733333333,9161.024733333334,11.316480911952977,GO
Apparel,Tenure_Q4,New York,216.2024172216672,69.0,1916.8890000000001,14917.966788295036,7458.983394147518,5542.094394147518,3.8911921317027316,GO
Apparel,Tenure_Q4,Washington DC,170.20535714285714,15.0,369.643,2553.080357142857,1276.5401785714284,906.8971785714284,3.453440694322437,GO
Backpacks,Tenure_Q1,California,0.0,2.0,0.0,0.0,0.0,0.0,,NO-GO
Backpacks,Tenure_Q1,Illinois,63.989999999999995,4.0,0.0,255.95999999999998,127.97999999999999,127.97999999999999,,GO
Backpacks,Tenure_Q1,New Jersey,0.0,1.0,0.0,0.0,0.0,0.0,,NO-GO
Backpacks,Tenure_Q1,New York,0.0,3.0,0.0,0.0,0.0,0.0,,NO-GO
Backpacks,Tenure_Q1,Washington DC,0.0,0.0,0.0,0.0,0.0,0.0,,NO-GO
Backpacks,Tenure_Q2,California,-191.4825,3.0,0.0,-574.4475,-287.22375,-287.22375,,NO-GO
Backpacks,Tenure_Q2,Illinois,-9.100000000000001,2.0,0.0,-18.200000000000003,-9.100000000000001,-9.100000000000001,,NO-GO
Backpacks,Tenure_Q2,New Jersey,0.0,1.0,0.0,0.0,0.0,0.0,,NO-GO
Backpacks,Tenure_Q2,New York,0.0,1.0,0.0,0.0,0.0,0.0,,NO-GO
Backpacks,Tenure_Q2,Washington DC,0.0,0.0,0.0,0.0,0.0,0.0,,NO-GO
Backpacks,Tenure_Q3,California,0.0,1.0,0.0,0.0,0.0,0.0,,NO-GO
Backpacks,Tenure_Q3,Illinois,122.07999999999998,2.0,0.0,244.15999999999997,122.07999999999998,122.07999999999998,,GO
Backpacks,Tenure_Q3,New Jersey,0.0,0.0,0.0,0.0,0.0,0.0,,NO-GO
Backpacks,Tenure_Q3,New York,0.0,0.0,0.0,0.0,0.0,0.0,,NO-GO
Backpacks,Tenure_Q3,Washington DC,0.0,1.0,0.0,0.0,0.0,0.0,,NO-GO
Backpacks,Tenure_Q4,California,0.0,1.0,0.0,0.0,0.0,0.0,,NO-GO
Backpacks,Tenure_Q4,Illinois,-24.000000000000014,2.0,0.0,-48.00000000000003,-24.000000000000014,-24.000000000000014,,NO-GO
Backpacks,Tenure_Q4,New Jersey,0.0,0.0,0.0,0.0,0.0,0.0,,NO-GO
Backpacks,Tenure_Q4,New York,0.0,1.0,0.0,0.0,0.0,0.0,,NO-GO
Backpacks,Tenure_Q4,Washington DC,0.0,0.0,0.0,0.0,0.0,0.0,,NO-GO
Bags,Tenure_Q1,California,-45.689927536231885,29.0,382.43700000000007,-1325.0078985507246,-662.5039492753623,-1044.9409492753623,-1.7323217922830745,NO-GO
Bags,Tenure_Q1,Illinois,137.05669333333336,36.0,1085.578,4934.040960000001,2467.0204800000006,1381.4424800000006,2.2725409689584724,GO
Bags,Tenure_Q1,New Jersey,-395.1916666666666,13.0,200.95499999999998,-5137.491666666666,-2568.745833333333,-2769.700833333333,-12.782691813258356,NO-GO
Bags,Tenure_Q1,New York,91.2179365079365,23.0,480.90000000000003,2098.0125396825397,1049.0062698412698,568.1062698412698,2.1813397168668534,GO
Bags,Tenure_Q1,Washington DC,105.88666666666664,4.0,75.13700000000001,423.54666666666657,211.77333333333328,136.63633333333325,2.8184959917661505,GO
Bags,Tenure_Q2,California,62.637666666666675,29.0,448.193,1816.4923333333336,908.2461666666668,460.0531666666668,2.026462186305156,GO
Bags,Tenure_Q2,Illinois,64.10996119929452,31.0,905.2320000000001,1987.40879717813,993.704398589065,88.47239858906494,1.097734501861473,GO
Bags,Tenure_Q2,New Jersey,2.6262500000000095,8.0,275.421,21.010000000000076,10.505000000000038,-264.91599999999994,0.038141608664553676,NO-GO
Bags,Tenure_Q2,New York,-11.131333333333336,21.0,371.202,-233.75800000000004,-116.87900000000002,-488.081,-0.31486629921174997,NO-GO
Bags,Tenure_Q2,Washington DC,70.70833333333334,3.0,49.596,212.12500000000003,106.06250000000001,56.46650000000002,2.138529316880394,GO
Bags,Tenure_Q3,California,37.0107258064516,29.0,565.67,1073.3110483870964,536.6555241935482,-29.014475806451742,0.9487077698897737,NO-GO
Bags,Tenure_Q3,Illinois,69.60658333333333,31.0,884.0,2157.8040833333334,1078.9020416666667,194.90204166666672,1.2204774226998492,GO
Bags,Tenure_Q3,New Jersey,-13.030000000000012,4.0,36.371,-52.12000000000005,-26.060000000000024,-62.431000000000026,-0.71650490775618,NO-GO
Bags,Tenure_Q3,New York,139.22562499999998,17.0,415.63800000000003,2366.8356249999997,1183.4178124999999,767.7798124999998,2.8472319963525945,GO
Bags,Tenure_Q3,Washington DC,-6.190000000000001,7.0,69.96100000000001,-43.33000000000001,-21.665000000000006,-91.62600000000002,-0.30967253183916754,NO-GO
Bags,Tenure_Q4,California,101.44423333333334,26.0,801.0349999999999,2637.550066666667,1318.7750333333336,517.7400333333337,1.6463388407913935,GO
Bags,Tenure_Q4,Illinois,30.21043675595238,34.0,739.681,1027.154849702381,513.5774248511905,-226.10357514880957,0.6943228565438215,NO-GO
Bags,Tenure_Q4,New Jersey,-8.546666666666663,11.0,394.163,-94.01333333333329,-47.006666666666646,-441.16966666666667,-0.11925692332021688,NO-GO
Bags,Tenure_Q4,New York,63.69059523809525,26.0,712.4390000000001,1655.9554761904765,827.9777380952382,115.53873809523816,1.162173516743522,GO
Bags,Tenure_Q4,Washington DC,0.0,4.0,63.564,0.0,0.0,-63.564,0.0,NO-GO
Bottles,Tenure_Q1,California,2.7226388888888877,9.0,84.27400000000003,24.50374999999999,12.251874999999995,-72.02212500000003,0.14538143436884438,NO-GO
Bottles,Tenure_Q1,Illinois,6.734000000000002,11.0,24.737000000000002,74.07400000000001,37.037000000000006,12.300000000000004,1.4972308687391358,GO
Bottles,Tenure_Q1,New Jersey,0.0,2.0,1.0370000000000001,0.0,0.0,-1.0370000000000001,0.0,NO-GO
Bottles,Tenure_Q1,New York,115.70666666666666,7.0,39.766,809.9466666666666,404.9733333333333,365.2073333333333,10.183909202166005,GO
Bottles,Tenure_Q1,Washington DC,0.0,0.0,0.0,0.0,0.0,0.0,,NO-GO
Bottles,Tenure_Q2,California,-17.255,5.0,4.888999999999999,-86.27499999999999,-43.137499999999996,-48.0265,-8.823379014113316,NO-GO
Bottles,Tenure_Q2,Illinois,0.0,2.0,20.315,0.0,0.0,-20.315,0.0,NO-GO
Bottles,Tenure_Q2,New Jersey,0.0,0.0,0.0,0.0,0.0,0.0,,NO-GO
Bottles,Tenure_Q2,New York,-0.05000000000000249,6.0,6.566000000000001,-0.3000000000000149,-0.15000000000000746,-6.716000000000008,-0.02284495887907515,NO-GO
Bottles,Tenure_Q2,Washington DC,0.0,2.0,49.377,0.0,0.0,-49.377,0.0,NO-GO
Bottles,Tenure_Q3,California,-27.516875000000006,7.0,21.652,-192.61812500000005,-96.30906250000002,-117.96106250000003,-4.4480446379087395,NO-GO
Bottles,Tenure_Q3,Illinois,62.374,8.0,113.51100000000001,498.992,249.496,135.985,2.197989622151157,GO
Bottles,Tenure_Q3,New Jersey,0.0,0.0,0.0,0.0,0.0,0.0,,NO-GO
Bottles,Tenure_Q3,New York,73.805,2.0,11.409000000000002,147.61,73.805,62.396,6.469015689368042,GO
Bottles,Tenure_Q3,Washington DC,0.0,1.0,2.99,0.0,0.0,-2.99,0.0,NO-GO
Bottles,Tenure_Q4,California,25.662499999999998,6.0,43.658,153.975,76.9875,33.329499999999996,1.763422511338128,GO
Bottles,Tenure_Q4,Illinois,10.407916666666678,4.0,48.295,41.63166666666671,20.815833333333355,-27.479166666666647,0.43101425268316296,NO-GO
Bottles,Tenure_Q4,New Jersey,2.4399999999999977,3.0,9.427,7.319999999999993,3.6599999999999966,-5.767000000000003,0.3882465259361405,NO-GO
Bottles,Tenure_Q4,New York,19.642222222222212,3.0,91.89500000000001,58.926666666666634,29.463333333333317,-62.43166666666669,0.32061954767216183,NO-GO
Bottles,Tenure_Q4,Washington DC,0.0,0.0,0.0,0.0,0.0,0.0,,NO-GO
Drinkware,Tenure_Q1,California,105.07610983102919,42.0,733.809,4413.196612903226,2206.598306451613,1472.7893064516131,3.0070472104479684,GO
Drinkware,Tenure_Q1,Illinois,120.6103287250384,53.0,1179.338,6392.347422427035,3196.1737112135174,2016.8357112135175,2.7101422248867735,GO
Drinkware,Tenure_Q1,New Jersey,192.3151851851852,17.0,304.657,3269.3581481481483,1634.6790740740742,1330.0220740740742,5.3656376648955195,GO
Drinkware,Tenure_Q1,New York,124.55888203463202,34.0,633.062,4235.001989177489,2117.5009945887446,1484.4389945887447,3.3448556296045955,GO
Drinkware,Tenure_Q1,Washington DC,-1.7924999999999995,8.0,70.42999999999999,-14.339999999999996,-7.169999999999998,-77.6,-0.10180320885986084,NO-GO
Drinkware,Tenure_Q2,California,123.60719588744588,49.0,931.175,6056.752598484848,3028.376299242424,2097.2012992424243,3.2522096268074465,GO
Drinkware,Tenure_Q2,Illinois,137.64456462585034,52.0,1205.4180000000001,7157.517360544218,3578.758680272109,2373.340680272109,2.9688943422714016,GO
Drinkware,Tenure_Q2,New Jersey,-143.73,7.0,88.36800000000002,-1006.1099999999999,-503.05499999999995,-591.423,-5.692728136882128,NO-GO
Drinkware,Tenure_Q2,New York,119.19770987654321,33.0,775.8499999999999,3933.524425925926,1966.762212962963,1190.9122129629632,2.534977396356207,GO
Drinkware,Tenure_Q2,Washington DC,-100.2,6.0,108.749,-601.2,-300.6,-409.34900000000005,-2.7641633486284936,NO-GO
Drinkware,Tenure_Q3,California,48.535189623507804,44.0,1037.448,2135.548343434343,1067.7741717171716,30.32617171717152,1.0292315101259741,GO
Drinkware,Tenure_Q3,Illinois,370.6472009803922,37.0,1608.795,13713.946436274511,6856.973218137256,5248.1782181372555,4.262179592886138,GO
Drinkware,Tenure_Q3,New Jersey,79.90571428571427,12.0,186.67000000000002,958.8685714285712,479.4342857142856,292.76428571428556,2.5683520957533914,GO
Drinkware,Tenure_Q3,New York,115.17866666666667,24.0,404.16700000000003,2764.288,1382.144,977.977,3.4197349115588356,GO
Drinkware,Tenure_Q3,Washington DC,96.24166666666667,9.0,37.786,866.1750000000001,433.08750000000003,395.30150000000003,11.461586301804902,GO
Drinkware,Tenure_Q4,California,128.9322957875458,51.0,880.5239999999999,6575.547085164836,3287.773542582418,2407.249542582418,3.7338829408198055,GO
Drinkware,Tenure_Q4,Illinois,141.7895192429522,48.0,923.152,6805.896923661705,3402.9484618308525,2479.7964618308524,3.6862276871315367,GO
Drinkware,Tenure_Q4,New Jersey,108.29740740740743,17.0,422.61499999999995,1841.0559259259264,920.5279629629632,497.91296296296326,2.178171534287622,GO
Drinkware,Tenure_Q4,New York,107.12702298850576,37.0,504.408,3963.699850574713,1981.8499252873564,1477.4419252873563,3.9290612466244714,GO
Drinkware,Tenure_Q4,Washington DC,169.36133333333333,9.0,117.354,1524.252,762.126,644.7719999999999,6.494248172196943,GO
Fun,Tenure_Q1,California,-2.739999999999995,3.0,0.0,-8.219999999999985,-4.109999999999992,-4.109999999999992,,NO-GO
Fun,Tenure_Q1,Illinois,87.48,2.0,0.0,174.96,87.48,87.48,,GO
Fun,Tenure_Q1,New Jersey,0.0,1.0,0.0,0.0,0.0,0.0,,NO-GO
Fun,Tenure_Q1,New York,-1.799999999999999,4.0,0.0,-7.199999999999996,-3.599999999999998,-3.599999999999998,,NO-GO
Fun,Tenure_Q1,Washington DC,11.39,2.0,0.0,22.78,11.39,11.39,,GO
Fun,Tenure_Q2,California,-1.1999999999999993,1.0,0.0,-1.1999999999999993,-0.5999999999999996,-0.5999999999999996,,NO-GO
Fun,Tenure_Q2,Illinois,9.0,5.0,0.0,45.0,22.5,22.5,,GO
Fun,Tenure_Q2,New Jersey,0.0,1.0,0.0,0.0,0.0,0.0,,NO-GO
Fun,Tenure_Q2,New York,45.245000000000005,2.0,0.0,90.49000000000001,45.245000000000005,45.245000000000005,,GO
Fun,Tenure_Q2,Washington DC,0.0,0.0,0.0,0.0,0.0,0.0,,NO-GO
Fun,Tenure_Q3,California,0.0,3.0,0.0,0.0,0.0,0.0,,NO-GO
Fun,Tenure_Q3,Illinois,22.82222222222222,6.0,0.0,136.9333333333333,68.46666666666665,68.46666666666665,,GO
Fun,Tenure_Q3,New Jersey,0.0,1.0,0.0,0.0,0.0,0.0,,NO-GO
Fun,Tenure_Q3,New York,0.0,0.0,0.0,0.0,0.0,0.0,,NO-GO
Fun,Tenure_Q3,Washington DC,0.0,1.0,0.0,0.0,0.0,0.0,,NO-GO
Fun,Tenure_Q4,California,0.00999999999999801,3.0,0.0,0.02999999999999403,0.014999999999997016,0.014999999999997016,,GO
Fun,Tenure_Q4,Illinois,-18.170000000000005,6.0,0.0,-109.02000000000004,-54.51000000000002,-54.51000000000002,,NO-GO
Fun,Tenure_Q4,New Jersey,-40.65,2.0,0.0,-81.3,-40.65,-40.65,,NO-GO
Fun,Tenure_Q4,New York,5.390000000000002,3.0,0.0,16.17000000000001,8.085000000000004,8.085000000000004,,GO
Fun,Tenure_Q4,Washington DC,0.0,1.0,0.0,0.0,0.0,0.0,,NO-GO
Gift Cards,Tenure_Q1,California,0.0,1.0,5.0,0.0,0.0,-5.0,0.0,NO-GO
Gift Cards,Tenure_Q1,Illinois,0.0,7.0,350.579,0.0,0.0,-350.579,0.0,NO-GO
Gift Cards,Tenure_Q1,New Jersey,0.0,0.0,0.0,0.0,0.0,0.0,,NO-GO
Gift Cards,Tenure_Q1,New York,100.0,6.0,97.816,600.0,300.0,202.184,3.0669829066819334,GO
Gift Cards,Tenure_Q1,Washington DC,0.0,0.0,0.0,0.0,0.0,0.0,,NO-GO
Gift Cards,Tenure_Q2,California,0.0,1.0,10.316,0.0,0.0,-10.316,0.0,NO-GO
Gift Cards,Tenure_Q2,Illinois,0.0,0.0,0.0,0.0,0.0,0.0,,NO-GO
Gift Cards,Tenure_Q2,New Jersey,0.0,2.0,78.446,0.0,0.0,-78.446,0.0,NO-GO
Gift Cards,Tenure_Q2,New York,0.0,2.0,70.0,0.0,0.0,-70.0,0.0,NO-GO
Gift Cards,Tenure_Q2,Washington DC,0.0,1.0,75.0,0.0,0.0,-75.0,0.0,NO-GO
Gift Cards,Tenure_Q3,California,0.0,2.0,55.0,0.0,0.0,-55.0,0.0,NO-GO
Gift Cards,Tenure_Q3,Illinois,0.0,4.0,112.5,0.0,0.0,-112.5,0.0,NO-GO
Gift Cards,Tenure_Q3,New Jersey,0.0,1.0,105.0,0.0,0.0,-105.0,0.0,NO-GO
Gift Cards,Tenure_Q3,New York,-25.0,1.0,2.5,-25.0,-12.5,-15.0,-5.0,NO-GO
Gift Cards,Tenure_Q3,Washington DC,0.0,0.0,0.0,0.0,0.0,0.0,,NO-GO
Gift Cards,Tenure_Q4,California,0.0,2.0,15.0,0.0,0.0,-15.0,0.0,NO-GO
Gift Cards,Tenure_Q4,Illinois,-49.76,4.0,35.288,-199.04,-99.52,-134.808,-2.8202221718431195,NO-GO
Gift Cards,Tenure_Q4,New Jersey,0.0,0.0,0.0,0.0,0.0,0.0,,NO-GO
Gift Cards,Tenure_Q4,New York,0.0,0.0,0.0,0.0,0.0,0.0,,NO-GO
Gift Cards,Tenure_Q4,Washington DC,0.0,0.0,0.0,0.0,0.0,0.0,,NO-GO
Google,Tenure_Q1,California,0.0,3.0,0.0,0.0,0.0,0.0,,NO-GO
Google,Tenure_Q1,Illinois,0.0,3.0,0.0,0.0,0.0,0.0,,NO-GO
Google,Tenure_Q1,New Jersey,0.0,2.0,0.0,0.0,0.0,0.0,,NO-GO
Google,Tenure_Q1,New York,0.0,1.0,0.0,0.0,0.0,0.0,,NO-GO
Google,Tenure_Q1,Washington DC,0.0,1.0,0.0,0.0,0.0,0.0,,NO-GO
Google,Tenure_Q2,California,107.35,2.0,0.0,214.7,107.35,107.35,,GO
Google,Tenure_Q2,Illinois,303.4716666666667,3.0,0.0,910.4150000000001,455.20750000000004,455.20750000000004,,GO
Google,Tenure_Q2,New Jersey,0.0,0.0,0.0,0.0,0.0,0.0,,NO-GO
Google,Tenure_Q2,New York,-86.86999999999999,1.0,0.0,-86.86999999999999,-43.434999999999995,-43.434999999999995,,NO-GO
Google,Tenure_Q2,Washington DC,0.0,0.0,0.0,0.0,0.0,0.0,,NO-GO
Google,Tenure_Q3,California,64.9,1.0,0.0,64.9,32.45,32.45,,GO
Google,Tenure_Q3,Illinois,0.0,2.0,0.0,0.0,0.0,0.0,,NO-GO
Google,Tenure_Q3,New Jersey,0.0,0.0,0.0,0.0,0.0,0.0,,NO-GO
Google,Tenure_Q3,New York,-531.0799999999999,1.0,0.0,-531.0799999999999,-265.53999999999996,-265.53999999999996,,NO-GO
Google,Tenure_Q3,Washington DC,0.0,1.0,0.0,0.0,0.0,0.0,,NO-GO
Google,Tenure_Q4,California,188.275,3.0,0.0,564.825,282.4125,282.4125,,GO
Google,Tenure_Q4,Illinois,-5.0,1.0,0.0,-5.0,-2.5,-2.5,,NO-GO
Google,Tenure_Q4,New Jersey,0.0,0.0,0.0,0.0,0.0,0.0,,NO-GO
Google,Tenure_Q4,New York,0.0,1.0,0.0,0.0,0.0,0.0,,NO-GO
Google,Tenure_Q4,Washington DC,0.0,0.0,0.0,0.0,0.0,0.0,,NO-GO
Headgear,Tenure_Q1,California,-1.7965476190476204,7.0,24.578,-12.575833333333343,-6.287916666666671,-30.86591666666667,-0.25583516423902153,NO-GO
Headgear,Tenure_Q1,Illinois,-18.253333333333327,16.0,55.422999999999995,-292.0533333333332,-146.0266666666666,-201.44966666666662,-2.6347665529954463,NO-GO
Headgear,Tenure_Q1,New Jersey,7.571111111111108,9.0,32.846,68.13999999999997,34.069999999999986,1.2239999999999895,1.0372648115447844,GO
Headgear,Tenure_Q1,New York,5.185333333333328,17.0,133.216,88.15066666666658,44.07533333333329,-89.14066666666672,0.33085615341500485,NO-GO
Headgear,Tenure_Q1,Washington DC,-20.619999999999997,4.0,10.17,-82.47999999999999,-41.239999999999995,-51.41,-4.055063913470993,NO-GO
Headgear,Tenure_Q2,California,112.98141666666668,16.0,161.63899999999998,1807.7026666666668,903.8513333333334,742.2123333333334,5.591789935184785,GO
Headgear,Tenure_Q2,Illinois,-8.829785714285714,20.0,179.49399999999997,-176.59571428571428,-88.29785714285714,-267.7918571428571,-0.4919265108742195,NO-GO
Headgear,Tenure_Q2,New Jersey,10.895,2.0,16.442999999999998,21.79,10.895,-5.547999999999998,0.6625919844310649,NO-GO
Headgear,Tenure_Q2,New York,-80.57866666666668,11.0,37.388,-886.3653333333334,-443.1826666666667,-480.5706666666667,-11.853607218002212,NO-GO
Headgear,Tenure_Q2,Washington DC,-44.72,2.0,23.79,-89.44,-44.72,-68.50999999999999,-1.8797814207650274,NO-GO
Headgear,Tenure_Q3,California,-30.335897435897436,17.0,74.68,-515.7102564102564,-257.8551282051282,-332.5351282051282,-3.4528003241179457,NO-GO
Headgear,Tenure_Q3,Illinois,869.0265293040292,18.0,3186.706,15642.477527472525,7821.238763736263,4634.5327637362625,2.4543333347149887,GO
Headgear,Tenure_Q3,New Jersey,-56.03333333333333,2.0,2.902,-112.06666666666666,-56.03333333333333,-58.93533333333333,-19.30852285779922,NO-GO
Headgear,Tenure_Q3,New York,43.88055555555556,11.0,81.18799999999999,482.68611111111113,241.34305555555557,160.15505555555558,2.972644424737099,GO
Headgear,Tenure_Q3,Washington DC,0.0,3.0,6.0200000000000005,0.0,0.0,-6.0200000000000005,0.0,NO-GO
Headgear,Tenure_Q4,California,252.40038461538458,20.0,1289.935,5048.007692307691,2524.0038461538456,1234.0688461538457,1.9566907217447747,GO
Headgear,Tenure_Q4,Illinois,31.480187500000003,8.0,36.8,251.84150000000002,125.92075000000001,89.12075000000002,3.421759510869566,GO
Headgear,Tenure_Q4,New Jersey,-22.33,6.0,37.841,-133.98,-66.99,-104.83099999999999,-1.7703020533284002,NO-GO
Headgear,Tenure_Q4,New York,49.48655555555555,13.0,34.563,643.3252222222221,321.66261111111106,287.0996111111111,9.30655935859477,GO
Headgear,Tenure_Q4,Washington DC,164.2,2.0,47.77499999999999,328.4,164.2,116.425,3.43694400837258,GO
Housewares,Tenure_Q1,California,0.0,0.0,0.0,0.0,0.0,0.0,,NO-GO
Housewares,Tenure_Q1,Illinois,26.519166666666667,6.0,79.32000000000001,159.115,79.5575,0.23749999999999716,1.0029942007060009,GO
Housewares,Tenure_Q1,New Jersey,0.0,0.0,0.0,0.0,0.0,0.0,,NO-GO
Housewares,Tenure_Q1,New York,-23.830000000000002,6.0,12.299999999999999,-142.98000000000002,-71.49000000000001,-83.79,-5.812195121951221,NO-GO
Housewares,Tenure_Q1,Washington DC,0.0,0.0,0.0,0.0,0.0,0.0,,NO-GO
Housewares,Tenure_Q2,California,654.66,4.0,30.358,2618.64,1309.32,1278.962,43.129323407339086,GO
Housewares,Tenure_Q2,Illinois,-8.696666666666665,2.0,4.48,-17.39333333333333,-8.696666666666665,-13.176666666666666,-1.9412202380952377,NO-GO
Housewares,Tenure_Q2,New Jersey,0.0,0.0,0.0,0.0,0.0,0.0,,NO-GO
Housewares,Tenure_Q2,New York,0.0,3.0,12.8,0.0,0.0,-12.8,0.0,NO-GO
Housewares,Tenure_Q2,Washington DC,0.0,0.0,0.0,0.0,0.0,0.0,,NO-GO
Housewares,Tenure_Q3,California,-54.160000000000004,1.0,1.032,-54.160000000000004,-27.080000000000002,-28.112000000000002,-26.240310077519382,NO-GO
Housewares,Tenure_Q3,Illinois,-27.795,2.0,1.4500000000000002,-55.59,-27.795,-29.245,-19.16896551724138,NO-GO
Housewares,Tenure_Q3,New Jersey,0.0,0.0,0.0,0.0,0.0,0.0,,NO-GO
Housewares,Tenure_Q3,New York,0.0,1.0,0.2,0.0,0.0,-0.2,0.0,NO-GO
Housewares,Tenure_Q3,Washington DC,0.0,0.0,0.0,0.0,0.0,0.0,,NO-GO
Housewares,Tenure_Q4,California,8.735,6.0,28.919999999999998,52.41,26.205,-2.715,0.9061203319502075,NO-GO
Housewares,Tenure_Q4,Illinois,26.333333333333332,4.0,14.379999999999999,105.33333333333333,52.666666666666664,38.28666666666666,3.662494204914233,GO
Housewares,Tenure_Q4,New Jersey,0.0,0.0,0.0,0.0,0.0,0.0,,NO-GO
Housewares,Tenure_Q4,New York,0.0,1.0,0.84,0.0,0.0,-0.84,0.0,NO-GO
Housewares,Tenure_Q4,Washington DC,0.0,0.0,0.0,0.0,0.0,0.0,,NO-GO
Lifestyle,Tenure_Q1,California,157.3174829931973,41.0,253.082,6450.016802721089,3225.0084013605447,2971.926401360545,12.742938657670418,GO
Lifestyle,Tenure_Q1,Illinois,102.27820929705217,45.0,480.203,4602.5194183673475,2301.2597091836737,1821.0567091836738,4.792264332342101,GO
Lifestyle,Tenure_Q1,New Jersey,109.05351851851853,13.0,106.44,1417.6957407407408,708.8478703703704,602.4078703703703,6.659600435647975,GO
Lifestyle,Tenure_Q1,New York,140.0440740740741,36.0,445.767,5041.586666666668,2520.793333333334,2075.026333333334,5.654957260930787,GO
Lifestyle,Tenure_Q1,Washington DC,-2.496666666666666,4.0,28.524,-9.986666666666665,-4.993333333333332,-33.51733333333333,-0.17505726172112368,NO-GO
Lifestyle,Tenure_Q2,California,74.61595799124247,42.0,344.828,3133.8702356321837,1566.9351178160919,1222.1071178160919,4.544106388739,GO
Lifestyle,Tenure_Q2,Illinois,74.58627777777777,44.0,456.79600000000005,3281.796222222222,1640.898111111111,1184.1021111111108,3.592190192364011,GO
Lifestyle,Tenure_Q2,New Jersey,109.105,11.0,234.206,1200.155,600.0775,365.87149999999997,2.5621781679376276,GO
Lifestyle,Tenure_Q2,New York,48.22229545454547,32.0,273.02,1543.113454545455,771.5567272727275,498.5367272727275,2.8260080846558036,GO
Lifestyle,Tenure_Q2,Washington DC,38.952777777777776,9.0,83.365,350.575,175.2875,91.9225,2.102650992622803,GO
Lifestyle,Tenure_Q3,California,60.882958781362,43.0,337.42699999999996,2617.967227598566,1308.983613799283,971.556613799283,3.8793090469917435,GO
Lifestyle,Tenure_Q3,Illinois,54.47706618480725,37.0,275.075,2015.6514488378682,1007.8257244189341,732.7507244189342,3.6638215919983064,GO
Lifestyle,Tenure_Q3,New Jersey,57.46333333333333,9.0,45.229,517.17,258.585,213.356,5.717238939618386,GO
Lifestyle,Tenure_Q3,New York,48.05825000000001,20.0,228.269,961.1650000000002,480.5825000000001,252.3135000000001,2.1053340576249955,GO
Lifestyle,Tenure_Q3,Washington DC,34.3575,8.0,35.875,274.86,137.43,101.555,3.830801393728223,GO
Lifestyle,Tenure_Q4,California,8.985037037037033,38.0,189.29999999999998,341.4314074074073,170.71570370370364,-18.584296296296344,0.9018262213613505,NO-GO
Lifestyle,Tenure_Q4,Illinois,61.114512987012986,43.0,253.926,2627.9240584415584,1313.9620292207792,1060.0360292207793,5.174586411871093,GO
Lifestyle,Tenure_Q4,New Jersey,-35.43604166666668,13.0,574.054,-460.6685416666669,-230.33427083333345,-804.3882708333334,-0.4012414700243069,NO-GO
Lifestyle,Tenure_Q4,New York,3.52012698412699,31.0,129.01000000000002,109.12393650793669,54.561968253968345,-74.44803174603167,0.42292820908432166,NO-GO
Lifestyle,Tenure_Q4,Washington DC,132.51666666666668,12.0,86.01700000000001,1590.2000000000003,795.1000000000001,709.0830000000001,9.243521629445343,GO
More Bags,Tenure_Q1,California,26.81,1.0,0.0,26.81,13.405,13.405,,GO
More Bags,Tenure_Q1,Illinois,0.0,2.0,0.0,0.0,0.0,0.0,,NO-GO
More Bags,Tenure_Q1,New Jersey,0.0,0.0,0.0,0.0,0.0,0.0,,NO-GO
More Bags,Tenure_Q1,New York,0.0,2.0,0.0,0.0,0.0,0.0,,NO-GO
More Bags,Tenure_Q1,Washington DC,0.0,0.0,0.0,0.0,0.0,0.0,,NO-GO
More Bags,Tenure_Q2,California,0.0,1.0,0.0,0.0,0.0,0.0,,NO-GO
More Bags,Tenure_Q2,Illinois,17.23000000000001,2.0,0.0,34.46000000000002,17.23000000000001,17.23000000000001,,GO
More Bags,Tenure_Q2,New Jersey,0.0,1.0,0.0,0.0,0.0,0.0,,NO-GO
More Bags,Tenure_Q2,New York,0.0,0.0,0.0,0.0,0.0,0.0,,NO-GO
More Bags,Tenure_Q2,Washington DC,0.0,1.0,0.0,0.0,0.0,0.0,,NO-GO
More Bags,Tenure_Q3,California,0.0,3.0,0.0,0.0,0.0,0.0,,NO-GO
More Bags,Tenure_Q3,Illinois,0.0,0.0,0.0,0.0,0.0,0.0,,NO-GO
More Bags,Tenure_Q3,New Jersey,0.0,1.0,0.0,0.0,0.0,0.0,,NO-GO
More Bags,Tenure_Q3,New York,0.0,0.0,0.0,0.0,0.0,0.0,,NO-GO
More Bags,Tenure_Q3,Washington DC,0.0,0.0,0.0,0.0,0.0,0.0,,NO-GO
More Bags,Tenure_Q4,California,0.0,0.0,0.0,0.0,0.0,0.0,,NO-GO
More Bags,Tenure_Q4,Illinois,10.370000000000005,1.0,0.0,10.370000000000005,5.185000000000002,5.185000000000002,,GO
More Bags,Tenure_Q4,New Jersey,0.0,0.0,0.0,0.0,0.0,0.0,,NO-GO
More Bags,Tenure_Q4,New York,0.0,1.0,0.0,0.0,0.0,0.0,,NO-GO
More Bags,Tenure_Q4,Washington DC,0.0,0.0,0.0,0.0,0.0,0.0,,NO-GO
Nest,Tenure_Q1,California,466.0819047619047,24.0,2269.44,11185.965714285712,5592.982857142856,3323.542857142856,2.464477076786721,GO
Nest,Tenure_Q1,Illinois,588.3590015948963,32.0,3169.9930000000004,18827.488051036682,9413.744025518341,6243.751025518341,2.9696418968490907,GO
Nest,Tenure_Q1,New Jersey,340.83833333333337,9.0,869.8679999999999,3067.545,1533.7725,663.9045000000001,1.7632244202568668,GO
Nest,Tenure_Q1,New York,578.1817708333333,17.0,1845.4540000000002,9829.090104166666,4914.545052083333,3069.0910520833327,2.6630547562189752,GO
Nest,Tenure_Q1,Washington DC,319.26333333333326,9.0,695.6039999999999,2873.3699999999994,1436.6849999999997,741.0809999999998,2.065377714906757,GO
Nest,Tenure_Q2,California,1002.057344877345,29.0,3855.442,29059.663001443005,14529.831500721502,10674.389500721503,3.7686551893976103,GO
Nest,Tenure_Q2,Illinois,448.23912745098045,32.0,3248.222,14343.652078431374,7171.826039215687,3923.604039215687,2.2079236084281453,GO
Nest,Tenure_Q2,New Jersey,649.2684999999998,6.0,1227.762,3895.610999999999,1947.8054999999995,720.0434999999995,1.5864683057465532,GO
Nest,Tenure_Q2,New York,866.3679999999998,23.0,2857.2110000000002,19926.463999999996,9963.231999999998,7106.020999999998,3.4870480339043906,GO
Nest,Tenure_Q2,Washington DC,490.9975,5.0,660.72,2454.9875,1227.49375,566.7737500000001,1.8578123108124471,GO
Nest,Tenure_Q3,California,1086.5037301587304,28.0,3916.4840000000004,30422.10444444445,15211.052222222224,11294.568222222224,3.883854044143222,GO
Nest,Tenure_Q3,Illinois,618.3689153439154,20.0,2420.7110000000002,12367.378306878309,6183.689153439154,3762.978153439154,2.554492937586996,GO
Nest,Tenure_Q3,New Jersey,999.115,3.0,104.30000000000001,2997.3450000000003,1498.6725000000001,1394.3725000000002,14.368863854266538,GO
Nest,Tenure_Q3,New York,204.94833333333327,7.0,641.9449999999999,1434.6383333333329,717.3191666666664,75.3741666666665,1.1174153029724767,GO
Nest,Tenure_Q3,Washington DC,624.255,3.0,258.6,1872.7649999999999,936.3824999999999,677.7824999999999,3.620968677494199,GO
Nest,Tenure_Q4,California,1368.7301136363635,26.0,3647.8940000000002,35586.98295454545,17793.491477272724,14145.597477272724,4.877743563073029,GO
Nest,Tenure_Q4,Illinois,1056.8694666666668,22.0,2739.9139999999998,23251.12826666667,11625.564133333335,8885.650133333336,4.243039793706422,GO
Nest,Tenure_Q4,New Jersey,197.54208333333335,11.0,1063.646,2172.962916666667,1086.4814583333334,22.835458333333463,1.0214690398246535,GO
Nest,Tenure_Q4,New York,574.0550340136053,22.0,1543.25,12629.210748299318,6314.605374149659,4771.355374149659,4.091757896743664,GO
Nest,Tenure_Q4,Washington DC,973.5,5.0,613.352,4867.5,2433.75,1820.3980000000001,3.967949888481655,GO
Nest-Canada,Tenure_Q1,California,505.5333333333333,9.0,503.101,4549.799999999999,2274.8999999999996,1771.7989999999995,4.521756068860924,GO
Nest-Canada,Tenure_Q1,Illinois,208.56333333333342,8.0,439.471,1668.5066666666673,834.2533333333337,394.78233333333367,1.8983125924880906,GO
Nest-Canada,Tenure_Q1,New Jersey,0.0,1.0,136.69199999999998,0.0,0.0,-136.69199999999998,0.0,NO-GO
Nest-Canada,Tenure_Q1,New York,180.61333333333332,5.0,137.0,903.0666666666666,451.5333333333333,314.5333333333333,3.2958637469586374,GO
Nest-Canada,Tenure_Q1,Washington DC,0.0,3.0,80.13,0.0,0.0,-80.13,0.0,NO-GO
Nest-Canada,Tenure_Q2,California,536.9,5.0,388.364,2684.5,1342.25,953.886,3.456164835051653,GO
Nest-Canada,Tenure_Q2,Illinois,-41.925,5.0,238.5,-209.625,-104.8125,-343.3125,-0.43946540880503143,NO-GO
Nest-Canada,Tenure_Q2,New Jersey,0.0,2.0,149.2,0.0,0.0,-149.2,0.0,NO-GO
Nest-Canada,Tenure_Q2,New York,0.0,3.0,149.2,0.0,0.0,-149.2,0.0,NO-GO
Nest-Canada,Tenure_Q2,Washington DC,0.0,0.0,0.0,0.0,0.0,0.0,,NO-GO
Nest-Canada,Tenure_Q3,California,-97.69999999999999,7.0,414.08400000000006,-683.8999999999999,-341.94999999999993,-756.034,-0.825798630229615,NO-GO
Nest-Canada,Tenure_Q3,Illinois,175.30277777777778,9.0,540.396,1577.725,788.8625,248.4665,1.459785971768851,GO
Nest-Canada,Tenure_Q3,New Jersey,0.0,2.0,90.8,0.0,0.0,-90.8,0.0,NO-GO
Nest-Canada,Tenure_Q3,New York,-64.90499999999999,7.0,239.23799999999997,-454.3349999999999,-227.16749999999996,-466.40549999999996,-0.9495460587364883,NO-GO
Nest-Canada,Tenure_Q3,Washington DC,248.0,3.0,228.7,744.0,372.0,143.3,1.6265850459116749,GO
Nest-Canada,Tenure_Q4,California,55.89999999999998,2.0,90.264,111.79999999999995,55.89999999999998,-34.36400000000002,0.6192945138704243,NO-GO
Nest-Canada,Tenure_Q4,Illinois,-37.12500000000001,9.0,292.748,-334.12500000000006,-167.06250000000003,-459.81050000000005,-0.5706699960375478,NO-GO
Nest-Canada,Tenure_Q4,New Jersey,0.0,1.0,31.2,0.0,0.0,-31.2,0.0,NO-GO
Nest-Canada,Tenure_Q4,New York,0.0,3.0,86.03,0.0,0.0,-86.03,0.0,NO-GO
Nest-Canada,Tenure_Q4,Washington DC,0.0,0.0,0.0,0.0,0.0,0.0,,NO-GO
Nest-USA,Tenure_Q1,California,1043.0850902596537,84.0,11310.845,87619.14758181092,43809.57379090546,32498.728790905458,3.873236154408045,GO
Nest-USA,Tenure_Q1,Illinois,1387.4953327591948,86.0,14396.160000000002,119324.59861729074,59662.29930864537,45266.13930864537,4.144320381868871,GO
Nest-USA,Tenure_Q1,New Jersey,1104.9688690476191,37.0,4884.5869999999995,40883.84815476191,20441.924077380954,15557.337077380955,4.184985153786995,GO
Nest-USA,Tenure_Q1,New York,1268.530815958816,61.0,9732.710000000001,77380.37977348777,38690.18988674389,28957.479886743888,3.9752740898212195,GO
Nest-USA,Tenure_Q1,Washington DC,1067.3647777777778,16.0,1600.6530000000002,17077.836444444445,8538.918222222223,6938.265222222222,5.334646686210079,GO
Nest-USA,Tenure_Q2,California,1083.8379177746858,87.0,13504.826,94293.89884639767,47146.949423198836,33642.123423198835,3.4911186136866066,GO
Nest-USA,Tenure_Q2,Illinois,1146.0700287430286,87.0,16786.574,99708.09250064348,49854.04625032174,33067.47225032174,2.9698761790417594,GO
Nest-USA,Tenure_Q2,New Jersey,681.7855442176871,25.0,4134.771,17044.63860544218,8522.31930272109,4387.548302721089,2.061134535073669,GO
Nest-USA,Tenure_Q2,New York,938.6470532034632,59.0,11812.635,55380.17613900433,27690.088069502166,15877.453069502166,2.3441076499445015,GO
Nest-USA,Tenure_Q2,Washington DC,878.685,13.0,2256.66,11422.904999999999,5711.452499999999,3454.7924999999996,2.5309317752785088,GO
Nest-USA,Tenure_Q3,California,1134.783116099071,72.0,12668.92,81704.38435913312,40852.19217956656,28183.272179566564,3.224599427541303,GO
Nest-USA,Tenure_Q3,Illinois,1313.3427409523424,78.0,13993.363999999998,102440.73379428271,51220.36689714136,37227.002897141356,3.660332633178224,GO
Nest-USA,Tenure_Q3,New Jersey,1230.652222222222,16.0,1893.999,19690.435555555552,9845.217777777776,7951.218777777776,5.198111391704946,GO
Nest-USA,Tenure_Q3,New York,1526.3348888888888,36.0,6024.6720000000005,54948.056,27474.028,21449.356,4.560252906714257,GO
Nest-USA,Tenure_Q3,Washington DC,1931.4023809523808,14.0,2525.4809999999998,27039.63333333333,13519.816666666666,10994.335666666666,5.353363049124767,GO
Nest-USA,Tenure_Q4,California,974.590462406015,79.0,12430.957999999999,76992.64653007519,38496.323265037594,26065.365265037595,3.0968106613374125,GO
Nest-USA,Tenure_Q4,Illinois,1166.8668969193889,87.0,15113.408000000001,101517.42003198683,50758.71001599341,35645.30201599341,3.358521785158808,GO
Nest-USA,Tenure_Q4,New Jersey,1366.1815138888887,29.0,3754.16,39619.26390277778,19809.63195138889,16055.471951388889,5.276714884658323,GO
Nest-USA,Tenure_Q4,New York,944.6737628571427,64.0,9412.361,60459.120822857134,30229.560411428567,20817.199411428566,3.211687313249945,GO
Nest-USA,Tenure_Q4,Washington DC,1017.4203124999999,12.0,2323.105,12209.043749999999,6104.521874999999,3781.4168749999994,2.6277425579127933,GO
Notebooks & Journals,Tenure_Q1,California,733.3225151515153,15.0,814.8670000000002,10999.83772727273,5499.918863636365,4685.051863636365,6.749468150798061,GO
Notebooks & Journals,Tenure_Q1,Illinois,-83.06120833333331,20.0,701.018,-1661.2241666666662,-830.6120833333331,-1531.630083333333,-1.1848655574226812,NO-GO
Notebooks & Journals,Tenure_Q1,New Jersey,-53.349999999999994,2.0,28.381,-106.69999999999999,-53.349999999999994,-81.731,-1.879778725203481,NO-GO
Notebooks & Journals,Tenure_Q1,New York,141.44830833333333,13.0,125.54400000000001,1838.8280083333334,919.4140041666667,793.8700041666667,7.3234404206227826,GO
Notebooks & Journals,Tenure_Q1,Washington DC,75.44250000000001,3.0,8.456,226.32750000000004,113.16375000000002,104.70775000000002,13.382657284768214,GO
Notebooks & Journals,Tenure_Q2,California,178.878125,19.0,605.853,3398.6843750000003,1699.3421875000001,1093.4891875000003,2.804875419449933,GO
Notebooks & Journals,Tenure_Q2,Illinois,54.13232142857142,20.0,424.20899999999995,1082.6464285714285,541.3232142857142,117.1142142857143,1.276076684572261,GO
Notebooks & Journals,Tenure_Q2,New Jersey,0.0,2.0,69.414,0.0,0.0,-69.414,0.0,NO-GO
Notebooks & Journals,Tenure_Q2,New York,265.35499999999996,11.0,316.691,2918.9049999999997,1459.4524999999999,1142.7614999999998,4.608443245940049,GO
Notebooks & Journals,Tenure_Q2,Washington DC,749.01,2.0,301.0,1498.02,749.01,448.01,2.4884053156146178,GO
Notebooks & Journals,Tenure_Q3,California,503.71955555555553,13.0,359.46799999999996,6548.354222222222,3274.177111111111,2914.7091111111113,9.108396605848396,GO
Notebooks & Journals,Tenure_Q3,Illinois,11.223749999999994,15.0,258.02500000000003,168.3562499999999,84.17812499999995,-173.84687500000007,0.3262401899040788,NO-GO
Notebooks & Journals,Tenure_Q3,New Jersey,24.14,5.0,22.439999999999998,120.7,60.35,37.910000000000004,2.68939393939394,GO
Notebooks & Journals,Tenure_Q3,New York,190.47249999999997,9.0,335.79600000000005,1714.2524999999996,857.1262499999998,521.3302499999998,2.552520726869884,GO
Notebooks & Journals,Tenure_Q3,Washington DC,-143.9,5.0,27.719,-719.5,-359.75,-387.469,-12.978462426494461,NO-GO
Notebooks & Journals,Tenure_Q4,California,-838.5104444444444,11.0,210.80900000000003,-9223.614888888887,-4611.807444444444,-4822.616444444444,-21.87671040821048,NO-GO
Notebooks & Journals,Tenure_Q4,Illinois,199.5686785714286,14.0,680.2,2793.9615000000003,1396.9807500000002,716.7807500000001,2.0537794031167307,GO
Notebooks & Journals,Tenure_Q4,New Jersey,0.0,3.0,23.680999999999997,0.0,0.0,-23.680999999999997,0.0,NO-GO
Notebooks & Journals,Tenure_Q4,New York,49.798571428571414,7.0,200.385,348.5899999999999,174.29499999999996,-26.090000000000032,0.8698006337799734,NO-GO
Notebooks & Journals,Tenure_Q4,Washington DC,0.0,3.0,38.519999999999996,0.0,0.0,-38.519999999999996,0.0,NO-GO
Office,Tenure_Q1,California,156.5068995966155,69.0,1117.7160000000003,10798.97607216647,5399.488036083235,4281.7720360832345,4.8308228888941676,GO
Office,Tenure_Q1,Illinois,244.10711111111107,66.0,1340.6840000000002,16111.069333333331,8055.5346666666655,6714.850666666665,6.0085259961830415,GO
Office,Tenure_Q1,New Jersey,109.9013235294118,23.0,329.02500000000003,2527.7304411764712,1263.8652205882356,934.8402205882355,3.8412437370662884,GO
Office,Tenure_Q1,New York,72.16381302521009,47.0,723.7830000000001,3391.6992121848743,1695.8496060924372,972.066606092437,2.343035973617005,GO
Office,Tenure_Q1,Washington DC,150.46583333333336,9.0,96.46300000000001,1354.1925000000003,677.0962500000002,580.6332500000002,7.019232762820979,GO
Office,Tenure_Q2,California,124.34400922849761,67.0,1109.5049999999999,8331.04861830934,4165.52430915467,3056.01930915467,3.7543988617939266,GO
Office,Tenure_Q2,Illinois,145.24509348385823,66.0,1546.4109999999998,9586.176169934643,4793.088084967321,3246.677084967321,3.099491716605302,GO
Office,Tenure_Q2,New Jersey,142.20695833333332,16.0,417.11099999999993,2275.311333333333,1137.6556666666665,720.5446666666667,2.727465031290632,GO
Office,Tenure_Q2,New York,73.85667006802723,49.0,510.19,3618.976833333334,1809.488416666667,1299.298416666667,3.546695185453786,GO
Office,Tenure_Q2,Washington DC,-108.5425,11.0,188.694,-1193.9675,-596.98375,-785.67775,-3.1637664684621662,NO-GO
Office,Tenure_Q3,California,205.85989748677244,62.0,1586.378,12763.31364417989,6381.656822089945,4795.278822089946,4.022784495303103,GO
Office,Tenure_Q3,Illinois,253.96539910714282,60.0,1673.3809999999999,15237.92394642857,7618.961973214285,5945.580973214284,4.553034827821211,GO
Office,Tenure_Q3,New Jersey,214.2715625,14.0,199.49599999999995,2999.8018749999997,1499.9009374999998,1300.4049375,7.518451184484903,GO
Office,Tenure_Q3,New York,134.25028205128203,36.0,789.704,4833.010153846153,2416.5050769230766,1626.8010769230766,3.0600137227658424,GO
Office,Tenure_Q3,Washington DC,293.35875,12.0,323.89,3520.305,1760.1525,1436.2624999999998,5.4344144616999595,GO
Office,Tenure_Q4,California,270.60335471993284,65.0,2438.321,17589.218056795635,8794.609028397817,6356.2880283978175,3.6068298753108463,GO
Office,Tenure_Q4,Illinois,248.78053238953242,57.0,1986.2199999999998,14180.490346203349,7090.2451731016745,5104.025173101674,3.5697179431793433,GO
Office,Tenure_Q4,New Jersey,605.0869696969697,21.0,1162.744,12706.826363636364,6353.413181818182,5190.669181818183,5.464154776819474,GO
Office,Tenure_Q4,New York,128.20007280219778,55.0,1211.4930000000002,7051.004004120878,3525.502002060439,2314.0090020604384,2.9100473564935485,GO
Office,Tenure_Q4,Washington DC,155.86291666666665,12.0,318.32,1870.3549999999998,935.1774999999999,616.8574999999998,2.937853417944207,GO
Waze,Tenure_Q1,California,-6.801249999999999,10.0,31.771,-68.01249999999999,-34.006249999999994,-65.77725,-1.0703550407604416,NO-GO
Waze,Tenure_Q1,Illinois,45.298939393939406,15.0,60.69800000000001,679.484090909091,339.7420454545455,279.04404545454554,5.597252717627359,GO
Waze,Tenure_Q1,New Jersey,0.0,3.0,7.507,0.0,0.0,-7.507,0.0,NO-GO
Waze,Tenure_Q1,New York,0.5359999999999999,12.0,11.395999999999999,6.431999999999999,3.2159999999999993,-8.18,0.2822042822042822,NO-GO
Waze,Tenure_Q1,Washington DC,155.73,3.0,12.869,467.18999999999994,233.59499999999997,220.72599999999997,18.151760043515424,GO
Waze,Tenure_Q2,California,22.201500000000003,11.0,19.607000000000006,244.21650000000002,122.10825000000001,102.50125,6.22778854490743,GO
Waze,Tenure_Q2,Illinois,5.545833333333334,17.0,40.37,94.27916666666668,47.13958333333334,6.769583333333344,1.1676884650317896,GO
Waze,Tenure_Q2,New Jersey,0.0,2.0,3.7680000000000002,0.0,0.0,-3.7680000000000002,0.0,NO-GO
Waze,Tenure_Q2,New York,16.061666666666664,5.0,15.313000000000002,80.30833333333332,40.15416666666666,24.84116666666666,2.622227301421449,GO
Waze,Tenure_Q2,Washington DC,6.99,2.0,3.394,13.98,6.99,3.596,2.059516794342958,GO
Waze,Tenure_Q3,California,-5.59,14.0,63.322,-78.25999999999999,-39.129999999999995,-102.452,-0.6179526862701745,NO-GO
Waze,Tenure_Q3,Illinois,55.284629629629634,7.0,52.066,386.9924074074074,193.4962037037037,141.4302037037037,3.7163639170226963,GO
Waze,Tenure_Q3,New Jersey,0.0,3.0,5.807,0.0,0.0,-5.807,0.0,NO-GO
Waze,Tenure_Q3,New York,-37.800000000000004,4.0,9.184000000000001,-151.20000000000002,-75.60000000000001,-84.784,-8.231707317073171,NO-GO
Waze,Tenure_Q3,Washington DC,0.0,3.0,2.508,0.0,0.0,-2.508,0.0,NO-GO
Waze,Tenure_Q4,California,8.018333333333336,7.0,17.923000000000002,56.12833333333335,28.064166666666676,10.141166666666674,1.5658185943573437,GO
Waze,Tenure_Q4,Illinois,47.77888888888888,6.0,23.063000000000002,286.6733333333333,143.33666666666664,120.27366666666664,6.215005275405049,GO
Waze,Tenure_Q4,New Jersey,1.6366666666666676,7.0,9.215,11.456666666666674,5.728333333333337,-3.486666666666663,0.6216313980828364,NO-GO
Waze,Tenure_Q4,New York,24.714999999999996,8.0,29.846,197.71999999999997,98.85999999999999,69.01399999999998,3.3123366615291827,GO
Waze,Tenure_Q4,Washington DC,0.0,0.0,0.0,0.0,0.0,0.0,,NO-GO
