customer_id,pred_ltv_180d
12346,-51.97493673708704
12347,1092.0148887139028
12348,431.10765926228953
12350,-98.2984571131487
12356,-51.97493673708704
12359,-46.49789934340744
12370,145.59429328969682
12373,-91.75609146124336
12377,3910.7924679123735
12383,971.7814646491413
12386,23.720717150870048
12388,-50.17295322162645
12393,186.25662837303423
12395,184.49560296172584
12402,-55.70009887339188
12410,-105.91496279714967
12413,11.951216967640484
12414,753.6134580328305
12415,8.825102625580755
12417,652.0284074741512
12421,-61.87042775028113
12422,342.75033310497514
12423,-39.0320667877847
12427,288.1085771130799
12429,-29.095203356048778
12431,1503.6822292009142
12433,2258.5657794275558
12434,-32.79859688624614
12437,1399.9687880766207
12441,14.302271519258898
12451,-53.06554772326853
12464,-102.50212768051308
12468,-73.24198471945718
12471,4988.152699303851
12472,4175.006936048671
12474,2321.6958994647243
12476,1581.8166586489535
12477,-90.05191972300469
12480,-43.15054248801835
12481,2345.4485652919
12483,-39.94588409501606
12484,-42.78874015323551
12489,-42.61014715840492
12490,-48.035756383269465
12494,51.25241920601867
12500,-44.4675113369501
12501,5488.186891451588
12502,-100.35361879168485
12503,-41.40127663049558
12510,-52.78851559146283
12515,-39.18140712130188
12523,-46.28637652351299
12524,129.59532516928292
12527,-51.97493673708704
12528,-83.85191537271182
12530,-42.43306647959052
12539,8391.829724158486
12540,1369.375400454961
12551,-36.79068883278485
12553,904.9884938750768
12557,73.44153496176189
12559,242.13940591708945
12567,2832.6798355512433
12574,-76.65197175773574
12577,-35.03325922328406
12578,3057.862543583908
12583,496.9118707611295
12585,301.49524398106655
12586,-26.14944774357225
12591,-69.15708073827648
12594,-56.32251403094378
12600,276.9257753571934
12601,-45.257564309673434
12605,-29.59591489229049
12609,-66.39036831504818
12621,263.7603514073839
12625,4061.564602198764
12626,3261.772546160698
12637,162.14474261856756
12643,-45.4595755137869
12645,-73.24198471945718
12647,271.5640876474425
12649,-29.511257102658213
12651,-43.7050939534272
12652,675.8190707205819
12662,517.457732937588
12664,-56.95940655122513
12665,56.949032141064436
12666,-34.67858094977488
12668,3108.5709260314657
12672,-48.035756383269465
12673,-50.42250590179076
12676,-94.44401458805112
12678,-39.0320667877847
12681,5338.817956963916
12682,4005.7863759110282
12683,3116.777299756373
12686,-24.19302414296947
12691,281.9229599665976
12693,-61.11597791049491
12705,-37.05646886964529
12708,775.2725296990664
12709,1060.5934212115014
12712,974.6472987769249
12720,2055.0303683954126
12721,656.8206326075841
12724,-46.07680994352925
12725,251.97787055756598
12726,745.6602246770633
12727,-60.01922745257035
12728,-45.66343613763584
12731,5321.5765634684
12734,-39.18140712130188
12735,1451.4746906346254
12736,-45.057377057151925
12738,-24.13662680062631
12744,6704.0821226265125
12747,392.48581108603736
12748,107.46658528564319
12753,58.51011610797125
12754,-105.91496279714967
12755,-29.013410619027237
12763,9.247470931777531
12764,-71.13863653736045
12766,694.5243047590254
12775,320.3518647299638
12778,-86.83576843480947
12779,785.332970805065
12782,1379.8279653805987
12785,-30.560621455843997
12791,-22.708024646498018
12793,461.62140728614025
12797,14.34313583653438
12808,-26.14944774357225
12820,-50.929319432444316
12826,2990.1973093675183
12829,179.32737666039054
12836,3416.209779344952
12838,-22.807982818332366
12839,455.4300506174632
12841,3079.422477580748
12842,-108.328102745777
12853,613.8153373301581
12854,3415.532714101594
12855,-23.426848587709
12865,-34.216845039162806
12867,560.3062241129397
12868,1386.378178756924
12870,-28.532244799105634
12872,663.3857815299136
12875,-31.114123040648916
12877,94.9887170938087
12908,-85.3164613247569
12913,-27.109483390268174
12915,-23.694807460874962
12916,1596.674383269289
12921,1082.0251910837978
12924,-49.439241043750464
12928,-34.914218709938375
12929,-90.89558794044981
12931,3.847255518609616
12935,-61.87042775028113
12939,-43.518635828219665
12942,-28.932081099648673
12944,238.13829849683108
12947,1357.0169040480043
12951,494.2230626348297
12956,-119.2867544867408
12957,11.965618497603879
12963,25.600382692268543
12967,71.94299612301084
12970,-57.61129927821239
12971,1471.7852310117544
12980,103.13238086068095
12989,12.34327919538605
12990,-98.2984571131487
12997,313.1430863624363
13000,-30.02667530821116
13001,56.6746353243733
13002,-66.39036831504818
13004,2012.0171710361876
13008,743.6822620548741
13011,-24.13662680062631
13013,-24.363820743350583
13021,122.92696959769287
13027,-38.302387334961935
13029,-39.0320667877847
13030,-26.89782063300475
13033,-36.92309338393073
13034,-25.88761896977881
13047,710.2442558408503
13048,-49.681358982062825
13049,-66.39036831504818
13050,3477.4476560711914
13064,-49.681358982062825
13065,47.62966584261406
13068,-60.01922745257035
13069,2288.86627321675
13077,-28.611316708279638
13078,830.885482160357
13081,3731.073933136495
13082,-40.904297759016
13089,10007.992028539686
13090,234.5327131608633
13092,-34.44614490780205
13093,3767.6552316136763
13094,50.778085144001416
13097,778.6504996097393
13098,370.56570219402363
13102,2747.305739789693
13104,-38.1597645001699
13107,37.595173589025826
13108,-23.479950965090925
13110,-94.44401458805112
13113,9242.409280510305
13115,43.32116812493891
13117,383.6389587244058
13124,670.8394179134414
13126,476.5512799805428
13136,-29.59591489229049
13137,-107.10705170684594
13138,22.257425820042013
13140,-28.611316708279638
13141,853.0982415843897
13144,-45.257564309673434
13145,-24.13662680062631
13148,7622.913850519031
13155,1186.031581735994
13158,-62.64436645780806
13161,-81.75126521013144
13162,74.31928626897286
13165,-39.3319137067994
13168,-65.9513791980471
13173,-27.46982557352852
13174,7412.818556726185
13178,-33.00899102968917
13183,-43.33379241004842
13187,-42.25747869768764
13198,2021.8677953809936
13199,612.4694678523241
13208,-104.75077599541768
13209,79.4325456585325
13211,-32.59090049159072
13221,-34.44614490780205
13225,172.53263203688883
13230,4708.550174667837
13233,72.17018771672238
13238,-33.65690200738203
13240,-29.177463314990383
13246,110.46921997205457
13253,-40.10243509898114
13255,-22.807982818332366
13263,-52.78851559146283
13266,-35.03325922328406
13267,2724.134174791917
13269,437.3992493357321
13270,-28.611316708279638
13280,3454.677932205809
13284,60.98375368984482
13295,176.77433730604318
13304,-39.48360045079449
13305,-23.586886426909896
13309,-108.328102745777
13310,474.3124770410533
13313,-39.636481484363735
13317,-35.15312559091571
13319,1027.8610020259932
13324,1012.2643842657084
13327,-29.59591489229049
13328,-74.90655596356822
13329,10.885086661543902
13330,-77.25280190617002
13368,-41.569679735332556
13369,173.2312083268867
13370,315.3046657869907
13385,-48.035756383269465
13394,-100.35361879168485
13396,186.72265587641223
13397,-39.94588409501606
13402,-24.13662680062631
13405,-66.39036831504818
13408,2540.512252593984
13418,366.1967586267813
13426,231.96006223348593
13448,216.4621336637305
13451,-44.08294109278421
13455,83.79451671367406
13458,707.5106348469195
13468,2622.352892394325
13473,48.48178669763793
13481,-26.96800337200383
13487,-39.0320667877847
13488,3281.593406957381
13491,1209.868105015298
13494,-90.89558794044981
13495,63.29882314802676
13496,14.288841333621308
13497,-26.282375569753583
13502,-55.091662644662435
13506,506.28826908218355
13520,1102.623696440674
13523,-28.532244799105634
13527,-50.17295322162645
13531,-28.611316708279638
13534,1679.445549614703
13538,-77.25280190617002
13539,-103.61348374294369
13551,-61.87042775028113
13552,-77.25280190617002
13564,1263.5387643743004
13565,-44.08294109278421
13569,-27.324534733205837
13576,469.1339163082386
13579,-26.017869072733504
13581,-103.61348374294369
13584,4549.9458104397445
13593,530.4204018183785
13599,262.2621448549582
13600,-87.6169616913502
13606,-90.89558794044981
13611,-33.99061759269537
13614,-47.58585648443151
13615,1533.487849916941
13627,-36.65924452063745
13629,604.8433428040869
13634,-49.681358982062825
13649,85.14318619593799
13652,-26.14944774357225
13656,-42.08336472872232
13659,541.4693542108233
13668,1799.3088871649436
13672,63.5488311624088
13680,576.4703365734388
13693,-52.78851559146283
13694,1862.8533432875795
13700,27.090169639278994
13703,-64.66973550632532
13705,-22.708024646498018
13707,-79.11582663149235
13709,-79.7578956353385
13715,1275.8683486063344
13725,113.31871810900378
13728,-96.33046590045373
13742,164.17981543712511
13747,-22.708024646498018
13748,-22.608944609366493
13750,-42.43306647959052
13754,-69.64165053950698
13756,267.27572775396743
13758,179.4053636690636
13764,1073.1641673875897
13767,686.6086501013498
13769,607.1293452246633
13777,1695.9797991765327
13782,-49.439241043750464
13784,154.93317806572816
13786,-27.46982557352852
13787,-30.651484851142573
13798,3285.2964398832023
13800,-102.50212768051308
13802,524.6088048192104
13807,-27.690709693461276
13815,477.0276999464841
13817,-39.3319137067994
13819,1044.7915712436698
13824,-97.303929165037
13829,-35.03325922328406
13831,-25.132916909892927
13837,-67.74444778447081
13838,170.6662200134846
13842,804.067977894197
13846,-33.878636580834815
13848,-28.611316708279638
13854,1224.413800013982
13859,243.45410608343184
13862,129.17329779616261
13869,4646.389032406832
13871,-104.75077599541768
13873,-99.3147691616692
13874,-36.27056841705988
13880,-27.46982557352852
13881,-89.22458008402018
13883,-51.70942691619513
13890,18.838754159442427
13894,-97.303929165037
13898,-51.97493673708704
13901,-62.64436645780806
13911,3318.7989720929713
13922,-39.3319137067994
13929,12.760159897786188
13939,207.295747301088
13941,4.009338685936393
13948,-32.69441475815118
13953,-39.18140712130188
13958,-24.08049373333033
13959,-31.494530760923308
13963,1934.3586660327285
13969,661.2974780270855
13982,856.5082209955705
13983,2910.7498671234644
13984,29.47259923121029
13993,-47.36412132712661
13999,1121.1255900604624
14001,-23.01058097172015
14006,-87.6169616913502
14016,-36.92309338393073
14030,4.233274579626646
14031,501.60165644714243
14032,163.43879368922063
14037,-30.29126991757056
14040,4345.923857390489
14044,8837.82018503553
14045,52.10544231759736
14047,35.994342354787506
14049,5264.795916806631
14051,1299.871417669452
14057,113.57132656728038
14060,1284.255154474801
14062,1241.652652638924
14068,-60.01922745257035
14078,-23.01058097172015
14081,-26.017869072733504
14082,-30.114352838374156
14083,652.8944077202265
14085,4300.427571995106
14088,-57.2834442164498
14090,-53.34558009762455
14092,1006.60686864655
14099,977.3350588060327
14101,-50.929319432444316
14107,8.491903090987014
14113,224.29684740086225
14114,-47.36412132712661
14119,-38.446097454664695
14127,-96.33046590045373
14130,-62.254912929473846
14133,125.67281691086617
14135,1138.19020973743
14142,-23.321366204023118
14146,2561.4470908183425
14150,-33.99061759269537
14156,2776.126737627721
14159,-30.927383126646482
14161,-25.567674847628528
14167,-46.92692625841779
14175,497.07268847212504
14176,108.88131186384751
14180,7149.974823262573
14185,-46.71140640592409
14188,-97.303929165037
14189,1829.2613732552531
14194,-113.52517094040745
14201,-34.56196685334545
14205,-29.427087269949453
14206,-32.69441475815118
14209,-45.66343613763584
14210,868.2495055359426
14213,-24.19302414296947
14215,1216.765945873645
14217,266.76459590076206
14220,-36.27056841705988
14221,-40.10243509898114
14224,46.775563910467845
14229,212.4817720315484
14233,1401.9557411575174
14236,-24.19302414296947
14237,-23.01058097172015
14238,-51.18666163630042
14239,-74.34300635051963
14242,-51.70942691619513
14243,1397.8464595432354
14248,-66.39036831504818
14256,-30.29126991757056
14257,-63.03888773270646
14258,-41.40127663049558
14264,-24.13662680062631
14270,-46.28637652351299
14282,-27.324534733205837
14290,24.43431099811396
14292,-51.70942691619513
14293,-26.14944774357225
14295,-45.4595755137869
14298,7956.928840402807
14299,1063.580093233775
14307,968.2780975656724
14309,408.0025730516194
14312,678.1092751424312
14320,580.2392764212793
14321,-44.66237488160722
14329,38.32629265266777
14334,1198.6728668248934
14341,159.14712443694003
14344,11.78526626529831
14355,-29.095203356048778
14368,-60.38027280087443
14373,-36.016063107214656
14388,35.94337477763081
14389,-64.66973550632532
14390,-23.586886426909896
14395,510.1174945392749
14396,-24.653946619724547
14401,312.84737550750873
14404,356.396153844182
14409,850.9570242724565
14410,-119.2867544867408
14411,-95.37738003012933
14413,-31.398549365550174
14414,-35.27382653940533
14415,4075.461538254693
14419,192.6583893420053
14426,1951.3904583788196
14428,-52.78851559146283
14437,-28.932081099648673
14438,680.3443575226706
14439,-60.74582725670312
14440,2027.684323341946
14441,18.672232203732285
14442,1079.511577146401
14443,710.6306288034165
14448,-30.74289623719189
14449,393.6978423296423
14450,-58.27874100005782
14457,-95.37738003012933
14460,-96.33046590045373
14462,4909.9252608925735
14466,339.8042718674274
14467,-85.3164613247569
14472,831.7569636117765
14479,-29.177463314990383
14487,146.27540968073149
14491,29.556516093823834
14496,250.16885451699548
14497,-103.61348374294369
14498,-31.884467804534058
14501,-60.38027280087443
14502,1762.769374115279
14505,1010.4838706393167
14506,-25.822985812662623
14514,-46.92692625841779
14524,-32.79859688624614
14525,143.8496703160739
14527,5562.514716304268
14532,1044.0026134122934
14533,-39.18140712130188
14534,2907.0386871211253
14540,-103.61348374294369
14541,7921.051116606968
14543,1035.083861032101
14544,-31.98348354991359
14548,-66.39036831504818
14549,-92.63395875724855
14553,-40.10243509898114
14560,656.1095126376531
14565,-32.08312359406515
14572,-55.091662644662435
14573,-24.19302414296947
14576,-24.13662680062631
14577,-30.927383126646482
14587,2873.928266302603
14589,-24.30661920389395
14594,214.30701612569828
14595,-81.07531503993907
14600,-119.2867544867408
14606,18737.190882998842
14608,-31.591107651091086
14616,-68.20862947780226
14618,198.98445467475605
14621,-35.51776771062917
14625,683.7834154247854
14627,-90.05191972300469
14639,339.18097257634633
14643,16.246002571576774
14646,3397.0686466049606
14653,-40.741325172216584
14657,-51.44668316267322
14659,-78.48446920052716
14662,-76.0608118082034
14665,-95.37738003012933
14667,6450.976257210916
14669,1105.2536859416516
14672,-43.15054248801835
14673,-27.324534733205837
14679,-24.19302414296947
14680,2043.8395455618454
14684,-31.303157919716625
14688,2346.0860591703927
14692,11.653620707944292
14696,426.6810714427909
14701,-72.70410193502286
14702,2458.100926503043
14708,20.96809302763549
14709,1129.2969348804675
14713,1749.4938122728229
14715,-46.71140640592409
14723,933.1826286253647
14729,271.57417704611964
14732,-39.94588409501606
14733,3001.4203656541677
14735,1322.719623848812
14737,-39.0320667877847
14738,-73.78821884967545
14739,136.36771579031992
14741,145.03943853167053
14744,678.4268890909849
14748,37.09784331897723
14755,-43.89318837966048
14761,-43.7050939534272
14766,88.90770014225231
14769,1211.0830215332805
14770,627.6733529459071
14775,-24.08049373333033
14776,-85.3164613247569
14777,-36.016063107214656
14778,-105.91496279714967
14779,460.5491271715304
14782,-60.74582725670312
14784,-55.091662644662435
14794,-44.274374479565196
14796,5239.428116599632
14798,-98.2984571131487
14800,1642.7903618143366
14805,-80.41096028726155
14810,1655.7806710024508
14813,10.161870491323858
14821,-27.765136729749276
14825,206.9231367849493
14828,-42.43306647959052
14829,60.169208657046966
14841,-35.15312559091571
14842,-113.52517094040745
14849,1645.8527486892344
14850,630.345902248484
14865,-24.13662680062631
14866,-28.611316708279638
14867,317.0081440902114
14871,-33.00899102968917
14878,-35.3953709199511
14889,-43.15054248801835
14895,-56.32251403094378
14896,89.32925722914538
14898,375.90107360610307
14901,192.71066958804778
14907,335.5364532410863
14911,17718.90231927989
14913,-34.67858094977488
14916,-54.49672989542289
14932,-29.095203356048778
14944,-39.18140712130188
14952,57.812973026712555
14961,221.0227580855604
14970,-72.70410193502286
14976,-50.17295322162645
14978,2247.9608634289475
14985,197.80408996986804
14987,-29.095203356048778
15002,735.8370799946699
15005,3554.9339148645786
15012,110.07578221265119
15018,-27.25246939262597
15021,152.6758362193689
15023,1706.6392508597944
15024,2.344855221968754
15028,-26.552363201690373
15032,2.6404262143526864
15033,-48.49444210775316
15034,1108.776432367419
15038,75.99858722770158
15039,11094.391352266493
15044,1426.9682025987127
15046,1005.6508534818244
15048,-26.3493519670756
15052,-62.254912929473846
15057,-76.65197175773574
15058,4482.031111299423
15059,10.6962780878587
15061,2143.267070533471
15062,-34.914218709938375
15070,-23.53329635061165
15078,1728.8899065688056
15079,1976.2638818984312
15081,-27.690709693461276
15090,216.6530631733856
15093,528.8700172436374
15100,193.04983933066825
15101,7.436655241928294
15107,198.94371417762306
15110,-63.438578872547026
15111,-23.586886426909896
15139,-42.61014715840492
15144,-85.3164613247569
15157,11.632852698549616
15159,2345.8318553204513
15160,-36.92309338393073
15164,-39.94588409501606
15165,-23.113245194627098
15167,224.88157558306398
15171,36.10347223086204
15174,-56.32251403094378
15179,1742.7996435707594
15180,-27.543057366900584
15181,7.191775858859829
15189,598.6600840315657
15192,-29.59591489229049
15194,8462.883973391059
15197,9.211811657988125
15199,-112.17649200282617
15203,-91.75609146124336
15204,-36.92309338393073
15208,-39.0320667877847
15211,-29.68106493354598
15213,123.67935554500887
15215,-69.64165053950698
15218,1548.6613689642288
15221,25.095439239639962
15222,-62.254912929473846
15224,31.223999716000744
15226,-96.33046590045373
15227,-69.64165053950698
15235,2586.7531802118724
15240,649.754573197881
15246,-35.15312559091571
15260,-23.586886426909896
15262,-55.394163631205544
15266,-40.741325172216584
15270,-97.303929165037
15271,342.7161881202328
15279,565.9285961699701
15281,264.9193240173072
15288,-29.427087269949453
15290,82.87116416103575
15291,289.9777400924556
15296,2098.748721088301
15298,345.0229779386336
15299,-24.08049373333033
15301,-26.3493519670756
15304,-26.282375569753583
15311,25104.028150005506
15312,148.83547058308886
15316,-50.42250590179076
15326,-44.66237488160722
15329,-29.59591489229049
15332,28.57900151863498
15339,-64.66973550632532
15346,-45.257564309673434
15347,-28.611316708279638
15350,-23.061798038381493
15351,1624.904970351461
15353,-27.25246939262597
15356,761.7049548804831
15358,3743.3938289998955
15361,-31.688285651631322
15363,-23.694807460874962
15365,-79.11582663149235
15366,-36.016063107214656
15370,-45.257564309673434
15373,391.2497725561131
15379,1591.6331599146158
15380,-29.59591489229049
15384,405.88262256428527
15392,65.93492979802723
15394,-35.51776771062917
15395,-51.97493673708704
15415,327.2356276779557
15421,-97.303929165037
15422,22.678645326302192
15426,39.62881531588436
15443,-58.962308101669876
15447,-47.36412132712661
15448,-83.85191537271182
15454,-31.494530760923308
15456,-34.914218709938375
15460,1369.28180309311
15464,3297.556942662831
15465,323.18103341972954
15468,-32.79859688624614
15482,-35.15312559091571
15485,351.5063171032348
15497,34.72255496121036
15498,3694.8216783635166
15502,216.6415309091395
15503,-30.834860634757696
15510,-47.58585648443151
15512,-34.33110697757073
15513,1285.377854373311
15514,660.7603808113296
15518,1342.9023128914635
15525,-23.01058097172015
15527,1273.1871349239275
15529,2376.7401118815455
15532,1039.885590686696
15535,1203.5695749273657
15544,-23.694807460874962
15545,-24.771956118977666
15547,3541.2764492739384
15549,6525.403359359678
15555,717.7959820846032
15562,-39.3319137067994
15563,-35.27382653940533
15569,-45.66343613763584
15570,2938.1833756053693
15574,328.5502093387408
15579,1292.0754638536216
15581,616.8307426875342
15587,-39.3319137067994
15589,-95.37738003012933
15596,984.1660508367913
15601,4465.739793477016
15602,498.02824990510555
15605,-23.061798038381493
15606,-53.914846835096235
15607,-42.61014715840492
15611,-43.518635828219665
15615,998.2760417913977
15620,-35.890164276071026
15626,-48.035756383269465
15628,-27.765136729749276
15640,2293.382290328067
15641,-34.67858094977488
15646,-24.08049373333033
15649,6.776690029925869
15658,654.8503651979648
15660,-28.932081099648673
15661,521.9803672444108
15664,-35.03325922328406
15673,-49.925917110946486
15680,-28.532244799105634
15687,2006.227705903469
15689,-31.688285651631322
15694,697.5370019262564
15696,1457.1359955054452
15708,3359.9642263165224
15713,16.86811861951947
15716,185.62749001392947
15719,7827.49125529121
15723,-30.202549485534444
15727,1323.7848717448333
15732,-23.858567168947186
15738,661.4781477817535
15749,-45.66343613763584
15750,7.639933732037242
15752,-23.426848587709
15759,-36.016063107214656
15769,234.6956788394074
15777,20.768649166963968
15780,-36.79068883278485
15781,-119.2867544867408
15789,-35.890164276071026
15797,-62.254912929473846
15799,-44.08294109278421
15805,-29.85285920524496
15808,5130.054424664158
15811,109.15790566799632
15812,-67.28676924443029
15820,548.5146376787742
15822,-34.56196685334545
15823,231.5044907376361
15827,1021.3379830720448
15831,440.58969478317186
15834,-24.08049373333033
15835,-47.14448800634499
15838,141.4755145501459
15841,-40.260239256059116
15845,-42.25747869768764
15854,612.8262297218623
15856,540.0295028471918
15858,-27.46982557352852
15860,-26.282375569753583
15862,-22.708024646498018
15864,686.7900930250363
15867,3471.505245329056
15880,10.825409228715614
15881,1661.2134027485645
15882,141.25800575307295
15885,-103.61348374294369
15889,-25.88761896977881
15894,193.1260250859766
15898,50.7227759386469
15899,-26.14944774357225
15910,-72.17437491618128
15916,1215.3325094492027
15919,-26.282375569753583
15922,11.80183900196345
15923,-23.64072289228368
15938,-55.091662644662435
15939,449.90333266219534
15940,-94.44401458805112
15945,-29.343401149666498
15950,-34.33110697757073
15953,93.25657735907326
15955,-23.53329635061165
15965,-27.396985750268097
15967,-63.438578872547026
15971,-94.44401458805112
15973,70.45146155012634
15981,-92.63395875724855
15983,439.705121067769
15984,56.69004032602602
15987,-26.14944774357225
15996,122.03116566223854
15998,-31.398549365550174
16003,-34.44614490780205
16010,-31.208350947384666
16011,1437.2944362389562
16013,62.07232942846694
16016,142.48005838504014
16019,362.021120563936
16029,1400.6947123145458
16030,-100.35361879168485
16033,1971.6349103940854
16034,-45.4595755137869
16037,-35.15312559091571
16042,91.63398097167169
16043,-66.83545452302423
16048,-23.21683604482729
16059,446.8269015804756
16062,-30.29126991757056
16065,135.88840020677728
16081,-27.915209076338087
16083,-32.90345342983109
16085,-58.27874100005782
16086,-27.396985750268097
16094,-42.25747869768764
16098,-22.658375590263432
16109,1113.844504049432
16110,8371.785392568581
16112,133.20182506971622
16122,225.2631324470893
16124,389.2158175375745
16125,-27.690709693461276
16133,83.30288388396697
16134,189.48975960742933
16138,-26.96800337200383
16140,-24.595365736015076
16143,248.90088657269746
16145,371.10771266849395
16150,78.89755415782574
16153,-38.01821649596947
16156,-96.33046590045373
16161,3992.2660257642897
16163,-29.68106493354598
16168,73.52864183459009
16186,-23.858567168947186
16191,711.7715369637029
16202,-32.69441475815118
16203,12.22793080590489
16206,-49.439241043750464
16210,902.0284779862127
16218,20.98422346564695
16221,-27.324534733205837
16222,726.77452614859
16233,201.6675146545896
16235,67.85312247050997
16241,1720.6803999373042
16244,315.8926299090009
16250,-22.658375590263432
16252,16.517913671810785
16255,998.4332851636015
16262,-32.90345342983109
16265,-30.02667530821116
16270,-39.0320667877847
16271,-36.016063107214656
16274,-23.21683604482729
16279,-44.4675113369501
16282,-39.79057116773922
16293,-27.543057366900584
16303,-44.858988759734856
16306,131.1696982828217
16315,-47.36412132712661
16316,12.763150808038592
16321,-55.394163631205544
16326,1021.432553658931
16327,1735.4577092199766
16333,-100.35361879168485
16350,363.1395212488831
16351,-45.257564309673434
16353,313.59716055833735
16359,9.435416213958936
16365,16.7979046547737
16367,-31.114123040648916
16378,-96.33046590045373
16385,109.13843476841738
16387,-56.95940655122513
16393,74.24510017331392
16395,1709.2750204533336
16401,-49.439241043750464
16402,391.12708962630387
16403,-86.06907282963274
16405,-99.3147691616692
16407,-86.06907282963274
16409,971.3268857402545
16411,-25.567674847628528
16419,-90.89558794044981
16422,1305.8266971667924
16424,-41.569679735332556
16442,76.39554421661076
16455,118.69183272854377
16456,2460.586323070522
16458,-32.90345342983109
16470,-35.27382653940533
16473,-42.43306647959052
16477,1198.976301338512
16493,-48.035756383269465
16496,-70.63226397273317
16497,1482.5721711941678
16499,56.87153956242378
16500,-47.14448800634499
16503,886.0964246857243
16510,61.00656985900429
16515,-91.75609146124336
16519,-29.511257102658213
16520,80.74391248763082
16523,622.5289808433939
16525,1144.9885531920984
16531,642.9303555016039
16532,-40.41931189138561
16539,187.15035281378786
16546,46.19905883050686
16549,-43.89318837966048
16550,279.10946823838367
16551,-42.43306647959052
16552,-22.908830922904862
16553,1470.8771493154952
16554,-46.49789934340744
16556,-33.547133564118226
16558,968.7240633143067
16560,-35.890164276071026
16565,-30.651484851142573
16567,-42.25747869768764
16570,856.9715021299346
16579,-29.59591489229049
16583,-22.807982818332366
16593,-49.439241043750464
16596,-28.851210839609617
16600,-40.41931189138561
16607,90.71761074962393
16612,-90.05191972300469
16618,530.6524076848588
16634,-24.13662680062631
16638,87.01263971127588
16654,-26.96800337200383
16655,-46.28637652351299
16656,63.12790861908977
16658,-26.82800548491516
16660,-61.11597791049491
16665,-31.494530760923308
16670,620.9102824522324
16676,-41.569679735332556
16679,-28.45361302458212
16684,2415.8670885163287
16686,1292.2006743645127
16700,1308.7819500748203
16701,181.6009262830997
16705,964.3150403919415
16710,258.6282045697748
16711,-36.92309338393073
16713,2324.2458045852527
16714,-68.67945784201609
16716,-94.44401458805112
16717,219.0878320800422
16718,101.67854886340628
16719,1278.6566843840299
16722,209.3526510607156
16725,3813.922254258174
16726,-32.08312359406515
16727,-30.560621455843997
16730,-61.87042775028113
16735,116.08332081481639
16743,-35.3953709199511
16745,2624.147686778785
16746,758.8066109820578
16748,57.67025998124421
16752,-23.64072289228368
16754,-24.13662680062631
16755,-77.25280190617002
16757,-63.438578872547026
16767,-73.24198471945718
16770,2796.6783853232205
16771,4899.05416771278
16775,498.92582934640944
16779,1899.9764633683244
16781,10.39799954130724
16782,3751.4063607122052
16791,-46.07680994352925
16795,210.51092556718302
16805,-33.65690200738203
16810,-32.79859688624614
16812,-33.11521641488498
16814,2424.4418425124213
16816,1225.916751752599
16817,110.47467771968228
16833,-43.89318837966048
16835,-23.373987551306143
16839,488.7853358896044
16843,381.2670219857407
16850,-44.66237488160722
16858,85.35438265257672
16861,-26.96800337200383
16863,33.91539628399359
16873,10.750534943820687
16875,52.45478142054443
16882,-70.13332430654822
16883,-24.24968764362302
16885,-37.19082614664491
16889,-42.43306647959052
16891,617.9164595804303
16892,-55.70009887339188
16893,244.38961067853327
16897,-80.41096028726155
16898,45.05991456008529
16899,-33.547133564118226
16904,1206.7289899733423
16905,-24.24968764362302
16907,-29.68106493354598
16912,-56.32251403094378
16916,-23.74914186285488
16918,509.3045734306003
16919,857.614406230603
16923,4861.748035838563
16926,-24.42129420004355
16927,-31.98348354991359
16928,403.4868673729402
16931,2669.1065121899587
16938,301.39787161643807
16943,-65.9513791980471
16945,-36.27056841705988
16948,-51.97493673708704
16949,-72.17437491618128
16950,-27.543057366900584
16954,-33.99061759269537
16955,169.28500374502698
16983,337.9999641557329
16985,1254.1545916953119
16992,-98.2984571131487
16995,-24.13662680062631
16996,27.854818532953907
16997,201.76168555937534
17001,525.1403594121417
17007,6.3723873377992435
17017,469.6505690956596
17018,-51.70942691619513
17019,1854.0425235005437
17025,62.58100623651247
17026,-25.37950694589675
17027,-68.67945784201609
17033,-34.44614490780205
17035,720.5723583086976
17041,-32.90345342983109
17044,-35.03325922328406
17048,96.68936515616984
17059,389.80652672370053
17062,1706.2409536238608
17064,-49.925917110946486
17068,1648.930020135963
17069,403.0771290503947
17071,-99.3147691616692
17075,-68.20862947780226
17076,-29.939512282910336
17082,315.82053586736646
17085,997.4401609029401
17090,-38.446097454664695
17091,1009.7350329142026
17094,278.225472629427
17095,16.14529833491856
17097,1620.7985046371027
17105,-117.78823511143928
17114,-43.518635828219665
17118,-67.74444778447081
17126,539.9347099226342
17128,-43.7050939534272
17135,-24.19302414296947
17146,-35.3953709199511
17147,-89.22458008402018
17158,273.8820698414681
17179,-32.183393921523184
17180,3457.8660531364862
17181,-22.908830922904862
17188,1257.8574601267524
17189,-35.03325922328406
17191,253.76217634306792
17194,207.69797780980318
17198,274.0260466375312
17204,-38.1597645001699
17211,615.5927931121407
17213,1065.3772917500894
17214,682.7146689934199
17218,1307.2699787822778
17220,2677.116981637812
17223,582.4833445615172
17226,-107.10705170684594
17227,-26.215741708845467
17228,1068.5052413058918
17230,2121.372779464497
17231,2428.0236798807873
17235,-23.74914186285488
17236,733.540472592867
17238,2732.738568894892
17239,1648.9105049616335
17243,1307.0765298481047
17251,-30.834860634757696
17256,-86.83576843480947
17259,270.9515013327393
17262,-28.45361302458212
17277,-57.2834442164498
17284,1544.7934358348648
17287,130.74275128859762
17288,292.4871456593769
17291,-109.5792319278918
17293,656.6010343373728
17303,-32.08312359406515
17306,113.19459816917623
17307,-29.59591489229049
17311,-71.65261426857248
17314,3113.8369189963805
17315,3282.674745378174
17320,-27.109483390268174
17324,492.66734851609834
17329,-79.7578956353385
17334,-104.75077599541768
17337,34495.82369203929
17338,921.135713641016
17339,-29.511257102658213
17340,1788.226339963139
17341,1012.2663460480002
17343,-38.01821649596947
17346,288.075109147462
17356,-90.05191972300469
17358,451.8587043873132
17362,-100.35361879168485
17364,284.880250069793
17365,-45.4595755137869
17368,887.4518419612086
17371,-32.38584975286648
17372,2136.0016668954
17373,-84.5775363161036
17375,1371.202453285385
17376,-93.52974124883174
17377,440.9923903527228
17381,595.1490675991896
17389,1387.8494743606122
17392,1178.5900850743355
17396,-24.19302414296947
17400,-39.18140712130188
17402,730.4319112515535
17404,1942.9913210423736
17406,1744.4830438831173
17411,-29.095203356048778
17412,409.8834310002351
17418,-55.394163631205544
17419,372.9062919365917
17420,-22.658375590263432
17428,518.9366869605308
17430,-29.260194546776756
17431,-82.43912749328008
17442,-29.59591489229049
17446,-97.303929165037
17449,251.4250543685994
17450,946.8158949770119
17454,-34.10335117923592
17456,-29.59591489229049
17457,262.149052877864
17460,84.64776778048812
17463,-83.13923050802613
17470,-27.18078663254763
17491,102.71372636766472
17496,-35.03325922328406
17504,-56.639118532530254
17507,4627.098650146277
17511,5164.4039173595165
17515,-65.9513791980471
17517,1365.3373668267218
17519,20.216585473853723
17524,-32.183393921523184
17525,-34.33110697757073
17526,13.282779706642451
17530,437.38816332710076
17540,-74.34300635051963
17547,-23.858567168947186
17548,-22.708024646498018
17551,-34.67858094977488
17552,-24.19302414296947
17555,-43.7050939534272
17560,-96.33046590045373
17567,-23.913661615261898
17569,270.23168724058604
17572,-23.01058097172015
17576,1788.8530526046745
17580,2704.9995166061603
17581,687.5559330627636
17585,-40.904297759016
17591,2160.672038240558
17593,-39.18140712130188
17596,-26.416673569202977
17602,-54.792537189752295
17604,1860.0260014496648
17609,-49.925917110946486
17611,6179.752091928785
17616,-27.18078663254763
17618,-31.591107651091086
17619,-86.83576843480947
17621,1085.6341334558047
17629,12.238330888056137
17633,-35.03325922328406
17634,-41.569679735332556
17643,-23.1649240041259
17644,-57.94304115774256
17646,-29.511257102658213
17655,11.226814760980236
17659,28.103662704993624
17671,-29.511257102658213
17672,-102.50212768051308
17673,3399.8890036540056
17674,-26.14944774357225
17675,1732.1926232090673
17676,-28.45361302458212
17677,954.0608353205779
17682,-26.75855502483885
17685,1031.038633163231
17690,1657.9701821977173
17691,51.52027386362194
17692,-34.56196685334545
17696,43.716635072327485
17700,-29.59591489229049
17702,-29.427087269949453
17706,-27.915209076338087
17707,-42.78874015323551
17708,-53.34558009762455
17714,-57.94304115774256
17720,-27.25246939262597
17722,1642.0331201020435
17730,22.8516660243187
17732,-23.426848587709
17735,2135.9010777767394
17739,55.999396247636696
17742,-45.257564309673434
17744,310.4723003441656
17752,-35.03325922328406
17757,2013.08476789433
17760,-23.21683604482729
17769,-58.27874100005782
17771,-55.70009887339188
17786,-69.15708073827648
17787,1781.484319315748
17790,258.83266595503727
17796,2779.53251496275
17799,3016.3330498981704
17800,-43.89318837966048
17802,-23.803727844612578
17809,91.96313210043674
17811,5934.535952129022
17812,126.27169674355099
17816,-29.511257102658213
17819,10.562714525549586
17820,-35.03325922328406
17827,108.2598423192087
17838,82.6337109740542
17841,17735.859829702942
17848,136.23536388892578
17849,-44.66237488160722
17850,0.06179835367136985
17855,-23.426848587709
17857,60.44645462032041
17858,1002.9676001115934
17860,-26.48434307250325
17861,-60.74582725670312
17862,-55.394163631205544
17863,1370.9952918354845
17865,137.85912564215778
17869,-27.18078663254763
17870,-27.765136729749276
17873,-23.1649240041259
17880,-30.02667530821116
17884,1878.8179575596098
17888,483.324514800345
17889,-57.94304115774256
17890,3178.12159175604
17894,4029.3317324342997
17897,319.91987204121506
17905,47.05094791265162
17908,-22.757893233147115
17912,888.1762029149606
17913,-37.32617623586581
17917,289.78847062272644
17920,2606.2447694382067
17924,18.266352312533336
17925,-23.426848587709
17929,-105.91496279714967
17937,33.98712915949282
17949,20.2963679363474
17950,-29.59591489229049
17951,68.22283318160852
17954,1383.565377198195
17961,2737.384770401488
17964,-23.74914186285488
17965,1900.537422884466
17967,-24.24968764362302
17968,-22.85829488336694
17969,-32.38584975286648
17975,5621.49167621195
17976,-23.803727844612578
17978,-29.427087269949453
17980,-34.914218709938375
17988,273.8591485281762
17990,203.91874963436715
17999,-28.611316708279638
18004,385.5781627306702
18008,-64.2538934002148
18011,-23.373987551306143
18016,1028.8871873799008
18017,-97.303929165037
18032,-44.08294109278421
18037,16.722319887130805
18041,2102.2878281427265
18043,-28.06692825542466
18044,-33.00899102968917
18050,-34.67858094977488
18055,2611.0647493975107
18061,414.3503118791879
18062,-41.23425669776576
18065,51.60750771439852
18069,-49.681358982062825
18071,-29.013410619027237
18074,-22.658375590263432
18075,1281.7222033770597
18077,1930.2609704731522
18085,607.5760735289565
18092,278.5928803316329
18095,310.5920836413619
18097,148.47634361891795
18102,14.525701381265844
18106,-48.26398471808924
18109,759.1193588714682
18113,-26.416673569202977
18116,757.3417358485236
18118,5223.97938475429
18119,102.42727277893385
18125,5081.791158979326
18136,-61.11597791049491
18141,-32.79859688624614
18144,31.895643703217804
18145,-84.5775363161036
18156,-25.194110485577145
18161,-60.74582725670312
18168,167.05245513047757
18171,-44.4675113369501
18176,12.07577148441705
18178,982.9204684620393
18179,555.5124872227819
18190,15.5996494824088
18193,-28.532244799105634
18198,484.58357179615876
18202,-92.63395875724855
18212,-51.70942691619513
18219,177.29110193714982
18223,1123.5261723977876
18225,23.161042962991676
18226,9.107772620788271
18229,351.6422804741615
18230,7.233200557776212
18233,-51.70942691619513
18239,1084.9303053894969
18245,3826.808832003814
18250,-97.303929165037
18256,-38.01821649596947
18259,-28.45361302458212
18260,762.8322506228944
18269,7.610374970848533
18277,-64.66973550632532
18283,2767.0891604974695
